Infor,size,Increased
GAPIT,47.41,0
Genotype start,47.41,0
Genotype loaded,47.41,0
Before HapMap,47.41,0
after HapMap,54.16,6.75
HapMap,54.16,0
G removed,54.16,0
hm removed,54.16,0
Sampling genotype,54.16,0
set kinship,54.72,0.560000000000002
prepare heatmap,54.76,0.0399999999999991
plot heatmap,62.13,7.37
Before SUPER,54.86,-7.27
Before PCA,54.86,0
PCA,55.48,0.619999999999997
Before creating kinship,55.48,0
after creating kinship,55.48,0
after LD plot,55.48,0
Genotype for all,61.48,6
QC,55.04,-6.44
SagnwichTop,55.04,0
DataProcessing,55.06,0.0200000000000031
cp start,55.06,0
Does this change memory0,55.06,0
cp distance,55.06,0
cp cluster,55.33,0.269999999999996
cp cutree,55.6,0.270000000000003
cp calculation original,57.26,1.66
cp calculation,57.26,0
PreP3D 2_cp,55.62,-1.64
PreP3D 2 bk,56.17,0.550000000000004
PreP3D 2 zc,56.71,0.539999999999999
Prio PreP3D,56.71,0
P3D Start,56.71,0
eig.L,57.81,1.1
eig.R,58.37,0.559999999999995
REML,58.37,0
eig.R removed,57.81,-0.559999999999995
Trait,58.36,0.549999999999997
REML,58.36,0
eig.R removed,58.36,0
REMLE removed,58.36,0
U Matrix,58.36,0
eig.L removed,57.8,-0.560000000000002
New Genotype file,57.8,0
Before cleaning,57.8,0
After cleaning,57.8,0
Memory allocation,57.8,0
ReducdModel,57.8,0
before Dt clean,58.91,1.11
Dt clean,58.9,-0.00999999999999801
BLUP,58.91,0.00999999999999801
PEV,61.74,2.83000000000001
K normal,61.74,0
K set to 1,60.05,-1.69
Screening SNPs,60.05,0
GWAS done for this Trait,60.05,0
Post PreP3D,56.72,-3.33
cp start,57.67,0.950000000000003
Does this change memory0,56.73,-0.940000000000005
cp distance,56.73,0
cp cluster,57,0.270000000000003
cp cutree,57.26,0.259999999999998
cp calculation original,58.77,1.51000000000001
cp calculation,58.77,0
PreP3D 2_cp,56.66,-2.11000000000001
PreP3D 2 bk,56.62,-0.0399999999999991
PreP3D 2 zc,56.6,-0.019999999999996
Prio PreP3D,56.6,0
P3D Start,56.6,0
eig.L,57.68,1.08
eig.R,58.25,0.57
REML,58.25,0
eig.R removed,57.68,-0.57
Trait,58.24,0.560000000000002
REML,58.24,0
eig.R removed,58.24,0
REMLE removed,58.24,0
U Matrix,58.24,0
eig.L removed,57.67,-0.57
New Genotype file,57.67,0
Before cleaning,57.68,0.00999999999999801
After cleaning,57.68,0
Memory allocation,57.68,0
ReducdModel,57.68,0
before Dt clean,58.69,1.01
Dt clean,58.69,0
BLUP,58.69,0
PEV,61.22,2.53
K normal,61.22,0
K set to 1,59.7,-1.52
Screening SNPs,59.7,0
GWAS done for this Trait,59.7,0
Post PreP3D,56.6,-3.1
cp start,57.55,0.949999999999996
Does this change memory0,56.61,-0.939999999999998
cp distance,56.61,0
cp cluster,56.88,0.270000000000003
cp cutree,57.13,0.25
cp calculation original,58.62,1.48999999999999
cp calculation,58.62,0
PreP3D 2_cp,56.6,-2.02
PreP3D 2 bk,56.57,-0.0300000000000011
PreP3D 2 zc,56.55,-0.0200000000000031
Prio PreP3D,56.55,0
P3D Start,56.55,0
eig.L,57.61,1.06
eig.R,58.17,0.560000000000002
REML,58.17,0
eig.R removed,57.61,-0.560000000000002
Trait,58.16,0.549999999999997
REML,58.16,0
eig.R removed,58.16,0
REMLE removed,58.16,0
U Matrix,58.16,0
eig.L removed,57.6,-0.559999999999995
New Genotype file,57.6,0
Before cleaning,57.6,0
After cleaning,57.6,0
Memory allocation,57.6,0
ReducdModel,57.6,0
before Dt clean,58.56,0.960000000000001
Dt clean,58.56,0
BLUP,58.56,0
PEV,61.08,2.52
K normal,61.08,0
K set to 1,59.58,-1.5
Screening SNPs,59.58,0
GWAS done for this Trait,59.58,0
Post PreP3D,56.55,-3.03
cp start,57.5,0.950000000000003
Does this change memory0,56.55,-0.950000000000003
cp distance,56.55,0
cp cluster,56.82,0.270000000000003
cp cutree,57.06,0.240000000000002
cp calculation original,58.41,1.34999999999999
cp calculation,58.41,0
PreP3D 2_cp,56.49,-1.91999999999999
PreP3D 2 bk,56.45,-0.0399999999999991
PreP3D 2 zc,56.43,-0.0200000000000031
Prio PreP3D,56.43,0
P3D Start,56.43,0
eig.L,57.47,1.04
eig.R,58.03,0.560000000000002
REML,58.03,0
eig.R removed,57.47,-0.560000000000002
Trait,58.03,0.560000000000002
REML,58.03,0
eig.R removed,58.03,0
REMLE removed,58.03,0
U Matrix,58.03,0
eig.L removed,57.46,-0.57
New Genotype file,57.46,0
Before cleaning,57.46,0
After cleaning,57.46,0
Memory allocation,57.46,0
ReducdModel,57.47,0.00999999999999801
before Dt clean,58.36,0.890000000000001
Dt clean,58.36,0
BLUP,58.37,0.00999999999999801
PEV,60.58,2.21
K normal,60.58,0
K set to 1,59.22,-1.36
Screening SNPs,59.22,0
GWAS done for this Trait,59.22,0
Post PreP3D,56.43,-2.79
cp start,57.38,0.950000000000003
Does this change memory0,56.43,-0.950000000000003
cp distance,56.44,0.00999999999999801
cp cluster,56.71,0.270000000000003
cp cutree,56.93,0.219999999999999
cp calculation original,58.26,1.33
cp calculation,58.26,0
PreP3D 2_cp,56.43,-1.83
PreP3D 2 bk,56.4,-0.0300000000000011
PreP3D 2 zc,56.38,-0.019999999999996
Prio PreP3D,56.38,0
P3D Start,56.38,0
eig.L,57.4,1.02
eig.R,57.96,0.560000000000002
REML,57.96,0
eig.R removed,57.4,-0.560000000000002
Trait,57.95,0.550000000000004
REML,57.95,0
eig.R removed,57.95,0
REMLE removed,57.95,0
U Matrix,57.95,0
eig.L removed,57.39,-0.560000000000002
New Genotype file,57.39,0
Before cleaning,57.39,0
After cleaning,57.39,0
Memory allocation,57.39,0
ReducdModel,57.39,0
before Dt clean,58.24,0.850000000000001
Dt clean,58.23,-0.0100000000000051
BLUP,58.24,0.0100000000000051
PEV,60.45,2.21
K normal,60.45,0
K set to 1,59.11,-1.34
Screening SNPs,59.11,0
GWAS done for this Trait,59.11,0
Post PreP3D,56.37,-2.74
cp start,57.33,0.960000000000001
Does this change memory0,56.38,-0.949999999999996
cp distance,56.38,0
cp cluster,56.65,0.269999999999996
cp cutree,56.87,0.219999999999999
cp calculation original,58.06,1.19
cp calculation,58.06,0
PreP3D 2_cp,56.31,-1.75
PreP3D 2 bk,56.28,-0.0300000000000011
PreP3D 2 zc,56.26,-0.0200000000000031
Prio PreP3D,56.26,0
P3D Start,56.26,0
eig.L,57.26,1
eig.R,57.83,0.57
REML,57.83,0
eig.R removed,57.26,-0.57
Trait,57.82,0.560000000000002
REML,57.82,0
eig.R removed,57.82,0
REMLE removed,57.82,0
U Matrix,57.82,0
eig.L removed,57.25,-0.57
New Genotype file,57.25,0
Before cleaning,57.26,0.00999999999999801
After cleaning,57.26,0
Memory allocation,57.26,0
ReducdModel,57.26,0
before Dt clean,58.05,0.789999999999999
Dt clean,58.05,0
BLUP,58.05,0
PEV,59.92,1.87
K normal,59.92,0
K set to 1,58.76,-1.16
Screening SNPs,58.76,0
GWAS done for this Trait,58.76,0
Post PreP3D,56.26,-2.5
cp start,57.21,0.950000000000003
Does this change memory0,56.27,-0.939999999999998
cp distance,56.27,0
cp cluster,56.54,0.269999999999996
cp cutree,56.75,0.210000000000001
cp calculation original,57.86,1.11
cp calculation,57.86,0
PreP3D 2_cp,56.26,-1.6
PreP3D 2 bk,56.23,-0.0300000000000011
PreP3D 2 zc,56.21,-0.019999999999996
Prio PreP3D,56.21,0
P3D Start,56.21,0
eig.L,57.19,0.979999999999997
eig.R,57.76,0.57
REML,57.76,0
eig.R removed,57.19,-0.57
Trait,57.75,0.560000000000002
REML,57.75,0
eig.R removed,57.75,0
REMLE removed,57.75,0
U Matrix,57.75,0
eig.L removed,57.18,-0.57
New Genotype file,57.18,0
Before cleaning,57.19,0.00999999999999801
After cleaning,57.19,0
Memory allocation,57.19,0
ReducdModel,57.19,0
before Dt clean,57.93,0.740000000000002
Dt clean,57.92,-0.00999999999999801
BLUP,57.93,0.00999999999999801
PEV,59.71,1.78
K normal,59.71,0
K set to 1,58.6,-1.11
Screening SNPs,58.6,0
GWAS done for this Trait,58.6,0
Post PreP3D,56.21,-2.39
cp start,57.16,0.949999999999996
Does this change memory0,56.22,-0.939999999999998
cp distance,56.22,0
cp cluster,56.49,0.270000000000003
cp cutree,56.69,0.199999999999996
cp calculation original,57.68,0.990000000000002
cp calculation,57.68,0
PreP3D 2_cp,56.15,-1.53
PreP3D 2 bk,56.12,-0.0300000000000011
PreP3D 2 zc,56.1,-0.019999999999996
Prio PreP3D,56.1,0
P3D Start,56.1,0
eig.L,57.06,0.960000000000001
eig.R,57.63,0.57
REML,57.63,0
eig.R removed,57.06,-0.57
Trait,57.62,0.559999999999995
REML,57.62,0
eig.R removed,57.62,0
REMLE removed,57.62,0
U Matrix,57.62,0
eig.L removed,57.05,-0.57
New Genotype file,57.05,0
Before cleaning,57.06,0.0100000000000051
After cleaning,57.06,0
Memory allocation,57.06,0
ReducdModel,57.06,0
before Dt clean,57.75,0.689999999999998
Dt clean,57.74,-0.00999999999999801
BLUP,57.75,0.00999999999999801
PEV,59.28,1.53
K normal,59.28,0
K set to 1,58.28,-1
Screening SNPs,58.28,0
GWAS done for this Trait,58.28,0
Post PreP3D,56.1,-2.18
cp start,57.05,0.949999999999996
Does this change memory0,56.11,-0.939999999999998
cp distance,56.11,0
cp cluster,56.38,0.270000000000003
cp cutree,56.57,0.189999999999998
cp calculation original,57.46,0.890000000000001
cp calculation,57.46,0
PreP3D 2_cp,56.04,-1.42
PreP3D 2 bk,56.02,-0.019999999999996
PreP3D 2 zc,56,-0.0200000000000031
Prio PreP3D,56,0
P3D Start,56,0
eig.L,56.94,0.939999999999998
eig.R,57.51,0.57
REML,57.51,0
eig.R removed,56.94,-0.57
Trait,57.5,0.560000000000002
REML,57.5,0
eig.R removed,57.5,0
REMLE removed,57.5,0
U Matrix,57.5,0
eig.L removed,56.93,-0.57
New Genotype file,56.93,0
Before cleaning,56.94,0.00999999999999801
After cleaning,56.94,0
Memory allocation,56.94,0
ReducdModel,56.94,0
before Dt clean,57.58,0.640000000000001
Dt clean,57.57,-0.00999999999999801
BLUP,57.58,0.00999999999999801
PEV,58.89,1.31
K normal,58.89,0
K set to 1,57.99,-0.899999999999999
Screening SNPs,57.99,0
GWAS done for this Trait,57.99,0
Post PreP3D,55.99,-2
cp start,56.95,0.960000000000001
Does this change memory0,56.01,-0.940000000000005
cp distance,56.01,0
cp cluster,56.28,0.270000000000003
cp cutree,56.46,0.18
cp calculation original,57.27,0.810000000000002
cp calculation,57.27,0
PreP3D 2_cp,55.97,-1.3
PreP3D 2 bk,55.94,-0.0300000000000011
PreP3D 2 zc,55.92,-0.019999999999996
Prio PreP3D,55.92,0
P3D Start,55.93,0.00999999999999801
eig.L,56.85,0.920000000000002
eig.R,57.41,0.559999999999995
REML,57.41,0
eig.R removed,56.85,-0.559999999999995
Trait,57.4,0.549999999999997
REML,57.4,0
eig.R removed,57.4,0
REMLE removed,57.4,0
U Matrix,57.4,0
eig.L removed,56.84,-0.559999999999995
New Genotype file,56.84,0
Before cleaning,56.84,0
After cleaning,56.84,0
Memory allocation,56.84,0
ReducdModel,56.85,0.00999999999999801
before Dt clean,57.44,0.589999999999996
Dt clean,57.43,-0.00999999999999801
BLUP,57.44,0.00999999999999801
PEV,58.61,1.17
K normal,58.61,0
K set to 1,57.79,-0.82
Screening SNPs,57.79,0
GWAS done for this Trait,57.79,0
Post PreP3D,55.92,-1.87
cp start,56.88,0.960000000000001
Does this change memory0,55.93,-0.950000000000003
cp distance,55.94,0.00999999999999801
cp cluster,56.21,0.270000000000003
cp cutree,56.37,0.159999999999997
cp calculation original,57.12,0.75
cp calculation,57.12,0
PreP3D 2_cp,55.9,-1.22
PreP3D 2 bk,55.87,-0.0300000000000011
PreP3D 2 zc,55.85,-0.019999999999996
Prio PreP3D,55.85,0
P3D Start,55.86,0.00999999999999801
eig.L,56.73,0.869999999999997
eig.R,57.29,0.560000000000002
REML,57.29,0
eig.R removed,56.73,-0.560000000000002
Trait,57.28,0.550000000000004
REML,57.28,0
eig.R removed,57.28,0
REMLE removed,57.28,0
U Matrix,57.28,0
eig.L removed,56.75,-0.530000000000001
New Genotype file,56.75,0
Before cleaning,56.75,0
After cleaning,56.75,0
Memory allocation,56.75,0
ReducdModel,56.76,0.00999999999999801
before Dt clean,57.3,0.539999999999999
Dt clean,57.3,0
BLUP,57.3,0
PEV,58.34,1.04000000000001
K normal,58.34,0
K set to 1,57.6,-0.740000000000002
Screening SNPs,57.6,0
GWAS done for this Trait,57.6,0
Post PreP3D,55.85,-1.75
cp start,56.81,0.960000000000001
Does this change memory0,55.86,-0.950000000000003
cp distance,55.87,0.00999999999999801
cp cluster,56.14,0.270000000000003
cp cutree,56.29,0.149999999999999
cp calculation original,56.97,0.68
cp calculation,56.97,0
PreP3D 2_cp,55.83,-1.14
PreP3D 2 bk,55.81,-0.019999999999996
PreP3D 2 zc,55.79,-0.0200000000000031
Prio PreP3D,55.79,0
P3D Start,55.79,0
eig.L,56.64,0.850000000000001
eig.R,57.21,0.57
REML,57.21,0
eig.R removed,56.64,-0.57
Trait,57.2,0.560000000000002
REML,57.2,0
eig.R removed,57.2,0
REMLE removed,57.2,0
U Matrix,57.2,0
eig.L removed,56.66,-0.540000000000006
New Genotype file,56.66,0
Before cleaning,56.67,0.0100000000000051
After cleaning,56.67,0
Memory allocation,56.67,0
ReducdModel,56.67,0
before Dt clean,57.17,0.5
Dt clean,57.17,0
BLUP,57.17,0
PEV,58.09,0.920000000000002
K normal,58.09,0
K set to 1,57.42,-0.670000000000002
Screening SNPs,57.42,0
GWAS done for this Trait,57.42,0
Post PreP3D,55.78,-1.64
cp start,56.74,0.960000000000001
Does this change memory0,55.8,-0.940000000000005
cp distance,55.8,0
cp cluster,56.07,0.270000000000003
cp cutree,56.22,0.149999999999999
cp calculation original,56.83,0.609999999999999
cp calculation,56.83,0
PreP3D 2_cp,55.76,-1.07
PreP3D 2 bk,55.74,-0.019999999999996
PreP3D 2 zc,55.72,-0.0200000000000031
Prio PreP3D,55.72,0
P3D Start,55.73,0.00999999999999801
eig.L,56.56,0.830000000000005
eig.R,57.12,0.559999999999995
REML,57.12,0
eig.R removed,56.56,-0.559999999999995
Trait,57.11,0.549999999999997
REML,57.11,0
eig.R removed,57.11,0
REMLE removed,57.11,0
U Matrix,57.11,0
eig.L removed,56.58,-0.530000000000001
New Genotype file,56.58,0
Before cleaning,56.58,0
After cleaning,56.58,0
Memory allocation,56.58,0
ReducdModel,56.59,0.0100000000000051
before Dt clean,57.04,0.449999999999996
Dt clean,57.04,0
BLUP,57.04,0
PEV,57.85,0.810000000000002
K normal,57.85,0
K set to 1,57.24,-0.609999999999999
Screening SNPs,57.24,0
GWAS done for this Trait,57.24,0
Post PreP3D,55.72,-1.52
cp start,56.68,0.960000000000001
Does this change memory0,55.73,-0.950000000000003
cp distance,55.74,0.0100000000000051
cp cluster,56.01,0.269999999999996
cp cutree,56.15,0.140000000000001
cp calculation original,56.69,0.539999999999999
cp calculation,56.69,0
PreP3D 2_cp,55.7,-0.989999999999995
PreP3D 2 bk,55.68,-0.0200000000000031
PreP3D 2 zc,55.66,-0.0200000000000031
Prio PreP3D,55.66,0
P3D Start,55.67,0.0100000000000051
eig.L,56.48,0.809999999999995
eig.R,57.04,0.560000000000002
REML,57.04,0
eig.R removed,56.48,-0.560000000000002
Trait,57.03,0.550000000000004
REML,57.03,0
eig.R removed,57.03,0
REMLE removed,57.03,0
U Matrix,57.03,0
eig.L removed,56.5,-0.530000000000001
New Genotype file,56.5,0
Before cleaning,56.5,0
After cleaning,56.5,0
Memory allocation,56.5,0
ReducdModel,56.51,0.00999999999999801
before Dt clean,56.92,0.410000000000004
Dt clean,56.92,0
BLUP,56.92,0
PEV,57.62,0.699999999999996
K normal,57.62,0
K set to 1,57.07,-0.549999999999997
Screening SNPs,57.07,0
GWAS done for this Trait,57.07,0
Post PreP3D,55.66,-1.41
cp start,56.62,0.960000000000001
Does this change memory0,55.67,-0.949999999999996
cp distance,55.68,0.00999999999999801
cp cluster,55.95,0.270000000000003
cp cutree,56.07,0.119999999999997
cp calculation original,56.56,0.490000000000002
cp calculation,56.56,0
PreP3D 2_cp,55.64,-0.920000000000002
PreP3D 2 bk,55.62,-0.0200000000000031
PreP3D 2 zc,55.6,-0.019999999999996
Prio PreP3D,55.6,0
P3D Start,55.61,0.00999999999999801
eig.L,56.4,0.789999999999999
eig.R,56.96,0.560000000000002
REML,56.96,0
eig.R removed,56.4,-0.560000000000002
Trait,56.96,0.560000000000002
REML,56.96,0
eig.R removed,56.96,0
REMLE removed,56.96,0
U Matrix,56.96,0
eig.L removed,56.42,-0.539999999999999
New Genotype file,56.42,0
Before cleaning,56.43,0.00999999999999801
After cleaning,56.43,0
Memory allocation,56.43,0
ReducdModel,56.43,0
before Dt clean,56.8,0.369999999999997
Dt clean,56.8,0
BLUP,56.8,0
PEV,57.41,0.609999999999999
K normal,57.41,0
K set to 1,56.92,-0.489999999999995
Screening SNPs,56.92,0
GWAS done for this Trait,56.92,0
Post PreP3D,55.6,-1.32
cp start,56.56,0.960000000000001
Does this change memory0,55.62,-0.940000000000005
cp distance,55.62,0
cp cluster,55.89,0.270000000000003
cp cutree,56.01,0.119999999999997
cp calculation original,56.44,0.43
cp calculation,56.44,0
PreP3D 2_cp,55.58,-0.859999999999999
PreP3D 2 bk,55.57,-0.00999999999999801
PreP3D 2 zc,55.55,-0.0200000000000031
Prio PreP3D,55.55,0
P3D Start,55.56,0.0100000000000051
eig.L,56.33,0.769999999999996
eig.R,56.89,0.560000000000002
REML,56.89,0
eig.R removed,56.33,-0.560000000000002
Trait,56.88,0.550000000000004
REML,56.88,0
eig.R removed,56.88,0
REMLE removed,56.88,0
U Matrix,56.88,0
eig.L removed,56.35,-0.530000000000001
New Genotype file,56.35,0
Before cleaning,56.35,0
After cleaning,56.35,0
Memory allocation,56.35,0
ReducdModel,56.35,0
before Dt clean,56.69,0.339999999999996
Dt clean,56.69,0
BLUP,56.69,0
PEV,57.2,0.510000000000005
K normal,57.2,0
K set to 1,56.77,-0.43
Screening SNPs,56.77,0
GWAS done for this Trait,56.77,0
Post PreP3D,55.54,-1.23
cp start,56.51,0.969999999999999
Does this change memory0,55.56,-0.949999999999996
cp distance,55.57,0.00999999999999801
cp cluster,55.84,0.270000000000003
cp cutree,55.94,0.0999999999999943
cp calculation original,56.32,0.380000000000003
cp calculation,56.32,0
PreP3D 2_cp,55.53,-0.789999999999999
PreP3D 2 bk,55.52,-0.00999999999999801
PreP3D 2 zc,55.5,-0.0200000000000031
Prio PreP3D,55.5,0
P3D Start,55.5,0
eig.L,56.25,0.75
eig.R,56.82,0.57
REML,56.82,0
eig.R removed,56.25,-0.57
Trait,56.81,0.560000000000002
REML,56.81,0
eig.R removed,56.81,0
REMLE removed,56.81,0
U Matrix,56.81,0
eig.L removed,56.28,-0.530000000000001
New Genotype file,56.28,0
Before cleaning,56.28,0
After cleaning,56.28,0
Memory allocation,56.28,0
ReducdModel,56.28,0
before Dt clean,56.58,0.299999999999997
Dt clean,56.58,0
BLUP,56.58,0
PEV,57.01,0.43
K normal,57.01,0
K set to 1,56.63,-0.379999999999995
Screening SNPs,56.63,0
GWAS done for this Trait,56.63,0
Post PreP3D,55.49,-1.14
cp start,56.45,0.960000000000001
Does this change memory0,55.51,-0.940000000000005
cp distance,55.51,0
cp cluster,55.79,0.280000000000001
cp cutree,55.88,0.0900000000000034
cp calculation original,56.21,0.329999999999998
cp calculation,56.21,0
PreP3D 2_cp,55.48,-0.730000000000004
PreP3D 2 bk,55.47,-0.00999999999999801
PreP3D 2 zc,55.45,-0.019999999999996
Prio PreP3D,55.45,0
P3D Start,55.46,0.00999999999999801
eig.L,56.19,0.729999999999997
eig.R,56.75,0.560000000000002
REML,56.75,0
eig.R removed,56.19,-0.560000000000002
Trait,56.74,0.550000000000004
REML,56.74,0
eig.R removed,56.74,0
REMLE removed,56.74,0
U Matrix,56.74,0
eig.L removed,56.21,-0.530000000000001
New Genotype file,56.21,0
Before cleaning,56.21,0
After cleaning,56.21,0
Memory allocation,56.21,0
ReducdModel,56.22,0.00999999999999801
before Dt clean,56.48,0.259999999999998
Dt clean,56.48,0
BLUP,56.48,0
PEV,56.83,0.350000000000001
K normal,56.83,0
K set to 1,56.5,-0.329999999999998
Screening SNPs,56.5,0
GWAS done for this Trait,56.5,0
Post PreP3D,55.44,-1.06
cp start,56.41,0.969999999999999
Does this change memory0,55.46,-0.949999999999996
cp distance,55.47,0.00999999999999801
cp cluster,55.74,0.270000000000003
cp cutree,55.82,0.0799999999999983
cp calculation original,56.1,0.280000000000001
cp calculation,56.1,0
PreP3D 2_cp,55.43,-0.670000000000002
PreP3D 2 bk,55.42,-0.00999999999999801
PreP3D 2 zc,55.4,-0.0200000000000031
Prio PreP3D,55.4,0
P3D Start,55.41,0.00999999999999801
eig.L,56.12,0.710000000000001
eig.R,56.68,0.560000000000002
REML,56.68,0
eig.R removed,56.12,-0.560000000000002
Trait,56.68,0.560000000000002
REML,56.68,0
eig.R removed,56.68,0
REMLE removed,56.68,0
U Matrix,56.68,0
eig.L removed,56.14,-0.539999999999999
New Genotype file,56.14,0
Before cleaning,56.15,0.00999999999999801
After cleaning,56.15,0
Memory allocation,56.15,0
ReducdModel,56.15,0
before Dt clean,56.38,0.230000000000004
Dt clean,56.38,0
BLUP,56.38,0
PEV,56.66,0.279999999999994
K normal,56.66,0
K set to 1,56.38,-0.279999999999994
Screening SNPs,56.38,0
GWAS done for this Trait,56.38,0
Post PreP3D,55.39,-0.990000000000002
cp start,56.36,0.969999999999999
Does this change memory0,55.42,-0.939999999999998
cp distance,55.42,0
cp cluster,55.69,0.269999999999996
cp cutree,55.77,0.0800000000000054
cp calculation original,56,0.229999999999997
cp calculation,56,0
PreP3D 2_cp,55.38,-0.619999999999997
PreP3D 2 bk,55.38,0
PreP3D 2 zc,55.36,-0.0200000000000031
Prio PreP3D,55.36,0
P3D Start,55.37,0.00999999999999801
eig.L,56.06,0.690000000000005
eig.R,56.62,0.559999999999995
REML,56.62,0
eig.R removed,56.06,-0.559999999999995
Trait,56.61,0.549999999999997
REML,56.61,0
eig.R removed,56.61,0
REMLE removed,56.61,0
U Matrix,56.61,0
eig.L removed,56.08,-0.530000000000001
New Genotype file,56.08,0
Before cleaning,56.09,0.0100000000000051
After cleaning,56.09,0
Memory allocation,56.09,0
ReducdModel,56.09,0
before Dt clean,56.29,0.199999999999996
Dt clean,56.28,-0.00999999999999801
BLUP,56.28,0
PEV,56.51,0.229999999999997
K normal,56.51,0
K set to 1,56.27,-0.239999999999995
Screening SNPs,56.27,0
GWAS done for this Trait,56.27,0
Post PreP3D,55.35,-0.920000000000002
cp start,56.32,0.969999999999999
Does this change memory0,55.38,-0.939999999999998
cp distance,55.38,0
cp cluster,55.65,0.269999999999996
cp cutree,55.72,0.0700000000000003
cp calculation original,55.91,0.189999999999998
cp calculation,55.91,0
PreP3D 2_cp,55.34,-0.569999999999993
PreP3D 2 bk,55.34,0
PreP3D 2 zc,55.32,-0.0200000000000031
Prio PreP3D,55.32,0
P3D Start,55.33,0.00999999999999801
eig.L,56,0.670000000000002
eig.R,56.56,0.560000000000002
REML,56.56,0
eig.R removed,56,-0.560000000000002
Trait,56.56,0.560000000000002
REML,56.56,0
eig.R removed,56.56,0
REMLE removed,56.56,0
U Matrix,56.56,0
eig.L removed,56.02,-0.539999999999999
New Genotype file,56.02,0
Before cleaning,56.03,0.00999999999999801
After cleaning,56.03,0
Memory allocation,56.03,0
ReducdModel,56.03,0
before Dt clean,56.2,0.170000000000002
Dt clean,56.19,-0.0100000000000051
BLUP,56.19,0
PEV,56.37,0.18
K normal,56.37,0
K set to 1,56.17,-0.199999999999996
Screening SNPs,56.17,0
GWAS done for this Trait,56.17,0
Post PreP3D,55.31,-0.859999999999999
cp start,56.28,0.969999999999999
Does this change memory0,55.34,-0.939999999999998
cp distance,55.34,0
cp cluster,55.61,0.269999999999996
cp cutree,55.67,0.0600000000000023
cp calculation original,55.82,0.149999999999999
cp calculation,55.82,0
PreP3D 2_cp,55.3,-0.520000000000003
PreP3D 2 bk,55.3,0
PreP3D 2 zc,55.28,-0.019999999999996
Prio PreP3D,55.28,0
P3D Start,55.29,0.00999999999999801
eig.L,55.94,0.649999999999999
eig.R,56.51,0.57
REML,56.51,0
eig.R removed,55.94,-0.57
Trait,56.5,0.560000000000002
REML,56.5,0
eig.R removed,56.5,0
REMLE removed,56.5,0
U Matrix,56.5,0
eig.L removed,55.97,-0.530000000000001
New Genotype file,55.97,0
Before cleaning,55.97,0
After cleaning,55.97,0
Memory allocation,55.97,0
ReducdModel,55.97,0
before Dt clean,56.11,0.140000000000001
Dt clean,56.11,0
BLUP,56.11,0
PEV,56.23,0.119999999999997
K normal,56.23,0
K set to 1,56.08,-0.149999999999999
Screening SNPs,56.08,0
GWAS done for this Trait,56.08,0
Post PreP3D,55.27,-0.809999999999995
cp start,56.24,0.969999999999999
Does this change memory0,55.3,-0.940000000000005
cp distance,55.3,0
cp cluster,55.58,0.280000000000001
cp cutree,55.62,0.0399999999999991
cp calculation original,55.74,0.120000000000005
cp calculation,55.74,0
PreP3D 2_cp,55.27,-0.469999999999999
PreP3D 2 bk,55.27,0
PreP3D 2 zc,55.25,-0.0200000000000031
Prio PreP3D,55.25,0
P3D Start,55.26,0.00999999999999801
eig.L,55.89,0.630000000000003
eig.R,56.45,0.560000000000002
REML,56.45,0
eig.R removed,55.89,-0.560000000000002
Trait,56.45,0.560000000000002
REML,56.45,0
eig.R removed,56.45,0
REMLE removed,56.45,0
U Matrix,56.45,0
eig.L removed,55.91,-0.540000000000006
New Genotype file,55.91,0
Before cleaning,55.92,0.0100000000000051
After cleaning,55.92,0
Memory allocation,55.92,0
ReducdModel,55.92,0
before Dt clean,56.03,0.109999999999999
Dt clean,56.03,0
BLUP,56.03,0
PEV,56.12,0.0899999999999963
K normal,56.12,0
K set to 1,56,-0.119999999999997
Screening SNPs,56,0
GWAS done for this Trait,56,0
Post PreP3D,55.24,-0.759999999999998
cp start,56.21,0.969999999999999
Does this change memory0,55.27,-0.939999999999998
cp distance,55.27,0
cp cluster,55.54,0.269999999999996
cp cutree,55.58,0.0399999999999991
cp calculation original,55.67,0.0900000000000034
cp calculation,55.67,0
PreP3D 2_cp,55.24,-0.43
PreP3D 2 bk,55.24,0
PreP3D 2 zc,55.22,-0.0200000000000031
Prio PreP3D,55.22,0
P3D Start,55.23,0.00999999999999801
eig.L,55.84,0.610000000000007
eig.R,56.4,0.559999999999995
REML,56.4,0
eig.R removed,55.84,-0.559999999999995
Trait,56.4,0.559999999999995
REML,56.4,0
eig.R removed,56.4,0
REMLE removed,56.4,0
U Matrix,56.4,0
eig.L removed,55.86,-0.539999999999999
New Genotype file,55.86,0
Before cleaning,55.87,0.00999999999999801
After cleaning,55.87,0
Memory allocation,55.87,0
ReducdModel,55.87,0
before Dt clean,55.95,0.0800000000000054
Dt clean,55.95,0
BLUP,55.95,0
PEV,56.01,0.0599999999999952
K normal,56.01,0
K set to 1,55.92,-0.0899999999999963
Screening SNPs,55.92,0
GWAS done for this Trait,55.92,0
Post PreP3D,55.21,-0.710000000000001
cp start,59.69,4.48
Does this change memory0,55.27,-4.41999999999999
cp distance,55.27,0
cp cluster,55.54,0.269999999999996
cp cutree,55.81,0.270000000000003
cp calculation original,57.47,1.66
cp calculation,57.47,0
PreP3D 2_cp,55.79,-1.68
PreP3D 2 bk,56.32,0.530000000000001
PreP3D 2 zc,56.8,0.479999999999997
GWAS,57.87,1.07
Final,57.33,-0.539999999999999
GPS,57.34,0.0100000000000051
Compression.Visualization,57.34,0
Extract p3d results,57.34,0
Report,57.35,0.00999999999999801
