Infor,size,Increased
GAPIT,39.95,0
Genotype start,39.95,0
Genotype loaded,39.95,0
Before HapMap,39.96,0.00999999999999801
after HapMap,46.72,6.76
HapMap,46.72,0
G removed,46.72,0
hm removed,46.72,0
Sampling genotype,46.72,0
Before SUPER,46.72,0
Before PCA,46.73,0.00999999999999801
Before creating kinship,46.73,0
Estimating kinship,49.43,2.7
after creating kinship,49.43,0
after LD plot,49.43,0
Genotype for all,49.81,0.380000000000003
QC,51.02,1.21
SagnwichTop,52.23,1.20999999999999
DataProcessing,52.25,0.0200000000000031
Genotype start,52.26,0.00999999999999801
Genotype loaded,52.26,0
Sampling genotype,52.26,0
Before SUPER,52.26,0
Before PCA,52.27,0.0100000000000051
Before creating kinship,52.27,0
after creating kinship,52.27,0
after LD plot,52.27,0
Genotype for burger,52.27,0
GWAS,52.32,0.0499999999999972
GWAS,52.91,0.589999999999996
Final,52.91,0
Extract bread results,53.01,0.100000000000001
Extract GWAS start,53.01,0
MAF filtered,53.16,0.149999999999999
Multiple Correction,53.33,0.170000000000002
QQ plot,54.17,0.840000000000003
Manhattan plot,53.39,-0.780000000000001
Extract GWAS end,53.56,0.170000000000002
Report,53.56,0
