Infor,size,Increased
GAPIT,70.85,0
Genotype start,63.95,-6.89999999999999
Genotype loaded,63.95,0
byFile,63.95,0
Before Fragment,63.95,0
After Fragment,66.25,2.3
END this Fragment,65.28,-0.969999999999999
Before Fragment,65.28,0
After Fragment,66.6,1.31999999999999
END this Fragment,66.64,0.0400000000000063
Before Fragment,66.62,-0.019999999999996
After Fragment,69.95,3.33
END this Fragment,68.13,-1.82000000000001
Sampling genotype,68.13,0
Before SUPER,68.13,0
Before PCA,68.13,0
PCA,68.74,0.609999999999999
Before creating kinship,68.74,0
Estimating kinship,69.38,0.640000000000001
after creating kinship,69.38,0
after LD plot,69.38,0
Genotype for all,68.75,-0.629999999999995
QC,69.7,0.950000000000003
SagnwichTop,69.71,0.00999999999999091
DataProcessing,69.72,0.0100000000000051
cp start,69.72,0
Does this change memory0,69.72,0
cp distance,69.72,0
cp cluster,70.03,0.310000000000002
cp cutree,70.33,0.299999999999997
cp calculation original,72.19,1.86
cp calculation,72.19,0
PreP3D 2_cp,70.35,-1.84
PreP3D 2 bk,70.96,0.609999999999999
PreP3D 2 zc,71.57,0.609999999999999
Prio PreP3D,71.57,0
P3D Start,71.57,0
eig.L,72.76,1.19000000000001
eig.R,73.35,0.589999999999989
REML,73.35,0
eig.R removed,72.76,-0.589999999999989
Trait,73.38,0.61999999999999
REML,73.38,0
eig.R removed,73.38,0
REMLE removed,73.38,0
U Matrix,73.38,0
eig.L removed,72.78,-0.599999999999994
New Genotype file,72.78,0
Before cleaning,72.78,0
After cleaning,72.78,0
Memory allocation,72.78,0
ReducdModel,72.79,0.0100000000000051
before Dt clean,73.98,1.19
Dt clean,73.98,0
BLUP,73.98,0
PEV,77.13,3.14999999999999
K normal,77.13,0
K set to 1,75.28,-1.84999999999999
Screening SNPs,75.28,0
GWAS done for this Trait,75.28,0
Post PreP3D,71.58,-3.7
cp start,71.58,0
Does this change memory0,71.58,0
cp distance,71.59,0.0100000000000051
cp cluster,71.89,0.299999999999997
cp cutree,72.19,0.299999999999997
cp calculation original,73.9,1.71000000000001
cp calculation,73.9,0
PreP3D 2_cp,71.52,-2.38000000000001
PreP3D 2 bk,71.48,-0.039999999999992
PreP3D 2 zc,71.46,-0.0200000000000102
Prio PreP3D,71.46,0
P3D Start,71.46,0
eig.L,72.66,1.2
eig.R,73.29,0.63000000000001
REML,73.29,0
eig.R removed,72.66,-0.63000000000001
Trait,73.28,0.620000000000005
REML,73.28,0
eig.R removed,73.28,0
REMLE removed,73.28,0
U Matrix,73.28,0
eig.L removed,72.65,-0.629999999999995
New Genotype file,72.65,0
Before cleaning,72.66,0.00999999999999091
After cleaning,72.66,0
Memory allocation,72.66,0
ReducdModel,72.66,0
before Dt clean,73.79,1.13000000000001
Dt clean,73.79,0
BLUP,73.8,0.00999999999999091
PEV,76.62,2.82000000000001
K normal,76.62,0
K set to 1,74.93,-1.69
Screening SNPs,74.93,0
GWAS done for this Trait,74.93,0
Post PreP3D,71.46,-3.47000000000001
cp start,71.46,0
Does this change memory0,71.46,0
cp distance,71.46,0
cp cluster,71.77,0.310000000000002
cp cutree,72.05,0.280000000000001
cp calculation original,73.7,1.65000000000001
cp calculation,73.7,0
PreP3D 2_cp,71.46,-2.24000000000001
PreP3D 2 bk,71.42,-0.039999999999992
PreP3D 2 zc,71.4,-0.019999999999996
Prio PreP3D,71.4,0
P3D Start,71.4,0
eig.L,72.59,1.19
eig.R,73.21,0.61999999999999
REML,73.21,0
eig.R removed,72.59,-0.61999999999999
Trait,73.21,0.61999999999999
REML,73.21,0
eig.R removed,73.21,0
REMLE removed,73.21,0
U Matrix,73.21,0
eig.L removed,72.58,-0.629999999999995
New Genotype file,72.58,0
Before cleaning,72.58,0
After cleaning,72.58,0
Memory allocation,72.58,0
ReducdModel,72.58,0
before Dt clean,73.66,1.08
Dt clean,73.66,0
BLUP,73.66,0
PEV,76.36,2.7
K normal,76.36,0
K set to 1,74.72,-1.64
Screening SNPs,74.72,0
GWAS done for this Trait,74.72,0
Post PreP3D,71.4,-3.31999999999999
cp start,71.4,0
Does this change memory0,71.41,0.00999999999999091
cp distance,71.41,0
cp cluster,71.71,0.299999999999997
cp cutree,71.99,0.280000000000001
cp calculation original,73.49,1.5
cp calculation,73.49,0
PreP3D 2_cp,71.32,-2.17
PreP3D 2 bk,71.28,-0.039999999999992
PreP3D 2 zc,71.26,-0.019999999999996
Prio PreP3D,71.26,0
P3D Start,71.26,0
eig.L,72.43,1.17
eig.R,73.05,0.61999999999999
REML,73.05,0
eig.R removed,72.43,-0.61999999999999
Trait,73.04,0.609999999999999
REML,73.04,0
eig.R removed,73.04,0
REMLE removed,73.04,0
U Matrix,73.04,0
eig.L removed,72.42,-0.620000000000005
New Genotype file,72.42,0
Before cleaning,72.42,0
After cleaning,72.42,0
Memory allocation,72.42,0
ReducdModel,72.42,0
before Dt clean,73.44,1.02
Dt clean,73.44,0
BLUP,73.44,0
PEV,75.89,2.45
K normal,75.89,0
K set to 1,74.38,-1.51000000000001
Screening SNPs,74.38,0
GWAS done for this Trait,74.38,0
Post PreP3D,71.26,-3.11999999999999
cp start,71.26,0
Does this change memory0,71.27,0.00999999999999091
cp distance,71.27,0
cp cluster,71.57,0.299999999999997
cp cutree,71.84,0.27000000000001
cp calculation original,73.24,1.39999999999999
cp calculation,73.24,0
PreP3D 2_cp,71.23,-2.00999999999999
PreP3D 2 bk,71.19,-0.0400000000000063
PreP3D 2 zc,71.17,-0.019999999999996
Prio PreP3D,71.17,0
P3D Start,71.17,0
eig.L,72.28,1.11
eig.R,72.87,0.590000000000003
REML,72.87,0
eig.R removed,72.28,-0.590000000000003
Trait,72.9,0.620000000000005
REML,72.9,0
eig.R removed,72.9,0
REMLE removed,72.9,0
U Matrix,72.9,0
eig.L removed,72.3,-0.600000000000009
New Genotype file,72.3,0
Before cleaning,72.3,0
After cleaning,72.3,0
Memory allocation,72.3,0
ReducdModel,72.31,0.0100000000000051
before Dt clean,73.27,0.959999999999994
Dt clean,73.26,-0.00999999999999091
BLUP,73.27,0.00999999999999091
PEV,75.49,2.22
K normal,75.49,0
K set to 1,74.09,-1.39999999999999
Screening SNPs,74.09,0
GWAS done for this Trait,74.09,0
Post PreP3D,71.16,-2.93000000000001
cp start,71.17,0.0100000000000051
Does this change memory0,71.17,0
cp distance,71.17,0
cp cluster,71.48,0.310000000000002
cp cutree,71.73,0.25
cp calculation original,73.04,1.31
cp calculation,73.04,0
PreP3D 2_cp,71.13,-1.91000000000001
PreP3D 2 bk,71.1,-0.0300000000000011
PreP3D 2 zc,71.07,-0.0300000000000011
Prio PreP3D,71.07,0
P3D Start,71.08,0.0100000000000051
eig.L,72.17,1.09
eig.R,72.75,0.579999999999998
REML,72.75,0
eig.R removed,72.17,-0.579999999999998
Trait,72.79,0.620000000000005
REML,72.79,0
eig.R removed,72.79,0
REMLE removed,72.79,0
U Matrix,72.79,0
eig.L removed,72.19,-0.600000000000009
New Genotype file,72.19,0
Before cleaning,72.19,0
After cleaning,72.19,0
Memory allocation,72.19,0
ReducdModel,72.2,0.0100000000000051
before Dt clean,73.1,0.899999999999991
Dt clean,73.09,-0.00999999999999091
BLUP,73.1,0.00999999999999091
PEV,75.14,2.04000000000001
K normal,75.14,0
K set to 1,73.83,-1.31
Screening SNPs,73.83,0
GWAS done for this Trait,73.83,0
Post PreP3D,71.07,-2.76000000000001
cp start,71.08,0.0100000000000051
Does this change memory0,71.08,0
cp distance,71.08,0
cp cluster,71.39,0.310000000000002
cp cutree,71.63,0.239999999999995
cp calculation original,72.85,1.22
cp calculation,72.85,0
PreP3D 2_cp,71.04,-1.80999999999999
PreP3D 2 bk,71.01,-0.0300000000000011
PreP3D 2 zc,70.99,-0.0200000000000102
Prio PreP3D,70.99,0
P3D Start,70.99,0
eig.L,72.06,1.07000000000001
eig.R,72.64,0.579999999999998
REML,72.64,0
eig.R removed,72.06,-0.579999999999998
Trait,72.68,0.620000000000005
REML,72.68,0
eig.R removed,72.68,0
REMLE removed,72.68,0
U Matrix,72.68,0
eig.L removed,72.08,-0.600000000000009
New Genotype file,72.08,0
Before cleaning,72.08,0
After cleaning,72.08,0
Memory allocation,72.08,0
ReducdModel,72.09,0.0100000000000051
before Dt clean,72.93,0.840000000000003
Dt clean,72.93,0
BLUP,72.93,0
PEV,74.8,1.86999999999999
K normal,74.8,0
K set to 1,73.59,-1.20999999999999
Screening SNPs,73.59,0
GWAS done for this Trait,73.59,0
Post PreP3D,70.98,-2.61
cp start,70.99,0.00999999999999091
Does this change memory0,70.99,0
cp distance,71,0.0100000000000051
cp cluster,71.3,0.299999999999997
cp cutree,71.53,0.230000000000004
cp calculation original,72.67,1.14
cp calculation,72.67,0
PreP3D 2_cp,70.95,-1.72
PreP3D 2 bk,70.92,-0.0300000000000011
PreP3D 2 zc,70.9,-0.019999999999996
Prio PreP3D,70.9,0
P3D Start,70.9,0
eig.L,71.95,1.05
eig.R,72.54,0.590000000000003
REML,72.54,0
eig.R removed,71.95,-0.590000000000003
Trait,72.57,0.61999999999999
REML,72.57,0
eig.R removed,72.57,0
REMLE removed,72.57,0
U Matrix,72.57,0
eig.L removed,71.97,-0.599999999999994
New Genotype file,71.97,0
Before cleaning,71.98,0.0100000000000051
After cleaning,71.98,0
Memory allocation,71.98,0
ReducdModel,71.98,0
before Dt clean,72.77,0.789999999999992
Dt clean,72.77,0
BLUP,72.77,0
PEV,74.48,1.71000000000001
K normal,74.48,0
K set to 1,73.35,-1.13000000000001
Screening SNPs,73.35,0
GWAS done for this Trait,73.35,0
Post PreP3D,70.9,-2.44999999999999
cp start,70.91,0.00999999999999091
Does this change memory0,70.91,0
cp distance,70.91,0
cp cluster,71.22,0.310000000000002
cp cutree,71.44,0.219999999999999
cp calculation original,72.49,1.05
cp calculation,72.49,0
PreP3D 2_cp,70.87,-1.61999999999999
PreP3D 2 bk,70.84,-0.0300000000000011
PreP3D 2 zc,70.82,-0.0200000000000102
Prio PreP3D,70.82,0
P3D Start,70.82,0
eig.L,71.85,1.03
eig.R,72.44,0.590000000000003
REML,72.44,0
eig.R removed,71.85,-0.590000000000003
Trait,72.47,0.620000000000005
REML,72.47,0
eig.R removed,72.47,0
REMLE removed,72.47,0
U Matrix,72.47,0
eig.L removed,71.87,-0.599999999999994
New Genotype file,71.87,0
Before cleaning,71.87,0
After cleaning,71.87,0
Memory allocation,71.87,0
ReducdModel,71.88,0.00999999999999091
before Dt clean,72.62,0.740000000000009
Dt clean,72.61,-0.0100000000000051
BLUP,72.62,0.0100000000000051
PEV,74.16,1.53999999999999
K normal,74.16,0
K set to 1,73.12,-1.03999999999999
Screening SNPs,73.12,0
GWAS done for this Trait,73.12,0
Post PreP3D,70.81,-2.31
cp start,70.82,0.00999999999999091
Does this change memory0,70.83,0.0100000000000051
cp distance,70.83,0
cp cluster,71.14,0.310000000000002
cp cutree,71.34,0.200000000000003
cp calculation original,72.31,0.969999999999999
cp calculation,72.31,0
PreP3D 2_cp,70.79,-1.52
PreP3D 2 bk,70.76,-0.0300000000000011
PreP3D 2 zc,70.74,-0.0200000000000102
Prio PreP3D,70.74,0
P3D Start,70.75,0.0100000000000051
eig.L,71.76,1.01000000000001
eig.R,72.34,0.579999999999998
REML,72.34,0
eig.R removed,71.76,-0.579999999999998
Trait,72.37,0.609999999999999
REML,72.37,0
eig.R removed,72.37,0
REMLE removed,72.37,0
U Matrix,72.37,0
eig.L removed,71.78,-0.590000000000003
New Genotype file,71.78,0
Before cleaning,71.78,0
After cleaning,71.78,0
Memory allocation,71.78,0
ReducdModel,71.78,0
before Dt clean,72.48,0.700000000000003
Dt clean,72.48,0
BLUP,72.48,0
PEV,73.89,1.41
K normal,73.89,0
K set to 1,72.92,-0.969999999999999
Screening SNPs,72.92,0
GWAS done for this Trait,72.92,0
Post PreP3D,70.74,-2.18000000000001
cp start,70.75,0.0100000000000051
Does this change memory0,70.75,0
cp distance,70.75,0
cp cluster,71.06,0.310000000000002
cp cutree,71.26,0.200000000000003
cp calculation original,72.15,0.890000000000001
cp calculation,72.15,0
PreP3D 2_cp,70.71,-1.44000000000001
PreP3D 2 bk,70.69,-0.019999999999996
PreP3D 2 zc,70.67,-0.019999999999996
Prio PreP3D,70.67,0
P3D Start,70.67,0
eig.L,71.66,0.989999999999995
eig.R,72.25,0.590000000000003
REML,72.25,0
eig.R removed,71.66,-0.590000000000003
Trait,72.28,0.620000000000005
REML,72.28,0
eig.R removed,72.28,0
REMLE removed,72.28,0
U Matrix,72.28,0
eig.L removed,71.68,-0.599999999999994
New Genotype file,71.68,0
Before cleaning,71.68,0
After cleaning,71.68,0
Memory allocation,71.68,0
ReducdModel,71.69,0.00999999999999091
before Dt clean,72.33,0.640000000000001
Dt clean,72.33,0
BLUP,72.33,0
PEV,73.6,1.27
K normal,73.6,0
K set to 1,72.71,-0.890000000000001
Screening SNPs,72.71,0
GWAS done for this Trait,72.71,0
Post PreP3D,70.66,-2.05
cp start,70.67,0.0100000000000051
Does this change memory0,70.68,0.0100000000000051
cp distance,70.68,0
cp cluster,70.98,0.299999999999997
cp cutree,71.17,0.189999999999998
cp calculation original,71.99,0.819999999999993
cp calculation,71.99,0
PreP3D 2_cp,70.64,-1.34999999999999
PreP3D 2 bk,70.61,-0.0300000000000011
PreP3D 2 zc,70.59,-0.019999999999996
Prio PreP3D,70.59,0
P3D Start,70.6,0.00999999999999091
eig.L,71.56,0.960000000000008
eig.R,72.15,0.590000000000003
REML,72.15,0
eig.R removed,71.56,-0.590000000000003
Trait,72.18,0.620000000000005
REML,72.18,0
eig.R removed,72.18,0
REMLE removed,72.18,0
U Matrix,72.18,0
eig.L removed,71.59,-0.590000000000003
New Genotype file,71.59,0
Before cleaning,71.59,0
After cleaning,71.59,0
Memory allocation,71.59,0
ReducdModel,71.59,0
before Dt clean,72.19,0.599999999999994
Dt clean,72.19,0
BLUP,72.19,0
PEV,73.32,1.13
K normal,73.32,0
K set to 1,72.51,-0.809999999999988
Screening SNPs,72.51,0
GWAS done for this Trait,72.51,0
Post PreP3D,70.59,-1.92
cp start,70.6,0.00999999999999091
Does this change memory0,70.6,0
cp distance,70.61,0.0100000000000051
cp cluster,70.91,0.299999999999997
cp cutree,71.09,0.180000000000007
cp calculation original,71.83,0.739999999999995
cp calculation,71.83,0
PreP3D 2_cp,70.57,-1.26000000000001
PreP3D 2 bk,70.54,-0.0299999999999869
PreP3D 2 zc,70.52,-0.0200000000000102
Prio PreP3D,70.52,0
P3D Start,70.53,0.0100000000000051
eig.L,71.47,0.939999999999998
eig.R,72.06,0.590000000000003
REML,72.06,0
eig.R removed,71.47,-0.590000000000003
Trait,72.09,0.620000000000005
REML,72.09,0
eig.R removed,72.09,0
REMLE removed,72.09,0
U Matrix,72.09,0
eig.L removed,71.5,-0.590000000000003
New Genotype file,71.5,0
Before cleaning,71.5,0
After cleaning,71.5,0
Memory allocation,71.5,0
ReducdModel,71.5,0
before Dt clean,72.05,0.549999999999997
Dt clean,72.05,0
BLUP,72.05,0
PEV,73.06,1.01000000000001
K normal,73.06,0
K set to 1,72.32,-0.740000000000009
Screening SNPs,72.32,0
GWAS done for this Trait,72.32,0
Post PreP3D,70.52,-1.8
cp start,70.53,0.0100000000000051
Does this change memory0,70.53,0
cp distance,70.54,0.0100000000000051
cp cluster,70.84,0.299999999999997
cp cutree,71.01,0.170000000000002
cp calculation original,71.68,0.670000000000002
cp calculation,71.68,0
PreP3D 2_cp,70.5,-1.18000000000001
PreP3D 2 bk,70.48,-0.019999999999996
PreP3D 2 zc,70.46,-0.0200000000000102
Prio PreP3D,70.46,0
P3D Start,70.46,0
eig.L,71.39,0.930000000000007
eig.R,71.97,0.579999999999998
REML,71.97,0
eig.R removed,71.39,-0.579999999999998
Trait,72,0.609999999999999
REML,72,0
eig.R removed,72,0
REMLE removed,72,0
U Matrix,72,0
eig.L removed,71.41,-0.590000000000003
New Genotype file,71.41,0
Before cleaning,71.41,0
After cleaning,71.41,0
Memory allocation,71.41,0
ReducdModel,71.41,0
before Dt clean,71.92,0.510000000000005
Dt clean,71.92,0
BLUP,71.92,0
PEV,72.81,0.890000000000001
K normal,72.81,0
K set to 1,72.13,-0.680000000000007
Screening SNPs,72.13,0
GWAS done for this Trait,72.13,0
Post PreP3D,70.45,-1.67999999999999
cp start,70.46,0.00999999999999091
Does this change memory0,70.47,0.0100000000000051
cp distance,70.47,0
cp cluster,70.78,0.310000000000002
cp cutree,70.93,0.150000000000006
cp calculation original,71.54,0.609999999999999
cp calculation,71.54,0
PreP3D 2_cp,70.43,-1.11
PreP3D 2 bk,70.41,-0.0200000000000102
PreP3D 2 zc,70.39,-0.019999999999996
Prio PreP3D,70.39,0
P3D Start,70.4,0.0100000000000051
eig.L,71.3,0.899999999999991
eig.R,71.89,0.590000000000003
REML,71.89,0
eig.R removed,71.3,-0.590000000000003
Trait,71.92,0.620000000000005
REML,71.92,0
eig.R removed,71.92,0
REMLE removed,71.92,0
U Matrix,71.92,0
eig.L removed,71.32,-0.600000000000009
New Genotype file,71.32,0
Before cleaning,71.33,0.0100000000000051
After cleaning,71.33,0
Memory allocation,71.33,0
ReducdModel,71.33,0
before Dt clean,71.79,0.460000000000008
Dt clean,71.79,0
BLUP,71.79,0
PEV,72.57,0.779999999999987
K normal,72.57,0
K set to 1,71.96,-0.609999999999999
Screening SNPs,71.96,0
GWAS done for this Trait,71.96,0
Post PreP3D,70.39,-1.56999999999999
cp start,70.4,0.0100000000000051
Does this change memory0,70.4,0
cp distance,70.41,0.00999999999999091
cp cluster,70.71,0.299999999999997
cp cutree,70.86,0.150000000000006
cp calculation original,71.4,0.540000000000006
cp calculation,71.4,0
PreP3D 2_cp,70.37,-1.03
PreP3D 2 bk,70.35,-0.0200000000000102
PreP3D 2 zc,70.33,-0.019999999999996
Prio PreP3D,70.33,0
P3D Start,70.34,0.0100000000000051
eig.L,71.22,0.879999999999995
eig.R,71.81,0.590000000000003
REML,71.81,0
eig.R removed,71.22,-0.590000000000003
Trait,71.84,0.620000000000005
REML,71.84,0
eig.R removed,71.84,0
REMLE removed,71.84,0
U Matrix,71.84,0
eig.L removed,71.24,-0.600000000000009
New Genotype file,71.24,0
Before cleaning,71.25,0.0100000000000051
After cleaning,71.25,0
Memory allocation,71.25,0
ReducdModel,71.25,0
before Dt clean,71.67,0.420000000000002
Dt clean,71.66,-0.0100000000000051
BLUP,71.67,0.0100000000000051
PEV,72.34,0.670000000000002
K normal,72.34,0
K set to 1,71.79,-0.549999999999997
Screening SNPs,71.79,0
GWAS done for this Trait,71.79,0
Post PreP3D,70.32,-1.47000000000001
cp start,70.34,0.0200000000000102
Does this change memory0,70.34,0
cp distance,70.35,0.00999999999999091
cp cluster,70.65,0.300000000000011
cp cutree,70.78,0.129999999999995
cp calculation original,71.27,0.489999999999995
cp calculation,71.27,0
PreP3D 2_cp,70.31,-0.959999999999994
PreP3D 2 bk,70.29,-0.019999999999996
PreP3D 2 zc,70.27,-0.0200000000000102
Prio PreP3D,70.27,0
P3D Start,70.28,0.0100000000000051
eig.L,71.14,0.859999999999999
eig.R,71.73,0.590000000000003
REML,71.73,0
eig.R removed,71.14,-0.590000000000003
Trait,71.76,0.620000000000005
REML,71.76,0
eig.R removed,71.76,0
REMLE removed,71.76,0
U Matrix,71.76,0
eig.L removed,71.16,-0.600000000000009
New Genotype file,71.16,0
Before cleaning,71.17,0.0100000000000051
After cleaning,71.17,0
Memory allocation,71.17,0
ReducdModel,71.17,0
before Dt clean,71.55,0.379999999999995
Dt clean,71.54,-0.00999999999999091
BLUP,71.55,0.00999999999999091
PEV,72.12,0.570000000000007
K normal,72.12,0
K set to 1,71.64,-0.480000000000004
Screening SNPs,71.64,0
GWAS done for this Trait,71.64,0
Post PreP3D,70.26,-1.38
cp start,70.28,0.019999999999996
Does this change memory0,70.29,0.0100000000000051
cp distance,70.29,0
cp cluster,70.59,0.299999999999997
cp cutree,70.72,0.129999999999995
cp calculation original,71.15,0.430000000000007
cp calculation,71.15,0
PreP3D 2_cp,70.25,-0.900000000000006
PreP3D 2 bk,70.24,-0.0100000000000051
PreP3D 2 zc,70.22,-0.019999999999996
Prio PreP3D,70.22,0
P3D Start,70.22,0
eig.L,71.06,0.840000000000003
eig.R,71.65,0.590000000000003
REML,71.65,0
eig.R removed,71.06,-0.590000000000003
Trait,71.68,0.620000000000005
REML,71.68,0
eig.R removed,71.68,0
REMLE removed,71.68,0
U Matrix,71.68,0
eig.L removed,71.09,-0.590000000000003
New Genotype file,71.09,0
Before cleaning,71.09,0
After cleaning,71.09,0
Memory allocation,71.09,0
ReducdModel,71.09,0
before Dt clean,71.43,0.340000000000003
Dt clean,71.43,0
BLUP,71.43,0
PEV,71.92,0.489999999999995
K normal,71.92,0
K set to 1,71.49,-0.430000000000007
Screening SNPs,71.49,0
GWAS done for this Trait,71.49,0
Post PreP3D,70.21,-1.28
cp start,70.22,0.0100000000000051
Does this change memory0,70.23,0.0100000000000051
cp distance,70.23,0
cp cluster,70.54,0.310000000000002
cp cutree,70.65,0.109999999999999
cp calculation original,71.03,0.379999999999995
cp calculation,71.03,0
PreP3D 2_cp,70.2,-0.829999999999998
PreP3D 2 bk,70.19,-0.0100000000000051
PreP3D 2 zc,70.16,-0.0300000000000011
Prio PreP3D,70.16,0
P3D Start,70.17,0.0100000000000051
eig.L,70.99,0.819999999999993
eig.R,71.58,0.590000000000003
REML,71.58,0
eig.R removed,70.99,-0.590000000000003
Trait,71.61,0.620000000000005
REML,71.61,0
eig.R removed,71.61,0
REMLE removed,71.61,0
U Matrix,71.61,0
eig.L removed,71.02,-0.590000000000003
New Genotype file,71.02,0
Before cleaning,71.02,0
After cleaning,71.02,0
Memory allocation,71.02,0
ReducdModel,71.02,0
before Dt clean,71.32,0.299999999999997
Dt clean,71.32,0
BLUP,71.32,0
PEV,71.73,0.410000000000011
K normal,71.73,0
K set to 1,71.35,-0.38000000000001
Screening SNPs,71.35,0
GWAS done for this Trait,71.35,0
Post PreP3D,70.16,-1.19
cp start,70.17,0.0100000000000051
Does this change memory0,70.18,0.0100000000000051
cp distance,70.18,0
cp cluster,70.49,0.309999999999988
cp cutree,70.59,0.100000000000009
cp calculation original,70.91,0.319999999999993
cp calculation,70.91,0
PreP3D 2_cp,70.14,-0.769999999999996
PreP3D 2 bk,70.14,0
PreP3D 2 zc,70.12,-0.019999999999996
Prio PreP3D,70.12,0
P3D Start,70.12,0
eig.L,70.92,0.799999999999997
eig.R,71.51,0.590000000000003
REML,71.51,0
eig.R removed,70.92,-0.590000000000003
Trait,71.54,0.620000000000005
REML,71.54,0
eig.R removed,71.54,0
REMLE removed,71.54,0
U Matrix,71.54,0
eig.L removed,70.95,-0.590000000000003
New Genotype file,70.95,0
Before cleaning,70.95,0
After cleaning,70.95,0
Memory allocation,70.95,0
ReducdModel,70.95,0
before Dt clean,71.22,0.269999999999996
Dt clean,71.21,-0.0100000000000051
BLUP,71.22,0.0100000000000051
PEV,71.55,0.329999999999998
K normal,71.55,0
K set to 1,71.22,-0.329999999999998
Screening SNPs,71.22,0
GWAS done for this Trait,71.22,0
Post PreP3D,70.11,-1.11
cp start,70.12,0.0100000000000051
Does this change memory0,70.13,0.00999999999999091
cp distance,70.14,0.0100000000000051
cp cluster,70.44,0.299999999999997
cp cutree,70.53,0.0900000000000034
cp calculation original,70.81,0.280000000000001
cp calculation,70.81,0
PreP3D 2_cp,70.1,-0.710000000000008
PreP3D 2 bk,70.09,-0.00999999999999091
PreP3D 2 zc,70.07,-0.0200000000000102
Prio PreP3D,70.07,0
P3D Start,70.08,0.0100000000000051
eig.L,70.86,0.780000000000001
eig.R,71.44,0.579999999999998
REML,71.44,0
eig.R removed,70.86,-0.579999999999998
Trait,71.47,0.609999999999999
REML,71.47,0
eig.R removed,71.47,0
REMLE removed,71.47,0
U Matrix,71.47,0
eig.L removed,70.88,-0.590000000000003
New Genotype file,70.88,0
Before cleaning,70.88,0
After cleaning,70.88,0
Memory allocation,70.88,0
ReducdModel,70.89,0.0100000000000051
before Dt clean,71.11,0.219999999999999
Dt clean,71.11,0
BLUP,71.11,0
PEV,71.38,0.269999999999996
K normal,71.38,0
K set to 1,71.1,-0.280000000000001
Screening SNPs,71.1,0
GWAS done for this Trait,71.1,0
Post PreP3D,70.06,-1.03999999999999
cp start,70.08,0.019999999999996
Does this change memory0,70.09,0.0100000000000051
cp distance,70.09,0
cp cluster,70.4,0.310000000000002
cp cutree,70.47,0.0699999999999932
cp calculation original,70.71,0.239999999999995
cp calculation,70.71,0
PreP3D 2_cp,70.05,-0.659999999999997
PreP3D 2 bk,70.05,0
PreP3D 2 zc,70.03,-0.019999999999996
Prio PreP3D,70.03,0
P3D Start,70.04,0.0100000000000051
eig.L,70.79,0.75
eig.R,71.38,0.589999999999989
REML,71.38,0
eig.R removed,70.79,-0.589999999999989
Trait,71.41,0.61999999999999
REML,71.41,0
eig.R removed,71.41,0
REMLE removed,71.41,0
U Matrix,71.41,0
eig.L removed,70.82,-0.590000000000003
New Genotype file,70.82,0
Before cleaning,70.82,0
After cleaning,70.82,0
Memory allocation,70.82,0
ReducdModel,70.82,0
before Dt clean,71.02,0.200000000000003
Dt clean,71.02,0
BLUP,71.02,0
PEV,71.22,0.200000000000003
K normal,71.22,0
K set to 1,70.99,-0.230000000000004
Screening SNPs,70.99,0
GWAS done for this Trait,70.99,0
Post PreP3D,70.02,-0.969999999999999
cp start,70.04,0.0200000000000102
Does this change memory0,70.05,0.00999999999999091
cp distance,70.05,0
cp cluster,70.35,0.299999999999997
cp cutree,70.42,0.0700000000000074
cp calculation original,70.61,0.189999999999998
cp calculation,70.61,0
PreP3D 2_cp,70.01,-0.599999999999994
PreP3D 2 bk,70.01,0
PreP3D 2 zc,69.99,-0.0200000000000102
Prio PreP3D,69.99,0
P3D Start,70,0.0100000000000051
eig.L,70.73,0.730000000000004
eig.R,71.32,0.589999999999989
REML,71.32,0
eig.R removed,70.73,-0.589999999999989
Trait,71.35,0.61999999999999
REML,71.35,0
eig.R removed,71.35,0
REMLE removed,71.35,0
U Matrix,71.35,0
eig.L removed,70.76,-0.589999999999989
New Genotype file,70.76,0
Before cleaning,70.76,0
After cleaning,70.76,0
Memory allocation,70.76,0
ReducdModel,70.76,0
before Dt clean,70.93,0.170000000000002
Dt clean,70.92,-0.0100000000000051
BLUP,70.93,0.0100000000000051
PEV,71.08,0.149999999999991
K normal,71.08,0
K set to 1,70.89,-0.189999999999998
Screening SNPs,70.89,0
GWAS done for this Trait,70.89,0
Post PreP3D,69.98,-0.909999999999997
cp start,70,0.019999999999996
Does this change memory0,70.01,0.0100000000000051
cp distance,70.01,0
cp cluster,70.31,0.299999999999997
cp cutree,70.37,0.0600000000000023
cp calculation original,70.52,0.149999999999991
cp calculation,70.52,0
PreP3D 2_cp,69.97,-0.549999999999997
PreP3D 2 bk,69.97,0
PreP3D 2 zc,69.95,-0.019999999999996
Prio PreP3D,69.95,0
P3D Start,69.96,0.00999999999999091
eig.L,70.67,0.710000000000008
eig.R,71.26,0.590000000000003
REML,71.26,0
eig.R removed,70.67,-0.590000000000003
Trait,71.29,0.620000000000005
REML,71.29,0
eig.R removed,71.29,0
REMLE removed,71.29,0
U Matrix,71.29,0
eig.L removed,70.7,-0.590000000000003
New Genotype file,70.7,0
Before cleaning,70.7,0
After cleaning,70.7,0
Memory allocation,70.7,0
ReducdModel,70.7,0
before Dt clean,70.84,0.140000000000001
Dt clean,70.84,0
BLUP,70.84,0
PEV,70.95,0.109999999999999
K normal,70.95,0
K set to 1,70.8,-0.150000000000006
Screening SNPs,70.8,0
GWAS done for this Trait,70.8,0
Post PreP3D,69.94,-0.859999999999999
cp start,69.96,0.019999999999996
Does this change memory0,69.97,0.0100000000000051
cp distance,69.97,0
cp cluster,70.28,0.310000000000002
cp cutree,70.33,0.0499999999999972
cp calculation original,70.44,0.109999999999999
cp calculation,70.44,0
PreP3D 2_cp,69.94,-0.5
PreP3D 2 bk,69.94,0
PreP3D 2 zc,69.92,-0.019999999999996
Prio PreP3D,69.92,0
P3D Start,69.93,0.0100000000000051
eig.L,70.62,0.689999999999998
eig.R,71.21,0.589999999999989
REML,71.21,0
eig.R removed,70.62,-0.589999999999989
Trait,71.24,0.61999999999999
REML,71.24,0
eig.R removed,71.24,0
REMLE removed,71.24,0
U Matrix,71.24,0
eig.L removed,70.64,-0.599999999999994
New Genotype file,70.64,0
Before cleaning,70.65,0.0100000000000051
After cleaning,70.65,0
Memory allocation,70.65,0
ReducdModel,70.65,0
before Dt clean,70.76,0.109999999999999
Dt clean,70.75,-0.0100000000000051
BLUP,70.76,0.0100000000000051
PEV,70.83,0.0699999999999932
K normal,70.83,0
K set to 1,70.72,-0.109999999999999
Screening SNPs,70.72,0
GWAS done for this Trait,70.72,0
Post PreP3D,69.91,-0.810000000000002
cp start,69.93,0.0200000000000102
Does this change memory0,69.94,0.00999999999999091
cp distance,69.94,0
cp cluster,70.25,0.310000000000002
cp cutree,70.28,0.0300000000000011
cp calculation original,70.36,0.0799999999999983
cp calculation,70.36,0
PreP3D 2_cp,69.9,-0.459999999999994
PreP3D 2 bk,69.91,0.00999999999999091
PreP3D 2 zc,69.88,-0.0300000000000011
Prio PreP3D,69.88,0
P3D Start,69.89,0.0100000000000051
eig.L,70.57,0.679999999999993
eig.R,71.15,0.580000000000013
REML,71.15,0
eig.R removed,70.57,-0.580000000000013
Trait,71.19,0.620000000000005
REML,71.19,0
eig.R removed,71.19,0
REMLE removed,71.19,0
U Matrix,71.19,0
eig.L removed,70.59,-0.599999999999994
New Genotype file,70.59,0
Before cleaning,70.59,0
After cleaning,70.59,0
Memory allocation,70.59,0
ReducdModel,70.6,0.00999999999999091
before Dt clean,70.68,0.0800000000000125
Dt clean,70.67,-0.0100000000000051
BLUP,70.68,0.0100000000000051
PEV,70.72,0.039999999999992
K normal,70.72,0
K set to 1,70.64,-0.0799999999999983
Screening SNPs,70.64,0
GWAS done for this Trait,70.64,0
Post PreP3D,69.87,-0.769999999999996
cp start,69.92,0.0499999999999972
Does this change memory0,69.93,0.0100000000000051
cp distance,69.94,0.00999999999999091
cp cluster,70.24,0.299999999999997
cp cutree,70.35,0.109999999999999
cp calculation original,70.73,0.38000000000001
cp calculation,70.73,0
PreP3D 2_cp,69.97,-0.760000000000005
PreP3D 2 bk,70.06,0.0900000000000034
PreP3D 2 zc,70.21,0.149999999999991
GWAS,70.76,0.550000000000011
Final,70.91,0.149999999999991
GPS,70.92,0.0100000000000051
Compression.Visualization,70.92,0
Extract p3d results,70.92,0
Extract GWAS start,70.93,0.0100000000000051
MAF filtered,71.09,0.159999999999997
Multiple Correction,71.27,0.179999999999993
QQ plot,71.27,0
Manhattan plot,71.32,0.0499999999999972
Extract GWAS end,71.49,0.170000000000002
Report,71.49,0
