Infor,size,Increased
GAPIT,62.21,0
Genotype start,62.02,-0.189999999999998
Genotype loaded,62.02,0
Before HapMap,62.02,0
after HapMap,68.91,6.88999999999999
HapMap,68.91,0
G removed,68.91,0
hm removed,68.91,0
Sampling genotype,68.91,0
Before SUPER,68.91,0
Before PCA,68.91,0
PCA,69.53,0.620000000000005
Before creating kinship,69.53,0
Estimating kinship,70.16,0.629999999999995
after creating kinship,70.16,0
after LD plot,70.16,0
Genotype for all,69.53,-0.629999999999995
QC,70.35,0.819999999999993
SagnwichTop,70.35,0
DataProcessing,70.37,0.0200000000000102
cp start,70.37,0
Does this change memory0,70.37,0
cp distance,70.37,0
cp cluster,70.67,0.299999999999997
cp cutree,70.98,0.310000000000002
cp calculation original,72.84,1.86
cp calculation,72.84,0
PreP3D 2_cp,71,-1.84
PreP3D 2 bk,71.61,0.609999999999999
PreP3D 2 zc,72.21,0.599999999999994
Prio PreP3D,72.21,0
P3D Start,72.21,0
eig.L,73.41,1.2
eig.R,73.99,0.579999999999998
REML,73.99,0
eig.R removed,73.41,-0.579999999999998
Trait,74.02,0.609999999999999
REML,74.02,0
eig.R removed,74.02,0
REMLE removed,74.02,0
U Matrix,74.02,0
eig.L removed,73.43,-0.589999999999989
New Genotype file,73.43,0
Before cleaning,73.43,0
After cleaning,73.43,0
Memory allocation,73.43,0
ReducdModel,73.43,0
before Dt clean,74.63,1.19999999999999
Dt clean,74.63,0
BLUP,74.63,0
PEV,77.75,3.12
K normal,77.75,0
K set to 1,75.93,-1.81999999999999
Screening SNPs,75.93,0
GWAS done for this Trait,75.93,0
Post PreP3D,72.22,-3.71000000000001
cp start,72.23,0.0100000000000051
Does this change memory0,72.23,0
cp distance,72.23,0
cp cluster,72.54,0.310000000000002
cp cutree,72.83,0.289999999999992
cp calculation original,74.54,1.71000000000001
cp calculation,74.54,0
PreP3D 2_cp,72.17,-2.37
PreP3D 2 bk,72.13,-0.0400000000000063
PreP3D 2 zc,72.1,-0.0300000000000011
Prio PreP3D,72.1,0
P3D Start,72.1,0
eig.L,73.31,1.21000000000001
eig.R,73.93,0.620000000000005
REML,73.93,0
eig.R removed,73.31,-0.620000000000005
Trait,73.93,0.620000000000005
REML,73.93,0
eig.R removed,73.93,0
REMLE removed,73.93,0
U Matrix,73.93,0
eig.L removed,73.3,-0.63000000000001
New Genotype file,73.3,0
Before cleaning,73.3,0
After cleaning,73.3,0
Memory allocation,73.3,0
ReducdModel,73.31,0.0100000000000051
before Dt clean,74.44,1.13
Dt clean,74.44,0
BLUP,74.44,0
PEV,77.26,2.82000000000001
K normal,77.26,0
K set to 1,75.56,-1.7
Screening SNPs,75.56,0
GWAS done for this Trait,75.56,0
Post PreP3D,72.1,-3.46000000000001
cp start,72.11,0.0100000000000051
Does this change memory0,72.11,0
cp distance,72.11,0
cp cluster,72.42,0.310000000000002
cp cutree,72.7,0.280000000000001
cp calculation original,74.34,1.64
cp calculation,74.34,0
PreP3D 2_cp,72.11,-2.23
PreP3D 2 bk,72.07,-0.0400000000000063
PreP3D 2 zc,72.05,-0.019999999999996
Prio PreP3D,72.05,0
P3D Start,72.05,0
eig.L,73.23,1.18000000000001
eig.R,73.86,0.629999999999995
REML,73.86,0
eig.R removed,73.23,-0.629999999999995
Trait,73.85,0.61999999999999
REML,73.85,0
eig.R removed,73.85,0
REMLE removed,73.85,0
U Matrix,73.85,0
eig.L removed,73.22,-0.629999999999995
New Genotype file,73.22,0
Before cleaning,73.23,0.0100000000000051
After cleaning,73.23,0
Memory allocation,73.23,0
ReducdModel,73.23,0
before Dt clean,74.31,1.08
Dt clean,74.31,0
BLUP,74.31,0
PEV,77.01,2.7
K normal,77.01,0
K set to 1,75.37,-1.64
Screening SNPs,75.37,0
GWAS done for this Trait,75.37,0
Post PreP3D,72.05,-3.32000000000001
cp start,72.05,0
Does this change memory0,72.05,0
cp distance,72.05,0
cp cluster,72.36,0.310000000000002
cp cutree,72.63,0.269999999999996
cp calculation original,74.14,1.51000000000001
cp calculation,74.14,0
PreP3D 2_cp,71.97,-2.17
PreP3D 2 bk,71.93,-0.039999999999992
PreP3D 2 zc,71.91,-0.0200000000000102
Prio PreP3D,71.91,0
P3D Start,71.91,0
eig.L,73.07,1.16
eig.R,73.7,0.63000000000001
REML,73.7,0
eig.R removed,73.07,-0.63000000000001
Trait,73.69,0.620000000000005
REML,73.69,0
eig.R removed,73.69,0
REMLE removed,73.69,0
U Matrix,73.69,0
eig.L removed,73.06,-0.629999999999995
New Genotype file,73.06,0
Before cleaning,73.07,0.00999999999999091
After cleaning,73.07,0
Memory allocation,73.07,0
ReducdModel,73.07,0
before Dt clean,74.09,1.02000000000001
Dt clean,74.09,0
BLUP,74.09,0
PEV,76.5,2.41
K normal,76.5,0
K set to 1,75,-1.5
Screening SNPs,75,0
GWAS done for this Trait,75,0
Post PreP3D,71.91,-3.09
cp start,71.91,0
Does this change memory0,71.91,0
cp distance,71.91,0
cp cluster,72.22,0.310000000000002
cp cutree,72.48,0.260000000000005
cp calculation original,73.89,1.41
cp calculation,73.89,0
PreP3D 2_cp,71.87,-2.02
PreP3D 2 bk,71.83,-0.0400000000000063
PreP3D 2 zc,71.81,-0.019999999999996
Prio PreP3D,71.81,0
P3D Start,71.81,0
eig.L,72.93,1.12
eig.R,73.51,0.579999999999998
REML,73.51,0
eig.R removed,72.93,-0.579999999999998
Trait,73.54,0.609999999999999
REML,73.54,0
eig.R removed,73.54,0
REMLE removed,73.54,0
U Matrix,73.54,0
eig.L removed,72.95,-0.590000000000003
New Genotype file,72.95,0
Before cleaning,72.95,0
After cleaning,72.95,0
Memory allocation,72.95,0
ReducdModel,72.95,0
before Dt clean,73.91,0.959999999999994
Dt clean,73.91,0
BLUP,73.92,0.0100000000000051
PEV,76.13,2.20999999999999
K normal,76.13,0
K set to 1,74.74,-1.39
Screening SNPs,74.74,0
GWAS done for this Trait,74.74,0
Post PreP3D,71.81,-2.92999999999999
cp start,71.82,0.00999999999999091
Does this change memory0,71.82,0
cp distance,71.82,0
cp cluster,72.13,0.310000000000002
cp cutree,72.38,0.25
cp calculation original,73.69,1.31
cp calculation,73.69,0
PreP3D 2_cp,71.78,-1.91
PreP3D 2 bk,71.74,-0.0400000000000063
PreP3D 2 zc,71.72,-0.019999999999996
Prio PreP3D,71.72,0
P3D Start,71.72,0
eig.L,72.81,1.09
eig.R,73.4,0.590000000000003
REML,73.4,0
eig.R removed,72.81,-0.590000000000003
Trait,73.43,0.620000000000005
REML,73.43,0
eig.R removed,73.43,0
REMLE removed,73.43,0
U Matrix,73.43,0
eig.L removed,72.84,-0.590000000000003
New Genotype file,72.84,0
Before cleaning,72.84,0
After cleaning,72.84,0
Memory allocation,72.84,0
ReducdModel,72.84,0
before Dt clean,73.74,0.899999999999991
Dt clean,73.74,0
BLUP,73.75,0.0100000000000051
PEV,75.79,2.04000000000001
K normal,75.79,0
K set to 1,74.48,-1.31
Screening SNPs,74.48,0
GWAS done for this Trait,74.48,0
Post PreP3D,71.72,-2.76000000000001
cp start,71.73,0.0100000000000051
Does this change memory0,71.73,0
cp distance,71.73,0
cp cluster,72.04,0.310000000000002
cp cutree,72.28,0.239999999999995
cp calculation original,73.5,1.22
cp calculation,73.5,0
PreP3D 2_cp,71.69,-1.81
PreP3D 2 bk,71.65,-0.039999999999992
PreP3D 2 zc,71.63,-0.0200000000000102
Prio PreP3D,71.63,0
P3D Start,71.63,0
eig.L,72.7,1.07000000000001
eig.R,73.29,0.590000000000003
REML,73.29,0
eig.R removed,72.7,-0.590000000000003
Trait,73.32,0.61999999999999
REML,73.32,0
eig.R removed,73.32,0
REMLE removed,73.32,0
U Matrix,73.32,0
eig.L removed,72.73,-0.589999999999989
New Genotype file,72.73,0
Before cleaning,72.73,0
After cleaning,72.73,0
Memory allocation,72.73,0
ReducdModel,72.73,0
before Dt clean,73.58,0.849999999999994
Dt clean,73.58,0
BLUP,73.58,0
PEV,75.45,1.87
K normal,75.45,0
K set to 1,74.23,-1.22
Screening SNPs,74.23,0
GWAS done for this Trait,74.23,0
Post PreP3D,71.63,-2.60000000000001
cp start,71.64,0.0100000000000051
Does this change memory0,71.64,0
cp distance,71.64,0
cp cluster,71.95,0.310000000000002
cp cutree,72.18,0.230000000000004
cp calculation original,73.31,1.13
cp calculation,73.31,0
PreP3D 2_cp,71.6,-1.71000000000001
PreP3D 2 bk,71.57,-0.0300000000000011
PreP3D 2 zc,71.55,-0.019999999999996
Prio PreP3D,71.55,0
P3D Start,71.55,0
eig.L,72.6,1.05
eig.R,73.18,0.580000000000013
REML,73.18,0
eig.R removed,72.6,-0.580000000000013
Trait,73.22,0.620000000000005
REML,73.22,0
eig.R removed,73.22,0
REMLE removed,73.22,0
U Matrix,73.22,0
eig.L removed,72.62,-0.599999999999994
New Genotype file,72.62,0
Before cleaning,72.62,0
After cleaning,72.62,0
Memory allocation,72.62,0
ReducdModel,72.63,0.00999999999999091
before Dt clean,73.42,0.790000000000006
Dt clean,73.42,0
BLUP,73.42,0
PEV,75.12,1.7
K normal,75.12,0
K set to 1,74,-1.12
Screening SNPs,74,0
GWAS done for this Trait,74,0
Post PreP3D,71.54,-2.45999999999999
cp start,71.55,0.00999999999999091
Does this change memory0,71.56,0.0100000000000051
cp distance,71.56,0
cp cluster,71.86,0.299999999999997
cp cutree,72.08,0.219999999999999
cp calculation original,73.13,1.05
cp calculation,73.13,0
PreP3D 2_cp,71.52,-1.61
PreP3D 2 bk,71.49,-0.0300000000000011
PreP3D 2 zc,71.46,-0.0300000000000011
Prio PreP3D,71.46,0
P3D Start,71.47,0.0100000000000051
eig.L,72.49,1.02
eig.R,73.08,0.590000000000003
REML,73.08,0
eig.R removed,72.49,-0.590000000000003
Trait,73.11,0.620000000000005
REML,73.11,0
eig.R removed,73.11,0
REMLE removed,73.11,0
U Matrix,73.11,0
eig.L removed,72.52,-0.590000000000003
New Genotype file,72.52,0
Before cleaning,72.52,0
After cleaning,72.52,0
Memory allocation,72.52,0
ReducdModel,72.52,0
before Dt clean,73.26,0.740000000000009
Dt clean,73.26,0
BLUP,73.26,0
PEV,74.81,1.55
K normal,74.81,0
K set to 1,73.77,-1.04000000000001
Screening SNPs,73.77,0
GWAS done for this Trait,73.77,0
Post PreP3D,71.46,-2.31
cp start,71.47,0.0100000000000051
Does this change memory0,71.47,0
cp distance,71.48,0.0100000000000051
cp cluster,71.78,0.299999999999997
cp cutree,71.99,0.209999999999994
cp calculation original,72.96,0.969999999999999
cp calculation,72.96,0
PreP3D 2_cp,71.43,-1.52999999999999
PreP3D 2 bk,71.41,-0.0200000000000102
PreP3D 2 zc,71.38,-0.0300000000000011
Prio PreP3D,71.38,0
P3D Start,71.39,0.0100000000000051
eig.L,72.39,1
eig.R,72.98,0.590000000000003
REML,72.98,0
eig.R removed,72.39,-0.590000000000003
Trait,73.01,0.620000000000005
REML,73.01,0
eig.R removed,73.01,0
REMLE removed,73.01,0
U Matrix,73.01,0
eig.L removed,72.42,-0.590000000000003
New Genotype file,72.42,0
Before cleaning,72.42,0
After cleaning,72.42,0
Memory allocation,72.42,0
ReducdModel,72.42,0
before Dt clean,73.11,0.689999999999998
Dt clean,73.11,0
BLUP,73.11,0
PEV,74.51,1.40000000000001
K normal,74.51,0
K set to 1,73.55,-0.960000000000008
Screening SNPs,73.55,0
GWAS done for this Trait,73.55,0
Post PreP3D,71.38,-2.17
cp start,71.39,0.0100000000000051
Does this change memory0,71.4,0.0100000000000051
cp distance,71.4,0
cp cluster,71.7,0.299999999999997
cp cutree,71.9,0.200000000000003
cp calculation original,72.79,0.890000000000001
cp calculation,72.79,0
PreP3D 2_cp,71.36,-1.43000000000001
PreP3D 2 bk,71.33,-0.0300000000000011
PreP3D 2 zc,71.31,-0.019999999999996
Prio PreP3D,71.31,0
P3D Start,71.32,0.00999999999999091
eig.L,72.3,0.980000000000004
eig.R,72.89,0.590000000000003
REML,72.89,0
eig.R removed,72.3,-0.590000000000003
Trait,72.92,0.620000000000005
REML,72.92,0
eig.R removed,72.92,0
REMLE removed,72.92,0
U Matrix,72.92,0
eig.L removed,72.33,-0.590000000000003
New Genotype file,72.33,0
Before cleaning,72.33,0
After cleaning,72.33,0
Memory allocation,72.33,0
ReducdModel,72.33,0
before Dt clean,72.98,0.650000000000006
Dt clean,72.97,-0.0100000000000051
BLUP,72.98,0.0100000000000051
PEV,74.25,1.27
K normal,74.25,0
K set to 1,73.36,-0.890000000000001
Screening SNPs,73.36,0
GWAS done for this Trait,73.36,0
Post PreP3D,71.31,-2.05
cp start,71.32,0.00999999999999091
Does this change memory0,71.32,0
cp distance,71.33,0.0100000000000051
cp cluster,71.63,0.299999999999997
cp cutree,71.82,0.189999999999998
cp calculation original,72.63,0.810000000000002
cp calculation,72.63,0
PreP3D 2_cp,71.28,-1.34999999999999
PreP3D 2 bk,71.26,-0.019999999999996
PreP3D 2 zc,71.24,-0.0200000000000102
Prio PreP3D,71.24,0
P3D Start,71.24,0
eig.L,72.21,0.969999999999999
eig.R,72.8,0.590000000000003
REML,72.8,0
eig.R removed,72.21,-0.590000000000003
Trait,72.83,0.620000000000005
REML,72.83,0
eig.R removed,72.83,0
REMLE removed,72.83,0
U Matrix,72.83,0
eig.L removed,72.23,-0.599999999999994
New Genotype file,72.23,0
Before cleaning,72.24,0.00999999999999091
After cleaning,72.24,0
Memory allocation,72.24,0
ReducdModel,72.24,0
before Dt clean,72.83,0.590000000000003
Dt clean,72.83,0
BLUP,72.83,0
PEV,73.97,1.14
K normal,73.97,0
K set to 1,73.15,-0.819999999999993
Screening SNPs,73.15,0
GWAS done for this Trait,73.15,0
Post PreP3D,71.23,-1.92
cp start,71.25,0.019999999999996
Does this change memory0,71.25,0
cp distance,71.25,0
cp cluster,71.56,0.310000000000002
cp cutree,71.73,0.170000000000002
cp calculation original,72.48,0.75
cp calculation,72.48,0
PreP3D 2_cp,71.21,-1.27000000000001
PreP3D 2 bk,71.19,-0.019999999999996
PreP3D 2 zc,71.17,-0.019999999999996
Prio PreP3D,71.17,0
P3D Start,71.17,0
eig.L,72.12,0.950000000000003
eig.R,72.7,0.579999999999998
REML,72.7,0
eig.R removed,72.12,-0.579999999999998
Trait,72.74,0.61999999999999
REML,72.74,0
eig.R removed,72.74,0
REMLE removed,72.74,0
U Matrix,72.74,0
eig.L removed,72.14,-0.599999999999994
New Genotype file,72.14,0
Before cleaning,72.15,0.0100000000000051
After cleaning,72.15,0
Memory allocation,72.15,0
ReducdModel,72.15,0
before Dt clean,72.7,0.549999999999997
Dt clean,72.69,-0.0100000000000051
BLUP,72.7,0.0100000000000051
PEV,73.7,1
K normal,73.7,0
K set to 1,72.96,-0.740000000000009
Screening SNPs,72.96,0
GWAS done for this Trait,72.96,0
Post PreP3D,71.16,-1.8
cp start,71.18,0.0200000000000102
Does this change memory0,71.18,0
cp distance,71.18,0
cp cluster,71.49,0.309999999999988
cp cutree,71.65,0.160000000000011
cp calculation original,72.33,0.679999999999993
cp calculation,72.33,0
PreP3D 2_cp,71.14,-1.19
PreP3D 2 bk,71.12,-0.019999999999996
PreP3D 2 zc,71.1,-0.0200000000000102
Prio PreP3D,71.1,0
P3D Start,71.11,0.0100000000000051
eig.L,72.03,0.920000000000002
eig.R,72.62,0.590000000000003
REML,72.62,0
eig.R removed,72.03,-0.590000000000003
Trait,72.65,0.620000000000005
REML,72.65,0
eig.R removed,72.65,0
REMLE removed,72.65,0
U Matrix,72.65,0
eig.L removed,72.05,-0.600000000000009
New Genotype file,72.05,0
Before cleaning,72.06,0.0100000000000051
After cleaning,72.06,0
Memory allocation,72.06,0
ReducdModel,72.06,0
before Dt clean,72.56,0.5
Dt clean,72.56,0
BLUP,72.56,0
PEV,73.45,0.890000000000001
K normal,73.45,0
K set to 1,72.78,-0.670000000000002
Screening SNPs,72.78,0
GWAS done for this Trait,72.78,0
Post PreP3D,71.09,-1.69
cp start,71.11,0.019999999999996
Does this change memory0,71.11,0
cp distance,71.12,0.0100000000000051
cp cluster,71.42,0.299999999999997
cp cutree,71.58,0.159999999999997
cp calculation original,72.18,0.600000000000009
cp calculation,72.18,0
PreP3D 2_cp,71.08,-1.10000000000001
PreP3D 2 bk,71.06,-0.019999999999996
PreP3D 2 zc,71.04,-0.019999999999996
Prio PreP3D,71.04,0
P3D Start,71.04,0
eig.L,71.95,0.909999999999997
eig.R,72.53,0.579999999999998
REML,72.53,0
eig.R removed,71.95,-0.579999999999998
Trait,72.56,0.609999999999999
REML,72.56,0
eig.R removed,72.56,0
REMLE removed,72.56,0
U Matrix,72.56,0
eig.L removed,71.97,-0.590000000000003
New Genotype file,71.97,0
Before cleaning,71.97,0
After cleaning,71.97,0
Memory allocation,71.97,0
ReducdModel,71.98,0.0100000000000051
before Dt clean,72.43,0.450000000000003
Dt clean,72.43,0
BLUP,72.43,0
PEV,73.21,0.779999999999987
K normal,73.21,0
K set to 1,72.6,-0.609999999999999
Screening SNPs,72.6,0
GWAS done for this Trait,72.6,0
Post PreP3D,71.03,-1.56999999999999
cp start,71.04,0.0100000000000051
Does this change memory0,71.05,0.00999999999999091
cp distance,71.05,0
cp cluster,71.36,0.310000000000002
cp cutree,71.5,0.140000000000001
cp calculation original,72.05,0.549999999999997
cp calculation,72.05,0
PreP3D 2_cp,71.01,-1.03999999999999
PreP3D 2 bk,71,-0.0100000000000051
PreP3D 2 zc,70.97,-0.0300000000000011
Prio PreP3D,70.97,0
P3D Start,70.98,0.0100000000000051
eig.L,71.86,0.879999999999995
eig.R,72.45,0.590000000000003
REML,72.45,0
eig.R removed,71.86,-0.590000000000003
Trait,72.48,0.620000000000005
REML,72.48,0
eig.R removed,72.48,0
REMLE removed,72.48,0
U Matrix,72.48,0
eig.L removed,71.89,-0.590000000000003
New Genotype file,71.89,0
Before cleaning,71.89,0
After cleaning,71.89,0
Memory allocation,71.89,0
ReducdModel,71.89,0
before Dt clean,72.31,0.420000000000002
Dt clean,72.31,0
BLUP,72.31,0
PEV,72.98,0.670000000000002
K normal,72.98,0
K set to 1,72.44,-0.540000000000006
Screening SNPs,72.44,0
GWAS done for this Trait,72.44,0
Post PreP3D,70.97,-1.47
cp start,70.98,0.0100000000000051
Does this change memory0,70.99,0.00999999999999091
cp distance,70.99,0
cp cluster,71.3,0.310000000000002
cp cutree,71.43,0.13000000000001
cp calculation original,71.92,0.489999999999995
cp calculation,71.92,0
PreP3D 2_cp,70.95,-0.969999999999999
PreP3D 2 bk,70.94,-0.0100000000000051
PreP3D 2 zc,70.92,-0.019999999999996
Prio PreP3D,70.92,0
P3D Start,70.92,0
eig.L,71.78,0.859999999999999
eig.R,72.37,0.590000000000003
REML,72.37,0
eig.R removed,71.78,-0.590000000000003
Trait,72.4,0.620000000000005
REML,72.4,0
eig.R removed,72.4,0
REMLE removed,72.4,0
U Matrix,72.4,0
eig.L removed,71.81,-0.590000000000003
New Genotype file,71.81,0
Before cleaning,71.81,0
After cleaning,71.81,0
Memory allocation,71.81,0
ReducdModel,71.81,0
before Dt clean,72.19,0.379999999999995
Dt clean,72.19,0
BLUP,72.19,0
PEV,72.77,0.579999999999998
K normal,72.77,0
K set to 1,72.28,-0.489999999999995
Screening SNPs,72.28,0
GWAS done for this Trait,72.28,0
Post PreP3D,70.91,-1.37
cp start,70.93,0.0200000000000102
Does this change memory0,70.93,0
cp distance,70.94,0.00999999999999091
cp cluster,71.24,0.299999999999997
cp cutree,71.36,0.120000000000005
cp calculation original,71.79,0.430000000000007
cp calculation,71.79,0
PreP3D 2_cp,70.9,-0.890000000000001
PreP3D 2 bk,70.88,-0.0200000000000102
PreP3D 2 zc,70.86,-0.019999999999996
Prio PreP3D,70.86,0
P3D Start,70.87,0.0100000000000051
eig.L,71.71,0.839999999999989
eig.R,72.3,0.590000000000003
REML,72.3,0
eig.R removed,71.71,-0.590000000000003
Trait,72.33,0.620000000000005
REML,72.33,0
eig.R removed,72.33,0
REMLE removed,72.33,0
U Matrix,72.33,0
eig.L removed,71.73,-0.599999999999994
New Genotype file,71.73,0
Before cleaning,71.74,0.00999999999999091
After cleaning,71.74,0
Memory allocation,71.74,0
ReducdModel,71.74,0
before Dt clean,72.08,0.340000000000003
Dt clean,72.07,-0.0100000000000051
BLUP,72.08,0.0100000000000051
PEV,72.56,0.480000000000004
K normal,72.56,0
K set to 1,72.13,-0.430000000000007
Screening SNPs,72.13,0
GWAS done for this Trait,72.13,0
Post PreP3D,70.85,-1.28
cp start,70.87,0.0200000000000102
Does this change memory0,70.88,0.00999999999999091
cp distance,70.88,0
cp cluster,71.19,0.310000000000002
cp cutree,71.3,0.109999999999999
cp calculation original,71.67,0.370000000000005
cp calculation,71.67,0
PreP3D 2_cp,70.84,-0.829999999999998
PreP3D 2 bk,70.83,-0.0100000000000051
PreP3D 2 zc,70.81,-0.019999999999996
Prio PreP3D,70.81,0
P3D Start,70.82,0.00999999999999091
eig.L,71.64,0.820000000000007
eig.R,72.22,0.579999999999998
REML,72.22,0
eig.R removed,71.64,-0.579999999999998
Trait,72.26,0.620000000000005
REML,72.26,0
eig.R removed,72.26,0
REMLE removed,72.26,0
U Matrix,72.26,0
eig.L removed,71.66,-0.600000000000009
New Genotype file,71.66,0
Before cleaning,71.66,0
After cleaning,71.66,0
Memory allocation,71.66,0
ReducdModel,71.67,0.0100000000000051
before Dt clean,71.97,0.299999999999997
Dt clean,71.96,-0.0100000000000051
BLUP,71.97,0.0100000000000051
PEV,72.37,0.400000000000006
K normal,72.37,0
K set to 1,72,-0.370000000000005
Screening SNPs,72,0
GWAS done for this Trait,72,0
Post PreP3D,70.8,-1.2
cp start,70.82,0.019999999999996
Does this change memory0,70.83,0.0100000000000051
cp distance,70.83,0
cp cluster,71.14,0.310000000000002
cp cutree,71.24,0.0999999999999943
cp calculation original,71.56,0.320000000000007
cp calculation,71.56,0
PreP3D 2_cp,70.79,-0.769999999999996
PreP3D 2 bk,70.78,-0.0100000000000051
PreP3D 2 zc,70.76,-0.019999999999996
Prio PreP3D,70.76,0
P3D Start,70.77,0.00999999999999091
eig.L,71.57,0.799999999999997
eig.R,72.15,0.580000000000013
REML,72.15,0
eig.R removed,71.57,-0.580000000000013
Trait,72.19,0.620000000000005
REML,72.19,0
eig.R removed,72.19,0
REMLE removed,72.19,0
U Matrix,72.19,0
eig.L removed,71.59,-0.599999999999994
New Genotype file,71.59,0
Before cleaning,71.59,0
After cleaning,71.59,0
Memory allocation,71.59,0
ReducdModel,71.6,0.00999999999999091
before Dt clean,71.86,0.260000000000005
Dt clean,71.86,0
BLUP,71.86,0
PEV,72.19,0.329999999999998
K normal,72.19,0
K set to 1,71.87,-0.319999999999993
Screening SNPs,71.87,0
GWAS done for this Trait,71.87,0
Post PreP3D,70.75,-1.12
cp start,70.77,0.019999999999996
Does this change memory0,70.78,0.0100000000000051
cp distance,70.78,0
cp cluster,71.09,0.310000000000002
cp cutree,71.18,0.0900000000000034
cp calculation original,71.45,0.269999999999996
cp calculation,71.45,0
PreP3D 2_cp,70.74,-0.710000000000008
PreP3D 2 bk,70.74,0
PreP3D 2 zc,70.71,-0.0300000000000011
Prio PreP3D,70.71,0
P3D Start,70.72,0.0100000000000051
eig.L,71.5,0.780000000000001
eig.R,72.09,0.590000000000003
REML,72.09,0
eig.R removed,71.5,-0.590000000000003
Trait,72.12,0.620000000000005
REML,72.12,0
eig.R removed,72.12,0
REMLE removed,72.12,0
U Matrix,72.12,0
eig.L removed,71.52,-0.600000000000009
New Genotype file,71.52,0
Before cleaning,71.53,0.0100000000000051
After cleaning,71.53,0
Memory allocation,71.53,0
ReducdModel,71.53,0
before Dt clean,71.76,0.230000000000004
Dt clean,71.76,0
BLUP,71.76,0
PEV,72.02,0.259999999999991
K normal,72.02,0
K set to 1,71.75,-0.269999999999996
Screening SNPs,71.75,0
GWAS done for this Trait,71.75,0
Post PreP3D,70.71,-1.04000000000001
cp start,70.73,0.0200000000000102
Does this change memory0,70.73,0
cp distance,70.74,0.00999999999999091
cp cluster,71.04,0.300000000000011
cp cutree,71.12,0.0799999999999983
cp calculation original,71.35,0.22999999999999
cp calculation,71.35,0
PreP3D 2_cp,70.7,-0.649999999999991
PreP3D 2 bk,70.69,-0.0100000000000051
PreP3D 2 zc,70.67,-0.019999999999996
Prio PreP3D,70.67,0
P3D Start,70.68,0.0100000000000051
eig.L,71.44,0.759999999999991
eig.R,72.02,0.579999999999998
REML,72.02,0
eig.R removed,71.44,-0.579999999999998
Trait,72.06,0.620000000000005
REML,72.06,0
eig.R removed,72.06,0
REMLE removed,72.06,0
U Matrix,72.06,0
eig.L removed,71.46,-0.600000000000009
New Genotype file,71.46,0
Before cleaning,71.46,0
After cleaning,71.46,0
Memory allocation,71.46,0
ReducdModel,71.47,0.0100000000000051
before Dt clean,71.66,0.189999999999998
Dt clean,71.66,0
BLUP,71.66,0
PEV,71.87,0.210000000000008
K normal,71.87,0
K set to 1,71.64,-0.230000000000004
Screening SNPs,71.64,0
GWAS done for this Trait,71.64,0
Post PreP3D,70.66,-0.980000000000004
cp start,70.68,0.0200000000000102
Does this change memory0,70.69,0.00999999999999091
cp distance,70.69,0
cp cluster,71,0.310000000000002
cp cutree,71.07,0.0699999999999932
cp calculation original,71.26,0.190000000000012
cp calculation,71.26,0
PreP3D 2_cp,70.66,-0.600000000000009
PreP3D 2 bk,70.65,-0.00999999999999091
PreP3D 2 zc,70.63,-0.0200000000000102
Prio PreP3D,70.63,0
P3D Start,70.64,0.0100000000000051
eig.L,71.38,0.739999999999995
eig.R,71.96,0.579999999999998
REML,71.96,0
eig.R removed,71.38,-0.579999999999998
Trait,72,0.620000000000005
REML,72,0
eig.R removed,72,0
REMLE removed,72,0
U Matrix,72,0
eig.L removed,71.4,-0.599999999999994
New Genotype file,71.4,0
Before cleaning,71.4,0
After cleaning,71.4,0
Memory allocation,71.4,0
ReducdModel,71.41,0.00999999999999091
before Dt clean,71.57,0.159999999999997
Dt clean,71.57,0
BLUP,71.57,0
PEV,71.73,0.160000000000011
K normal,71.73,0
K set to 1,71.54,-0.189999999999998
Screening SNPs,71.54,0
GWAS done for this Trait,71.54,0
Post PreP3D,70.62,-0.920000000000002
cp start,70.64,0.019999999999996
Does this change memory0,70.65,0.0100000000000051
cp distance,70.66,0.00999999999999091
cp cluster,70.96,0.299999999999997
cp cutree,71.02,0.0600000000000023
cp calculation original,71.17,0.150000000000006
cp calculation,71.17,0
PreP3D 2_cp,70.62,-0.549999999999997
PreP3D 2 bk,70.62,0
PreP3D 2 zc,70.59,-0.0300000000000011
Prio PreP3D,70.59,0
P3D Start,70.6,0.00999999999999091
eig.L,71.32,0.719999999999999
eig.R,71.9,0.580000000000013
REML,71.9,0
eig.R removed,71.32,-0.580000000000013
Trait,71.94,0.620000000000005
REML,71.94,0
eig.R removed,71.94,0
REMLE removed,71.94,0
U Matrix,71.94,0
eig.L removed,71.34,-0.599999999999994
New Genotype file,71.34,0
Before cleaning,71.35,0.00999999999999091
After cleaning,71.35,0
Memory allocation,71.35,0
ReducdModel,71.35,0
before Dt clean,71.48,0.13000000000001
Dt clean,71.48,0
BLUP,71.48,0
PEV,71.6,0.11999999999999
K normal,71.6,0
K set to 1,71.45,-0.149999999999991
Screening SNPs,71.45,0
GWAS done for this Trait,71.45,0
Post PreP3D,70.58,-0.870000000000005
cp start,70.61,0.0300000000000011
Does this change memory0,70.62,0.0100000000000051
cp distance,70.62,0
cp cluster,70.92,0.299999999999997
cp cutree,70.97,0.0499999999999972
cp calculation original,71.09,0.120000000000005
cp calculation,71.09,0
PreP3D 2_cp,70.58,-0.510000000000005
PreP3D 2 bk,70.58,0
PreP3D 2 zc,70.56,-0.019999999999996
Prio PreP3D,70.56,0
P3D Start,70.57,0.00999999999999091
eig.L,71.26,0.690000000000012
eig.R,71.85,0.589999999999989
REML,71.85,0
eig.R removed,71.26,-0.589999999999989
Trait,71.88,0.61999999999999
REML,71.88,0
eig.R removed,71.88,0
REMLE removed,71.88,0
U Matrix,71.88,0
eig.L removed,71.29,-0.589999999999989
New Genotype file,71.29,0
Before cleaning,71.29,0
After cleaning,71.29,0
Memory allocation,71.29,0
ReducdModel,71.3,0.00999999999999091
before Dt clean,71.4,0.100000000000009
Dt clean,71.4,0
BLUP,71.4,0
PEV,71.48,0.0799999999999983
K normal,71.48,0
K set to 1,71.36,-0.120000000000005
Screening SNPs,71.36,0
GWAS done for this Trait,71.36,0
Post PreP3D,70.55,-0.810000000000002
cp start,70.57,0.019999999999996
Does this change memory0,70.58,0.0100000000000051
cp distance,70.59,0.0100000000000051
cp cluster,70.89,0.299999999999997
cp cutree,70.93,0.0400000000000063
cp calculation original,71.01,0.0799999999999983
cp calculation,71.01,0
PreP3D 2_cp,70.55,-0.460000000000008
PreP3D 2 bk,70.55,0
PreP3D 2 zc,70.53,-0.019999999999996
Prio PreP3D,70.53,0
P3D Start,70.54,0.0100000000000051
eig.L,71.21,0.669999999999987
eig.R,71.8,0.590000000000003
REML,71.8,0
eig.R removed,71.21,-0.590000000000003
Trait,71.83,0.620000000000005
REML,71.83,0
eig.R removed,71.83,0
REMLE removed,71.83,0
U Matrix,71.83,0
eig.L removed,71.24,-0.590000000000003
New Genotype file,71.24,0
Before cleaning,71.24,0
After cleaning,71.24,0
Memory allocation,71.24,0
ReducdModel,71.24,0
before Dt clean,71.32,0.0799999999999983
Dt clean,71.32,0
BLUP,71.32,0
PEV,71.37,0.0500000000000114
K normal,71.37,0
K set to 1,71.29,-0.0799999999999983
Screening SNPs,71.29,0
GWAS done for this Trait,71.29,0
Post PreP3D,70.52,-0.77000000000001
cp start,70.57,0.0499999999999972
Does this change memory0,70.58,0.0100000000000051
cp distance,70.58,0
cp cluster,70.89,0.310000000000002
cp cutree,71.18,0.290000000000006
cp calculation original,72.89,1.70999999999999
cp calculation,72.89,0
PreP3D 2_cp,71.11,-1.78
PreP3D 2 bk,71.67,0.560000000000002
PreP3D 2 zc,72.19,0.519999999999996
GWAS,73.64,1.45
Final,73.04,-0.599999999999994
GPS,73.05,0.00999999999999091
Compression.Visualization,73.05,0
Extract p3d results,73.05,0
Extract GWAS start,73.05,0
MAF filtered,73.24,0.189999999999998
Multiple Correction,73.42,0.180000000000007
QQ plot,73.42,0
Manhattan plot,73.44,0.019999999999996
Extract GWAS end,73.71,0.269999999999996
Report,73.71,0
