Infor,size,Increased
GAPIT,50.57,0
Genotype start,50.57,0
Genotype loaded,50.57,0
GT created from GD,53.9,3.33
Sampling genotype,53.9,0
Before SUPER,53.9,0
Before PCA,53.9,0
PCA,54.52,0.620000000000005
Before creating kinship,54.52,0
Estimating kinship,55.16,0.639999999999993
after creating kinship,55.16,0
after LD plot,55.16,0
Genotype for all,54.54,-0.619999999999997
QC,55.56,1.02
SagnwichTop,55.56,0
DataProcessing,55.57,0.00999999999999801
cp start,55.57,0
Does this change memory0,55.57,0
cp distance,55.58,0.00999999999999801
cp cluster,55.88,0.300000000000004
cp cutree,56.19,0.309999999999995
cp calculation original,58,1.81
cp calculation,58,0
PreP3D 2_cp,56.18,-1.82
PreP3D 2 bk,56.79,0.609999999999999
PreP3D 2 zc,57.4,0.609999999999999
Prio PreP3D,57.4,0
P3D Start,57.4,0
eig.L,58.59,1.19
eig.R,59.18,0.589999999999996
REML,59.18,0
eig.R removed,58.59,-0.589999999999996
Trait,59.21,0.619999999999997
REML,59.21,0
eig.R removed,59.21,0
REMLE removed,59.21,0
U Matrix,59.21,0
eig.L removed,58.61,-0.600000000000001
New Genotype file,58.61,0
Before cleaning,58.62,0.00999999999999801
After cleaning,58.62,0
Memory allocation,58.62,0
ReducdModel,58.62,0
before Dt clean,59.81,1.19
Dt clean,59.81,0
BLUP,59.82,0.00999999999999801
PEV,62.84,3.02
K normal,62.84,0
K set to 1,61.02,-1.82
Screening SNPs,61.02,0
GWAS done for this Trait,61.02,0
Post PreP3D,57.41,-3.61000000000001
cp start,57.42,0.0100000000000051
Does this change memory0,57.42,0
cp distance,57.42,0
cp cluster,57.72,0.299999999999997
cp cutree,58.02,0.300000000000004
cp calculation original,59.72,1.7
cp calculation,59.72,0
PreP3D 2_cp,57.38,-2.34
PreP3D 2 bk,57.33,-0.0500000000000043
PreP3D 2 zc,57.31,-0.019999999999996
Prio PreP3D,57.31,0
P3D Start,57.31,0
eig.L,58.48,1.16999999999999
eig.R,59.11,0.630000000000003
REML,59.11,0
eig.R removed,58.48,-0.630000000000003
Trait,59.1,0.620000000000005
REML,59.1,0
eig.R removed,59.1,0
REMLE removed,59.1,0
U Matrix,59.1,0
eig.L removed,58.51,-0.590000000000003
New Genotype file,58.51,0
Before cleaning,58.51,0
After cleaning,58.51,0
Memory allocation,58.51,0
ReducdModel,58.51,0
before Dt clean,59.65,1.14
Dt clean,59.64,-0.00999999999999801
BLUP,59.65,0.00999999999999801
PEV,62.43,2.78
K normal,62.43,0
K set to 1,60.75,-1.68
Screening SNPs,60.75,0
GWAS done for this Trait,60.75,0
Post PreP3D,57.31,-3.44
cp start,57.31,0
Does this change memory0,57.31,0
cp distance,57.32,0.00999999999999801
cp cluster,57.62,0.299999999999997
cp cutree,57.9,0.280000000000001
cp calculation original,59.51,1.61
cp calculation,59.51,0
PreP3D 2_cp,57.27,-2.23999999999999
PreP3D 2 bk,57.23,-0.0400000000000063
PreP3D 2 zc,57.21,-0.019999999999996
Prio PreP3D,57.21,0
P3D Start,57.22,0.00999999999999801
eig.L,58.37,1.15
eig.R,58.96,0.590000000000003
REML,58.96,0
eig.R removed,58.37,-0.590000000000003
Trait,58.99,0.620000000000005
REML,58.99,0
eig.R removed,58.99,0
REMLE removed,58.99,0
U Matrix,58.99,0
eig.L removed,58.39,-0.600000000000001
New Genotype file,58.39,0
Before cleaning,58.39,0
After cleaning,58.39,0
Memory allocation,58.39,0
ReducdModel,58.4,0.00999999999999801
before Dt clean,59.47,1.07
Dt clean,59.47,0
BLUP,59.48,0.00999999999999801
PEV,62.08,2.6
K normal,62.08,0
K set to 1,60.49,-1.59
Screening SNPs,60.49,0
GWAS done for this Trait,60.49,0
Post PreP3D,57.21,-3.28
cp start,57.22,0.00999999999999801
Does this change memory0,57.22,0
cp distance,57.22,0
cp cluster,57.53,0.310000000000002
cp cutree,57.8,0.269999999999996
cp calculation original,59.3,1.5
cp calculation,59.3,0
PreP3D 2_cp,57.18,-2.12
PreP3D 2 bk,57.14,-0.0399999999999991
PreP3D 2 zc,57.12,-0.0200000000000031
Prio PreP3D,57.12,0
P3D Start,57.12,0
eig.L,58.25,1.13
eig.R,58.84,0.590000000000003
REML,58.84,0
eig.R removed,58.25,-0.590000000000003
Trait,58.87,0.619999999999997
REML,58.87,0
eig.R removed,58.87,0
REMLE removed,58.87,0
U Matrix,58.87,0
eig.L removed,58.27,-0.599999999999994
New Genotype file,58.27,0
Before cleaning,58.28,0.00999999999999801
After cleaning,58.28,0
Memory allocation,58.28,0
ReducdModel,58.28,0
before Dt clean,59.3,1.02
Dt clean,59.29,-0.00999999999999801
BLUP,59.3,0.00999999999999801
PEV,61.7,2.40000000000001
K normal,61.7,0
K set to 1,60.21,-1.49
Screening SNPs,60.21,0
GWAS done for this Trait,60.21,0
Post PreP3D,57.11,-3.1
cp start,57.12,0.00999999999999801
Does this change memory0,57.12,0
cp distance,57.12,0
cp cluster,57.43,0.310000000000002
cp cutree,57.69,0.259999999999998
cp calculation original,59.1,1.41
cp calculation,59.1,0
PreP3D 2_cp,57.08,-2.02
PreP3D 2 bk,57.04,-0.0399999999999991
PreP3D 2 zc,57.02,-0.019999999999996
Prio PreP3D,57.02,0
P3D Start,57.02,0
eig.L,58.13,1.11
eig.R,58.72,0.589999999999996
REML,58.72,0
eig.R removed,58.13,-0.589999999999996
Trait,58.75,0.619999999999997
REML,58.75,0
eig.R removed,58.75,0
REMLE removed,58.75,0
U Matrix,58.75,0
eig.L removed,58.16,-0.590000000000003
New Genotype file,58.16,0
Before cleaning,58.16,0
After cleaning,58.16,0
Memory allocation,58.16,0
ReducdModel,58.16,0
before Dt clean,59.12,0.960000000000001
Dt clean,59.12,0
BLUP,59.12,0
PEV,61.34,2.22000000000001
K normal,61.34,0
K set to 1,59.95,-1.39
Screening SNPs,59.95,0
GWAS done for this Trait,59.95,0
Post PreP3D,57.02,-2.93
cp start,57.02,0
Does this change memory0,57.03,0.00999999999999801
cp distance,57.03,0
cp cluster,57.33,0.299999999999997
cp cutree,57.59,0.260000000000005
cp calculation original,58.9,1.31
cp calculation,58.9,0
PreP3D 2_cp,56.99,-1.91
PreP3D 2 bk,56.95,-0.0399999999999991
PreP3D 2 zc,56.93,-0.0200000000000031
Prio PreP3D,56.93,0
P3D Start,56.93,0
eig.L,58.02,1.09
eig.R,58.61,0.589999999999996
REML,58.61,0
eig.R removed,58.02,-0.589999999999996
Trait,58.64,0.619999999999997
REML,58.64,0
eig.R removed,58.64,0
REMLE removed,58.64,0
U Matrix,58.64,0
eig.L removed,58.05,-0.590000000000003
New Genotype file,58.05,0
Before cleaning,58.05,0
After cleaning,58.05,0
Memory allocation,58.05,0
ReducdModel,58.05,0
before Dt clean,58.95,0.900000000000006
Dt clean,58.95,0
BLUP,58.95,0
PEV,60.99,2.04
K normal,60.99,0
K set to 1,59.69,-1.3
Screening SNPs,59.69,0
GWAS done for this Trait,59.69,0
Post PreP3D,56.93,-2.76
cp start,56.93,0
Does this change memory0,56.94,0.00999999999999801
cp distance,56.94,0
cp cluster,57.24,0.300000000000004
cp cutree,57.48,0.239999999999995
cp calculation original,58.71,1.23
cp calculation,58.71,0
PreP3D 2_cp,56.9,-1.81
PreP3D 2 bk,56.86,-0.0399999999999991
PreP3D 2 zc,56.84,-0.019999999999996
Prio PreP3D,56.84,0
P3D Start,56.84,0
eig.L,57.91,1.06999999999999
eig.R,58.5,0.590000000000003
REML,58.5,0
eig.R removed,57.91,-0.590000000000003
Trait,58.53,0.620000000000005
REML,58.53,0
eig.R removed,58.53,0
REMLE removed,58.53,0
U Matrix,58.53,0
eig.L removed,57.94,-0.590000000000003
New Genotype file,57.94,0
Before cleaning,57.94,0
After cleaning,57.94,0
Memory allocation,57.94,0
ReducdModel,57.94,0
before Dt clean,58.79,0.850000000000001
Dt clean,58.79,0
BLUP,58.79,0
PEV,60.66,1.87
K normal,60.66,0
K set to 1,59.44,-1.22
Screening SNPs,59.44,0
GWAS done for this Trait,59.44,0
Post PreP3D,56.84,-2.59999999999999
cp start,56.84,0
Does this change memory0,56.85,0.00999999999999801
cp distance,56.85,0
cp cluster,57.16,0.309999999999995
cp cutree,57.38,0.220000000000006
cp calculation original,58.52,1.14
cp calculation,58.52,0
PreP3D 2_cp,56.81,-1.71
PreP3D 2 bk,56.78,-0.0300000000000011
PreP3D 2 zc,56.76,-0.0200000000000031
Prio PreP3D,56.76,0
P3D Start,56.76,0
eig.L,57.81,1.05
eig.R,58.39,0.579999999999998
REML,58.39,0
eig.R removed,57.81,-0.579999999999998
Trait,58.43,0.619999999999997
REML,58.43,0
eig.R removed,58.43,0
REMLE removed,58.43,0
U Matrix,58.43,0
eig.L removed,57.83,-0.600000000000001
New Genotype file,57.83,0
Before cleaning,57.83,0
After cleaning,57.83,0
Memory allocation,57.83,0
ReducdModel,57.84,0.0100000000000051
before Dt clean,58.63,0.789999999999999
Dt clean,58.63,0
BLUP,58.63,0
PEV,60.33,1.7
K normal,60.33,0
K set to 1,59.2,-1.13
Screening SNPs,59.2,0
GWAS done for this Trait,59.21,0.00999999999999801
Post PreP3D,56.75,-2.46
cp start,56.76,0.00999999999999801
Does this change memory0,56.76,0
cp distance,56.77,0.0100000000000051
cp cluster,57.07,0.299999999999997
cp cutree,57.29,0.219999999999999
cp calculation original,58.34,1.05
cp calculation,58.34,0
PreP3D 2_cp,56.72,-1.62
PreP3D 2 bk,56.69,-0.0300000000000011
PreP3D 2 zc,56.67,-0.019999999999996
Prio PreP3D,56.67,0
P3D Start,56.68,0.00999999999999801
eig.L,57.7,1.02
eig.R,58.29,0.589999999999996
REML,58.29,0
eig.R removed,57.7,-0.589999999999996
Trait,58.32,0.619999999999997
REML,58.32,0
eig.R removed,58.32,0
REMLE removed,58.32,0
U Matrix,58.32,0
eig.L removed,57.73,-0.590000000000003
New Genotype file,57.73,0
Before cleaning,57.73,0
After cleaning,57.73,0
Memory allocation,57.73,0
ReducdModel,57.73,0
before Dt clean,58.47,0.740000000000002
Dt clean,58.47,0
BLUP,58.47,0
PEV,60.02,1.55
K normal,60.02,0
K set to 1,58.98,-1.04000000000001
Screening SNPs,58.98,0
GWAS done for this Trait,58.98,0
Post PreP3D,56.67,-2.31
cp start,56.68,0.00999999999999801
Does this change memory0,56.68,0
cp distance,56.68,0
cp cluster,56.99,0.310000000000002
cp cutree,57.2,0.210000000000001
cp calculation original,58.17,0.969999999999999
cp calculation,58.17,0
PreP3D 2_cp,56.64,-1.53
PreP3D 2 bk,56.62,-0.0200000000000031
PreP3D 2 zc,56.59,-0.029999999999994
Prio PreP3D,56.59,0
P3D Start,56.6,0.00999999999999801
eig.L,57.6,1
eig.R,58.19,0.589999999999996
REML,58.19,0
eig.R removed,57.6,-0.589999999999996
Trait,58.22,0.619999999999997
REML,58.22,0
eig.R removed,58.22,0
REMLE removed,58.22,0
U Matrix,58.22,0
eig.L removed,57.63,-0.589999999999996
New Genotype file,57.63,0
Before cleaning,57.63,0
After cleaning,57.63,0
Memory allocation,57.63,0
ReducdModel,57.63,0
before Dt clean,58.32,0.689999999999998
Dt clean,58.32,0
BLUP,58.32,0
PEV,59.72,1.4
K normal,59.72,0
K set to 1,58.76,-0.960000000000001
Screening SNPs,58.76,0
GWAS done for this Trait,58.76,0
Post PreP3D,56.59,-2.16999999999999
cp start,56.6,0.00999999999999801
Does this change memory0,56.6,0
cp distance,56.6,0
cp cluster,56.91,0.309999999999995
cp cutree,57.11,0.200000000000003
cp calculation original,58,0.890000000000001
cp calculation,58,0
PreP3D 2_cp,56.56,-1.44
PreP3D 2 bk,56.54,-0.0200000000000031
PreP3D 2 zc,56.52,-0.019999999999996
Prio PreP3D,56.52,0
P3D Start,56.53,0.00999999999999801
eig.L,57.51,0.979999999999997
eig.R,58.1,0.590000000000003
REML,58.1,0
eig.R removed,57.51,-0.590000000000003
Trait,58.13,0.620000000000005
REML,58.13,0
eig.R removed,58.13,0
REMLE removed,58.13,0
U Matrix,58.13,0
eig.L removed,57.54,-0.590000000000003
New Genotype file,57.54,0
Before cleaning,57.54,0
After cleaning,57.54,0
Memory allocation,57.54,0
ReducdModel,57.54,0
before Dt clean,58.18,0.640000000000001
Dt clean,58.18,0
BLUP,58.19,0.00999999999999801
PEV,59.45,1.26000000000001
K normal,59.45,0
K set to 1,58.56,-0.890000000000001
Screening SNPs,58.56,0
GWAS done for this Trait,58.56,0
Post PreP3D,56.52,-2.04
cp start,56.53,0.00999999999999801
Does this change memory0,56.53,0
cp distance,56.53,0
cp cluster,56.84,0.310000000000002
cp cutree,57.02,0.18
cp calculation original,57.84,0.82
cp calculation,57.84,0
PreP3D 2_cp,56.49,-1.35
PreP3D 2 bk,56.47,-0.0200000000000031
PreP3D 2 zc,56.45,-0.019999999999996
Prio PreP3D,56.45,0
P3D Start,56.45,0
eig.L,57.42,0.969999999999999
eig.R,58.01,0.589999999999996
REML,58.01,0
eig.R removed,57.42,-0.589999999999996
Trait,58.04,0.619999999999997
REML,58.04,0
eig.R removed,58.04,0
REMLE removed,58.04,0
U Matrix,58.04,0
eig.L removed,57.44,-0.600000000000001
New Genotype file,57.44,0
Before cleaning,57.44,0
After cleaning,57.44,0
Memory allocation,57.44,0
ReducdModel,57.45,0.0100000000000051
before Dt clean,58.04,0.589999999999996
Dt clean,58.04,0
BLUP,58.04,0
PEV,59.18,1.14
K normal,59.18,0
K set to 1,58.36,-0.82
Screening SNPs,58.36,0
GWAS done for this Trait,58.36,0
Post PreP3D,56.44,-1.92
cp start,56.45,0.0100000000000051
Does this change memory0,56.46,0.00999999999999801
cp distance,56.46,0
cp cluster,56.77,0.310000000000002
cp cutree,56.94,0.169999999999995
cp calculation original,57.69,0.75
cp calculation,57.69,0
PreP3D 2_cp,56.42,-1.27
PreP3D 2 bk,56.4,-0.0200000000000031
PreP3D 2 zc,56.38,-0.019999999999996
Prio PreP3D,56.38,0
P3D Start,56.38,0
eig.L,57.33,0.949999999999996
eig.R,57.91,0.579999999999998
REML,57.91,0
eig.R removed,57.33,-0.579999999999998
Trait,57.95,0.620000000000005
REML,57.95,0
eig.R removed,57.95,0
REMLE removed,57.95,0
U Matrix,57.95,0
eig.L removed,57.35,-0.600000000000001
New Genotype file,57.35,0
Before cleaning,57.35,0
After cleaning,57.35,0
Memory allocation,57.35,0
ReducdModel,57.36,0.00999999999999801
before Dt clean,57.9,0.539999999999999
Dt clean,57.9,0
BLUP,57.91,0.00999999999999801
PEV,58.91,1
K normal,58.91,0
K set to 1,58.17,-0.739999999999995
Screening SNPs,58.17,0
GWAS done for this Trait,58.17,0
Post PreP3D,56.37,-1.8
cp start,56.38,0.0100000000000051
Does this change memory0,56.39,0.00999999999999801
cp distance,56.39,0
cp cluster,56.7,0.310000000000002
cp cutree,56.86,0.159999999999997
cp calculation original,57.54,0.68
cp calculation,57.54,0
PreP3D 2_cp,56.35,-1.19
PreP3D 2 bk,56.33,-0.0200000000000031
PreP3D 2 zc,56.31,-0.019999999999996
Prio PreP3D,56.31,0
P3D Start,56.32,0.00999999999999801
eig.L,57.24,0.920000000000002
eig.R,57.83,0.589999999999996
REML,57.83,0
eig.R removed,57.24,-0.589999999999996
Trait,57.86,0.619999999999997
REML,57.86,0
eig.R removed,57.86,0
REMLE removed,57.86,0
U Matrix,57.86,0
eig.L removed,57.26,-0.600000000000001
New Genotype file,57.26,0
Before cleaning,57.27,0.0100000000000051
After cleaning,57.27,0
Memory allocation,57.27,0
ReducdModel,57.27,0
before Dt clean,57.77,0.5
Dt clean,57.77,0
BLUP,57.77,0
PEV,58.66,0.889999999999993
K normal,58.66,0
K set to 1,57.99,-0.669999999999995
Screening SNPs,57.99,0
GWAS done for this Trait,57.99,0
Post PreP3D,56.3,-1.69
cp start,56.32,0.0200000000000031
Does this change memory0,56.32,0
cp distance,56.32,0
cp cluster,56.63,0.310000000000002
cp cutree,56.78,0.149999999999999
cp calculation original,57.39,0.609999999999999
cp calculation,57.39,0
PreP3D 2_cp,56.28,-1.11
PreP3D 2 bk,56.27,-0.00999999999999801
PreP3D 2 zc,56.25,-0.0200000000000031
Prio PreP3D,56.25,0
P3D Start,56.25,0
eig.L,57.15,0.899999999999999
eig.R,57.74,0.590000000000003
REML,57.74,0
eig.R removed,57.15,-0.590000000000003
Trait,57.77,0.620000000000005
REML,57.77,0
eig.R removed,57.77,0
REMLE removed,57.77,0
U Matrix,57.77,0
eig.L removed,57.18,-0.590000000000003
New Genotype file,57.18,0
Before cleaning,57.18,0
After cleaning,57.18,0
Memory allocation,57.18,0
ReducdModel,57.18,0
before Dt clean,57.64,0.460000000000001
Dt clean,57.64,0
BLUP,57.64,0
PEV,58.42,0.780000000000001
K normal,58.42,0
K set to 1,57.81,-0.609999999999999
Screening SNPs,57.81,0
GWAS done for this Trait,57.81,0
Post PreP3D,56.24,-1.57
cp start,56.25,0.00999999999999801
Does this change memory0,56.26,0.00999999999999801
cp distance,56.26,0
cp cluster,56.57,0.310000000000002
cp cutree,56.71,0.140000000000001
cp calculation original,57.26,0.549999999999997
cp calculation,57.26,0
PreP3D 2_cp,56.22,-1.04
PreP3D 2 bk,56.21,-0.00999999999999801
PreP3D 2 zc,56.18,-0.0300000000000011
Prio PreP3D,56.18,0
P3D Start,56.19,0.00999999999999801
eig.L,57.07,0.880000000000003
eig.R,57.66,0.589999999999996
REML,57.66,0
eig.R removed,57.07,-0.589999999999996
Trait,57.69,0.619999999999997
REML,57.69,0
eig.R removed,57.69,0
REMLE removed,57.69,0
U Matrix,57.69,0
eig.L removed,57.1,-0.589999999999996
New Genotype file,57.1,0
Before cleaning,57.1,0
After cleaning,57.1,0
Memory allocation,57.1,0
ReducdModel,57.1,0
before Dt clean,57.52,0.420000000000002
Dt clean,57.52,0
BLUP,57.52,0
PEV,58.19,0.669999999999995
K normal,58.19,0
K set to 1,57.65,-0.539999999999999
Screening SNPs,57.65,0
GWAS done for this Trait,57.65,0
Post PreP3D,56.18,-1.47
cp start,56.19,0.00999999999999801
Does this change memory0,56.2,0.0100000000000051
cp distance,56.2,0
cp cluster,56.51,0.309999999999995
cp cutree,56.64,0.130000000000003
cp calculation original,57.12,0.479999999999997
cp calculation,57.12,0
PreP3D 2_cp,56.16,-0.960000000000001
PreP3D 2 bk,56.15,-0.00999999999999801
PreP3D 2 zc,56.13,-0.019999999999996
Prio PreP3D,56.13,0
P3D Start,56.13,0
eig.L,56.99,0.859999999999999
eig.R,57.58,0.589999999999996
REML,57.58,0
eig.R removed,56.99,-0.589999999999996
Trait,57.61,0.619999999999997
REML,57.61,0
eig.R removed,57.61,0
REMLE removed,57.61,0
U Matrix,57.61,0
eig.L removed,57.02,-0.589999999999996
New Genotype file,57.02,0
Before cleaning,57.02,0
After cleaning,57.02,0
Memory allocation,57.02,0
ReducdModel,57.02,0
before Dt clean,57.4,0.379999999999995
Dt clean,57.4,0
BLUP,57.4,0
PEV,57.97,0.57
K normal,57.97,0
K set to 1,57.49,-0.479999999999997
Screening SNPs,57.49,0
GWAS done for this Trait,57.49,0
Post PreP3D,56.12,-1.37
cp start,56.13,0.0100000000000051
Does this change memory0,56.14,0.00999999999999801
cp distance,56.14,0
cp cluster,56.45,0.310000000000002
cp cutree,56.57,0.119999999999997
cp calculation original,57,0.43
cp calculation,57,0
PreP3D 2_cp,56.1,-0.899999999999999
PreP3D 2 bk,56.09,-0.00999999999999801
PreP3D 2 zc,56.07,-0.0200000000000031
Prio PreP3D,56.07,0
P3D Start,56.08,0.00999999999999801
eig.L,56.92,0.840000000000003
eig.R,57.5,0.579999999999998
REML,57.5,0
eig.R removed,56.92,-0.579999999999998
Trait,57.54,0.619999999999997
REML,57.54,0
eig.R removed,57.54,0
REMLE removed,57.54,0
U Matrix,57.54,0
eig.L removed,56.94,-0.600000000000001
New Genotype file,56.94,0
Before cleaning,56.94,0
After cleaning,56.94,0
Memory allocation,56.94,0
ReducdModel,56.95,0.0100000000000051
before Dt clean,57.29,0.339999999999996
Dt clean,57.28,-0.00999999999999801
BLUP,57.28,0
PEV,57.77,0.490000000000002
K normal,57.77,0
K set to 1,57.34,-0.43
Screening SNPs,57.34,0
GWAS done for this Trait,57.34,0
Post PreP3D,56.06,-1.28
cp start,56.08,0.019999999999996
Does this change memory0,56.09,0.0100000000000051
cp distance,56.09,0
cp cluster,56.39,0.299999999999997
cp cutree,56.51,0.119999999999997
cp calculation original,56.88,0.370000000000005
cp calculation,56.88,0
PreP3D 2_cp,56.05,-0.830000000000005
PreP3D 2 bk,56.04,-0.00999999999999801
PreP3D 2 zc,56.02,-0.019999999999996
Prio PreP3D,56.02,0
P3D Start,56.03,0.00999999999999801
eig.L,56.85,0.82
eig.R,57.43,0.579999999999998
REML,57.43,0
eig.R removed,56.85,-0.579999999999998
Trait,57.46,0.609999999999999
REML,57.46,0
eig.R removed,57.46,0
REMLE removed,57.46,0
U Matrix,57.46,0
eig.L removed,56.87,-0.590000000000003
New Genotype file,56.87,0
Before cleaning,56.87,0
After cleaning,56.87,0
Memory allocation,56.87,0
ReducdModel,56.87,0
before Dt clean,57.18,0.310000000000002
Dt clean,57.17,-0.00999999999999801
BLUP,57.17,0
PEV,57.58,0.409999999999997
K normal,57.58,0
K set to 1,57.21,-0.369999999999997
Screening SNPs,57.21,0
GWAS done for this Trait,57.21,0
Post PreP3D,56.01,-1.2
cp start,56.03,0.0200000000000031
Does this change memory0,56.04,0.00999999999999801
cp distance,56.04,0
cp cluster,56.34,0.300000000000004
cp cutree,56.44,0.0999999999999943
cp calculation original,56.77,0.330000000000005
cp calculation,56.77,0
PreP3D 2_cp,56,-0.770000000000003
PreP3D 2 bk,55.99,-0.00999999999999801
PreP3D 2 zc,55.97,-0.0200000000000031
Prio PreP3D,55.97,0
P3D Start,55.98,0.00999999999999801
eig.L,56.78,0.800000000000004
eig.R,57.36,0.579999999999998
REML,57.36,0
eig.R removed,56.78,-0.579999999999998
Trait,57.39,0.609999999999999
REML,57.39,0
eig.R removed,57.4,0.00999999999999801
REMLE removed,57.4,0
U Matrix,57.4,0
eig.L removed,56.8,-0.600000000000001
New Genotype file,56.8,0
Before cleaning,56.8,0
After cleaning,56.8,0
Memory allocation,56.8,0
ReducdModel,56.81,0.0100000000000051
before Dt clean,57.07,0.259999999999998
Dt clean,57.07,0
BLUP,57.07,0
PEV,57.4,0.329999999999998
K normal,57.4,0
K set to 1,57.08,-0.32
Screening SNPs,57.08,0
GWAS done for this Trait,57.08,0
Post PreP3D,55.96,-1.12
cp start,55.98,0.019999999999996
Does this change memory0,55.99,0.0100000000000051
cp distance,55.99,0
cp cluster,56.29,0.299999999999997
cp cutree,56.38,0.0900000000000034
cp calculation original,56.66,0.279999999999994
cp calculation,56.66,0
PreP3D 2_cp,55.95,-0.709999999999994
PreP3D 2 bk,55.94,-0.0100000000000051
PreP3D 2 zc,55.92,-0.019999999999996
Prio PreP3D,55.92,0
P3D Start,55.93,0.00999999999999801
eig.L,56.71,0.780000000000001
eig.R,57.3,0.589999999999996
REML,57.3,0
eig.R removed,56.71,-0.589999999999996
Trait,57.33,0.619999999999997
REML,57.33,0
eig.R removed,57.33,0
REMLE removed,57.33,0
U Matrix,57.33,0
eig.L removed,56.73,-0.600000000000001
New Genotype file,56.73,0
Before cleaning,56.74,0.0100000000000051
After cleaning,56.74,0
Memory allocation,56.74,0
ReducdModel,56.74,0
before Dt clean,56.97,0.229999999999997
Dt clean,56.97,0
BLUP,56.97,0
PEV,57.23,0.259999999999998
K normal,57.23,0
K set to 1,56.96,-0.269999999999996
Screening SNPs,56.96,0
GWAS done for this Trait,56.96,0
Post PreP3D,55.92,-1.04
cp start,55.93,0.00999999999999801
Does this change memory0,55.94,0.00999999999999801
cp distance,55.94,0
cp cluster,56.25,0.310000000000002
cp cutree,56.33,0.0799999999999983
cp calculation original,56.56,0.230000000000004
cp calculation,56.56,0
PreP3D 2_cp,55.91,-0.650000000000006
PreP3D 2 bk,55.9,-0.00999999999999801
PreP3D 2 zc,55.88,-0.019999999999996
Prio PreP3D,55.88,0
P3D Start,55.89,0.00999999999999801
eig.L,56.65,0.759999999999998
eig.R,57.23,0.579999999999998
REML,57.23,0
eig.R removed,56.65,-0.579999999999998
Trait,57.26,0.609999999999999
REML,57.26,0
eig.R removed,57.26,0
REMLE removed,57.26,0
U Matrix,57.27,0.0100000000000051
eig.L removed,56.67,-0.600000000000001
New Genotype file,56.67,0
Before cleaning,56.67,0
After cleaning,56.67,0
Memory allocation,56.67,0
ReducdModel,56.68,0.00999999999999801
before Dt clean,56.87,0.189999999999998
Dt clean,56.87,0
BLUP,56.87,0
PEV,57.08,0.210000000000001
K normal,57.08,0
K set to 1,56.85,-0.229999999999997
Screening SNPs,56.85,0
GWAS done for this Trait,56.85,0
Post PreP3D,55.87,-0.980000000000004
cp start,55.89,0.0200000000000031
Does this change memory0,55.9,0.00999999999999801
cp distance,55.9,0
cp cluster,56.21,0.310000000000002
cp cutree,56.28,0.0700000000000003
cp calculation original,56.47,0.189999999999998
cp calculation,56.47,0
PreP3D 2_cp,55.86,-0.609999999999999
PreP3D 2 bk,55.86,0
PreP3D 2 zc,55.84,-0.019999999999996
Prio PreP3D,55.84,0
P3D Start,55.85,0.00999999999999801
eig.L,56.59,0.740000000000002
eig.R,57.17,0.579999999999998
REML,57.17,0
eig.R removed,56.59,-0.579999999999998
Trait,57.2,0.609999999999999
REML,57.2,0
eig.R removed,57.2,0
REMLE removed,57.2,0
U Matrix,57.2,0
eig.L removed,56.61,-0.590000000000003
New Genotype file,56.61,0
Before cleaning,56.61,0
After cleaning,56.61,0
Memory allocation,56.61,0
ReducdModel,56.61,0
before Dt clean,56.78,0.170000000000002
Dt clean,56.78,0
BLUP,56.78,0
PEV,56.93,0.149999999999999
K normal,56.93,0
K set to 1,56.75,-0.18
Screening SNPs,56.75,0
GWAS done for this Trait,56.75,0
Post PreP3D,55.83,-0.920000000000002
cp start,55.85,0.0200000000000031
Does this change memory0,55.86,0.00999999999999801
cp distance,55.86,0
cp cluster,56.17,0.310000000000002
cp cutree,56.23,0.0599999999999952
cp calculation original,56.38,0.150000000000006
cp calculation,56.38,0
PreP3D 2_cp,55.83,-0.550000000000004
PreP3D 2 bk,55.83,0
PreP3D 2 zc,55.8,-0.0300000000000011
Prio PreP3D,55.8,0
P3D Start,55.81,0.0100000000000051
eig.L,56.53,0.719999999999999
eig.R,57.11,0.579999999999998
REML,57.11,0
eig.R removed,56.53,-0.579999999999998
Trait,57.15,0.619999999999997
REML,57.15,0
eig.R removed,57.15,0
REMLE removed,57.15,0
U Matrix,57.15,0
eig.L removed,56.55,-0.600000000000001
New Genotype file,56.55,0
Before cleaning,56.56,0.0100000000000051
After cleaning,56.56,0
Memory allocation,56.56,0
ReducdModel,56.56,0
before Dt clean,56.69,0.129999999999995
Dt clean,56.69,0
BLUP,56.69,0
PEV,56.8,0.109999999999999
K normal,56.8,0
K set to 1,56.65,-0.149999999999999
Screening SNPs,56.65,0
GWAS done for this Trait,56.65,0
Post PreP3D,55.79,-0.859999999999999
cp start,55.81,0.0200000000000031
Does this change memory0,55.82,0.00999999999999801
cp distance,55.83,0.00999999999999801
cp cluster,56.13,0.300000000000004
cp cutree,56.18,0.0499999999999972
cp calculation original,56.29,0.109999999999999
cp calculation,56.29,0
PreP3D 2_cp,55.79,-0.5
PreP3D 2 bk,55.79,0
PreP3D 2 zc,55.77,-0.019999999999996
Prio PreP3D,55.77,0
P3D Start,55.78,0.00999999999999801
eig.L,56.47,0.689999999999998
eig.R,57.06,0.590000000000003
REML,57.06,0
eig.R removed,56.47,-0.590000000000003
Trait,57.09,0.620000000000005
REML,57.09,0
eig.R removed,57.09,0
REMLE removed,57.09,0
U Matrix,57.09,0
eig.L removed,56.5,-0.590000000000003
New Genotype file,56.5,0
Before cleaning,56.5,0
After cleaning,56.5,0
Memory allocation,56.5,0
ReducdModel,56.5,0
before Dt clean,56.61,0.109999999999999
Dt clean,56.61,0
BLUP,56.61,0
PEV,56.69,0.0799999999999983
K normal,56.69,0
K set to 1,56.57,-0.119999999999997
Screening SNPs,56.57,0
GWAS done for this Trait,56.57,0
Post PreP3D,55.76,-0.810000000000002
cp start,55.78,0.0200000000000031
Does this change memory0,55.79,0.00999999999999801
cp distance,55.79,0
cp cluster,56.1,0.310000000000002
cp cutree,56.14,0.0399999999999991
cp calculation original,56.22,0.0799999999999983
cp calculation,56.22,0
PreP3D 2_cp,55.76,-0.460000000000001
PreP3D 2 bk,55.76,0
PreP3D 2 zc,55.74,-0.019999999999996
Prio PreP3D,55.74,0
P3D Start,55.75,0.00999999999999801
eig.L,56.42,0.670000000000002
eig.R,57.01,0.589999999999996
REML,57.01,0
eig.R removed,56.42,-0.589999999999996
Trait,57.04,0.619999999999997
REML,57.04,0
eig.R removed,57.04,0
REMLE removed,57.04,0
U Matrix,57.04,0
eig.L removed,56.45,-0.589999999999996
New Genotype file,56.45,0
Before cleaning,56.45,0
After cleaning,56.45,0
Memory allocation,56.45,0
ReducdModel,56.45,0
before Dt clean,56.53,0.0799999999999983
Dt clean,56.53,0
BLUP,56.53,0
PEV,56.58,0.0499999999999972
K normal,56.58,0
K set to 1,56.5,-0.0799999999999983
Screening SNPs,56.5,0
GWAS done for this Trait,56.5,0
Post PreP3D,55.73,-0.770000000000003
cp start,55.78,0.0500000000000043
Does this change memory0,55.8,0.019999999999996
cp distance,55.8,0
cp cluster,56.1,0.300000000000004
cp cutree,56.4,0.299999999999997
cp calculation original,58.1,1.7
cp calculation,58.1,0
PreP3D 2_cp,56.32,-1.78
PreP3D 2 bk,56.88,0.560000000000002
PreP3D 2 zc,57.4,0.519999999999996
GWAS,58.83,1.43
Final,58.23,-0.600000000000001
GPS,58.24,0.0100000000000051
Compression.Visualization,58.24,0
Extract p3d results,58.24,0
Extract GWAS start,58.26,0.019999999999996
MAF filtered,58.44,0.18
Multiple Correction,58.61,0.170000000000002
QQ plot,58.62,0.00999999999999801
Manhattan plot,58.64,0.0200000000000031
Extract GWAS end,58.91,0.269999999999996
Report,58.91,0
