Infor,size,Increased
GAPIT,46.79,0
Genotype start,46.56,-0.229999999999997
Genotype loaded,46.56,0
byFile,46.56,0
Before Fragment,46.56,0
After Fragment,48.44,1.88
END this Fragment,48.44,0
Before Fragment,48.44,0
After Fragment,49.82,1.38
END this Fragment,54,4.18
Before Fragment,50.87,-3.13
After Fragment,58.1,7.23
END this Fragment,53.78,-4.32
Before Fragment,52.55,-1.23
After Fragment,53.57,1.02
END this Fragment,56.79,3.22
Before Fragment,53.89,-2.9
After Fragment,55.16,1.27
END this Fragment,58.53,3.37
Before Fragment,55.45,-3.08
After Fragment,56.22,0.769999999999996
END this Fragment,57.14,0.920000000000002
Before Fragment,56.42,-0.719999999999999
After Fragment,59.67,3.25
END this Fragment,58.39,-1.28
Before Fragment,57.53,-0.859999999999999
After Fragment,58.97,1.44
END this Fragment,59.46,0.490000000000002
Before Fragment,58.59,-0.869999999999997
After Fragment,59.34,0.75
END this Fragment,60.6,1.26
Before Fragment,59.54,-1.06
After Fragment,60.24,0.700000000000003
END this Fragment,61.13,0.890000000000001
Sampling genotype,61.13,0
Before SUPER,61.13,0
Before PCA,61.13,0
PCA,61.75,0.619999999999997
Before creating kinship,61.75,0
Estimating kinship,62.42,0.670000000000002
after creating kinship,62.42,0
after LD plot,62.42,0
Genotype for all,61.06,-1.36
QC,62.02,0.960000000000001
SagnwichTop,62.02,0
DataProcessing,62.03,0.00999999999999801
cp start,62.03,0
Does this change memory0,62.03,0
cp distance,62.04,0.00999999999999801
cp cluster,62.34,0.300000000000004
cp cutree,62.65,0.309999999999995
cp calculation original,64.53,1.88
cp calculation,64.53,0
PreP3D 2_cp,62.67,-1.86
PreP3D 2 bk,63.3,0.629999999999995
PreP3D 2 zc,63.91,0.609999999999999
Prio PreP3D,63.91,0
P3D Start,63.91,0
eig.L,65.17,1.26000000000001
eig.R,65.79,0.620000000000005
REML,65.79,0
eig.R removed,65.17,-0.620000000000005
Trait,65.82,0.649999999999991
REML,65.82,0
eig.R removed,65.82,0
REMLE removed,65.82,0
U Matrix,65.82,0
eig.L removed,65.19,-0.629999999999995
New Genotype file,65.19,0
Before cleaning,65.19,0
After cleaning,65.19,0
Memory allocation,65.19,0
ReducdModel,65.19,0
before Dt clean,66.45,1.26000000000001
Dt clean,66.45,0
BLUP,66.46,0.00999999999999091
PEV,69.6,3.14
K normal,69.6,0
K set to 1,67.72,-1.88
Screening SNPs,67.72,0
GWAS done for this Trait,67.72,0
Post PreP3D,63.92,-3.8
cp start,63.93,0.00999999999999801
Does this change memory0,63.93,0
cp distance,63.93,0
cp cluster,64.24,0.309999999999995
cp cutree,64.53,0.290000000000006
cp calculation original,66.29,1.76000000000001
cp calculation,66.29,0
PreP3D 2_cp,63.87,-2.42000000000001
PreP3D 2 bk,63.79,-0.0799999999999983
PreP3D 2 zc,63.77,-0.019999999999996
Prio PreP3D,63.77,0
P3D Start,63.77,0
eig.L,65.03,1.26
eig.R,65.66,0.629999999999995
REML,65.66,0
eig.R removed,65.03,-0.629999999999995
Trait,65.68,0.650000000000006
REML,65.68,0
eig.R removed,65.68,0
REMLE removed,65.68,0
U Matrix,65.68,0
eig.L removed,65.05,-0.63000000000001
New Genotype file,65.05,0
Before cleaning,65.05,0
After cleaning,65.05,0
Memory allocation,65.05,0
ReducdModel,65.06,0.0100000000000051
before Dt clean,66.25,1.19
Dt clean,66.25,0
BLUP,66.26,0.0100000000000051
PEV,69.09,2.83
K normal,69.09,0
K set to 1,67.33,-1.76000000000001
Screening SNPs,67.33,0
GWAS done for this Trait,67.33,0
Post PreP3D,63.77,-3.56
cp start,63.77,0
Does this change memory0,63.78,0.00999999999999801
cp distance,63.78,0
cp cluster,64.08,0.299999999999997
cp cutree,64.37,0.290000000000006
cp calculation original,66.06,1.69
cp calculation,66.06,0
PreP3D 2_cp,63.78,-2.28
PreP3D 2 bk,63.78,0
PreP3D 2 zc,63.76,-0.0200000000000031
Prio PreP3D,63.76,0
P3D Start,63.76,0
eig.L,64.96,1.2
eig.R,65.58,0.620000000000005
REML,65.58,0
eig.R removed,64.96,-0.620000000000005
Trait,65.61,0.650000000000006
REML,65.61,0
eig.R removed,65.61,0
REMLE removed,65.61,0
U Matrix,65.61,0
eig.L removed,64.98,-0.629999999999995
New Genotype file,64.98,0
Before cleaning,64.98,0
After cleaning,64.98,0
Memory allocation,64.98,0
ReducdModel,64.99,0.00999999999999091
before Dt clean,66.07,1.08
Dt clean,66.07,0
BLUP,66.08,0.0100000000000051
PEV,68.91,2.83
K normal,68.91,0
K set to 1,67.22,-1.69
Screening SNPs,67.22,0
GWAS done for this Trait,67.22,0
Post PreP3D,63.76,-3.46
cp start,63.77,0.0100000000000051
Does this change memory0,63.77,0
cp distance,63.77,0
cp cluster,64.08,0.309999999999995
cp cutree,64.35,0.269999999999996
cp calculation original,65.91,1.56
cp calculation,65.91,0
PreP3D 2_cp,63.7,-2.20999999999999
PreP3D 2 bk,63.62,-0.0800000000000054
PreP3D 2 zc,63.59,-0.029999999999994
Prio PreP3D,63.59,0
P3D Start,63.6,0.00999999999999801
eig.L,64.79,1.19
eig.R,65.42,0.629999999999995
REML,65.42,0
eig.R removed,64.79,-0.629999999999995
Trait,65.44,0.649999999999991
REML,65.44,0
eig.R removed,65.44,0
REMLE removed,65.44,0
U Matrix,65.44,0
eig.L removed,64.81,-0.629999999999995
New Genotype file,64.81,0
Before cleaning,64.82,0.00999999999999091
After cleaning,64.82,0
Memory allocation,64.82,0
ReducdModel,64.82,0
before Dt clean,65.89,1.07000000000001
Dt clean,65.89,0
BLUP,65.89,0
PEV,68.41,2.52
K normal,68.41,0
K set to 1,66.84,-1.56999999999999
Screening SNPs,66.84,0
GWAS done for this Trait,66.84,0
Post PreP3D,63.59,-3.25
cp start,63.6,0.00999999999999801
Does this change memory0,63.6,0
cp distance,63.6,0
cp cluster,63.91,0.309999999999995
cp cutree,64.17,0.260000000000005
cp calculation original,65.74,1.56999999999999
cp calculation,65.74,0
PreP3D 2_cp,63.6,-2.13999999999999
PreP3D 2 bk,63.56,-0.0399999999999991
PreP3D 2 zc,63.54,-0.0200000000000031
Prio PreP3D,63.54,0
P3D Start,63.54,0
eig.L,64.73,1.19
eig.R,65.36,0.629999999999995
REML,65.36,0
eig.R removed,64.73,-0.629999999999995
Trait,65.38,0.649999999999991
REML,65.38,0
eig.R removed,65.38,0
REMLE removed,65.38,0
U Matrix,65.38,0
eig.L removed,64.76,-0.61999999999999
New Genotype file,64.76,0
Before cleaning,64.76,0
After cleaning,64.76,0
Memory allocation,64.76,0
ReducdModel,64.76,0
before Dt clean,65.72,0.959999999999994
Dt clean,65.72,0
BLUP,65.72,0
PEV,68.25,2.53
K normal,68.25,0
K set to 1,66.73,-1.52
Screening SNPs,66.73,0
GWAS done for this Trait,66.73,0
Post PreP3D,63.53,-3.2
cp start,63.54,0.00999999999999801
Does this change memory0,63.54,0
cp distance,63.55,0.00999999999999801
cp cluster,63.85,0.300000000000004
cp cutree,64.1,0.249999999999993
cp calculation original,65.48,1.38000000000001
cp calculation,65.48,0
PreP3D 2_cp,63.48,-2.00000000000001
PreP3D 2 bk,63.44,-0.0399999999999991
PreP3D 2 zc,63.42,-0.019999999999996
Prio PreP3D,63.42,0
P3D Start,63.42,0
eig.L,64.55,1.13
eig.R,65.18,0.63000000000001
REML,65.18,0
eig.R removed,64.55,-0.63000000000001
Trait,65.2,0.650000000000006
REML,65.2,0
eig.R removed,65.2,0
REMLE removed,65.2,0
U Matrix,65.2,0
eig.L removed,64.58,-0.620000000000005
New Genotype file,64.58,0
Before cleaning,64.58,0
After cleaning,64.58,0
Memory allocation,64.58,0
ReducdModel,64.58,0
before Dt clean,65.48,0.900000000000006
Dt clean,65.48,0
BLUP,65.49,0.00999999999999091
PEV,67.69,2.2
K normal,67.69,0
K set to 1,66.32,-1.37
Screening SNPs,66.32,0
GWAS done for this Trait,66.32,0
Post PreP3D,63.42,-2.89999999999999
cp start,63.42,0
Does this change memory0,63.43,0.00999999999999801
cp distance,63.43,0
cp cluster,63.73,0.299999999999997
cp cutree,63.97,0.240000000000002
cp calculation original,65.2,1.23
cp calculation,65.2,0
PreP3D 2_cp,63.36,-1.84
PreP3D 2 bk,63.32,-0.0399999999999991
PreP3D 2 zc,63.3,-0.0200000000000031
Prio PreP3D,63.3,0
P3D Start,63.31,0.0100000000000051
eig.L,64.44,1.13
eig.R,65.06,0.620000000000005
REML,65.06,0
eig.R removed,64.44,-0.620000000000005
Trait,65.09,0.650000000000006
REML,65.09,0
eig.R removed,65.09,0
REMLE removed,65.09,0
U Matrix,65.09,0
eig.L removed,64.46,-0.63000000000001
New Genotype file,64.46,0
Before cleaning,64.46,0
After cleaning,64.46,0
Memory allocation,64.46,0
ReducdModel,64.47,0.0100000000000051
before Dt clean,65.31,0.840000000000003
Dt clean,65.31,0
BLUP,65.31,0
PEV,67.21,1.89999999999999
K normal,67.21,0
K set to 1,65.99,-1.22
Screening SNPs,65.99,0
GWAS done for this Trait,65.99,0
Post PreP3D,63.3,-2.69
cp start,63.31,0.0100000000000051
Does this change memory0,63.31,0
cp distance,63.31,0
cp cluster,63.62,0.309999999999995
cp cutree,63.85,0.230000000000004
cp calculation original,65.02,1.16999999999999
cp calculation,65.02,0
PreP3D 2_cp,63.3,-1.72
PreP3D 2 bk,63.27,-0.029999999999994
PreP3D 2 zc,63.25,-0.0200000000000031
Prio PreP3D,63.25,0
P3D Start,63.25,0
eig.L,64.33,1.08
eig.R,64.96,0.629999999999995
REML,64.96,0
eig.R removed,64.33,-0.629999999999995
Trait,64.98,0.650000000000006
REML,64.98,0
eig.R removed,64.98,0
REMLE removed,64.98,0
U Matrix,64.98,0
eig.L removed,64.36,-0.620000000000005
New Genotype file,64.36,0
Before cleaning,64.36,0
After cleaning,64.36,0
Memory allocation,64.36,0
ReducdModel,64.36,0
before Dt clean,65.15,0.790000000000006
Dt clean,65.15,0
BLUP,65.15,0
PEV,67.05,1.89999999999999
K normal,67.05,0
K set to 1,65.85,-1.2
Screening SNPs,65.85,0
GWAS done for this Trait,65.85,0
Post PreP3D,63.25,-2.59999999999999
cp start,63.26,0.00999999999999801
Does this change memory0,63.26,0
cp distance,63.26,0
cp cluster,63.57,0.310000000000002
cp cutree,63.79,0.219999999999999
cp calculation original,64.85,1.06
cp calculation,64.85,0
PreP3D 2_cp,63.19,-1.66
PreP3D 2 bk,63.16,-0.0300000000000011
PreP3D 2 zc,63.14,-0.019999999999996
Prio PreP3D,63.14,0
P3D Start,63.14,0
eig.L,64.2,1.06
eig.R,64.82,0.61999999999999
REML,64.82,0
eig.R removed,64.2,-0.61999999999999
Trait,64.85,0.649999999999991
REML,64.85,0
eig.R removed,64.85,0
REMLE removed,64.85,0
U Matrix,64.85,0
eig.L removed,64.22,-0.629999999999995
New Genotype file,64.22,0
Before cleaning,64.23,0.0100000000000051
After cleaning,64.23,0
Memory allocation,64.23,0
ReducdModel,64.23,0
before Dt clean,64.97,0.739999999999995
Dt clean,64.96,-0.0100000000000051
BLUP,64.97,0.0100000000000051
PEV,66.55,1.58
K normal,66.55,0
K set to 1,65.49,-1.06
Screening SNPs,65.49,0
GWAS done for this Trait,65.49,0
Post PreP3D,63.13,-2.35999999999999
cp start,63.14,0.00999999999999801
Does this change memory0,63.15,0.00999999999999801
cp distance,63.15,0
cp cluster,63.45,0.300000000000004
cp cutree,63.66,0.209999999999994
cp calculation original,64.7,1.04000000000001
cp calculation,64.7,0
PreP3D 2_cp,63.14,-1.56
PreP3D 2 bk,63.11,-0.0300000000000011
PreP3D 2 zc,63.09,-0.019999999999996
Prio PreP3D,63.09,0
P3D Start,63.09,0
eig.L,64.13,1.03999999999999
eig.R,64.75,0.620000000000005
REML,64.75,0
eig.R removed,64.13,-0.620000000000005
Trait,64.78,0.650000000000006
REML,64.78,0
eig.R removed,64.78,0
REMLE removed,64.78,0
U Matrix,64.78,0
eig.L removed,64.15,-0.629999999999995
New Genotype file,64.15,0
Before cleaning,64.15,0
After cleaning,64.15,0
Memory allocation,64.15,0
ReducdModel,64.16,0.00999999999999091
before Dt clean,64.85,0.689999999999998
Dt clean,64.84,-0.00999999999999091
BLUP,64.85,0.00999999999999091
PEV,66.43,1.58000000000001
K normal,66.43,0
K set to 1,65.39,-1.04000000000001
Screening SNPs,65.39,0
GWAS done for this Trait,65.39,0
Post PreP3D,63.08,-2.31
cp start,63.09,0.0100000000000051
Does this change memory0,63.1,0.00999999999999801
cp distance,63.1,0
cp cluster,63.41,0.309999999999995
cp cutree,63.6,0.190000000000005
cp calculation original,64.49,0.889999999999993
cp calculation,64.49,0
PreP3D 2_cp,63.02,-1.46999999999999
PreP3D 2 bk,63,-0.0200000000000031
PreP3D 2 zc,62.98,-0.0200000000000031
Prio PreP3D,62.98,0
P3D Start,62.98,0
eig.L,64,1.02
eig.R,64.63,0.629999999999995
REML,64.63,0
eig.R removed,64,-0.629999999999995
Trait,64.65,0.650000000000006
REML,64.65,0
eig.R removed,64.65,0
REMLE removed,64.65,0
U Matrix,64.65,0
eig.L removed,64.03,-0.620000000000005
New Genotype file,64.03,0
Before cleaning,64.03,0
After cleaning,64.03,0
Memory allocation,64.03,0
ReducdModel,64.03,0
before Dt clean,64.68,0.650000000000006
Dt clean,64.67,-0.0100000000000051
BLUP,64.68,0.0100000000000051
PEV,65.95,1.27
K normal,65.95,0
K set to 1,65.05,-0.900000000000006
Screening SNPs,65.05,0
GWAS done for this Trait,65.05,0
Post PreP3D,62.97,-2.08
cp start,62.99,0.0200000000000031
Does this change memory0,62.99,0
cp distance,62.99,0
cp cluster,63.3,0.309999999999995
cp cutree,63.49,0.190000000000005
cp calculation original,64.3,0.809999999999995
cp calculation,64.3,0
PreP3D 2_cp,62.95,-1.34999999999999
PreP3D 2 bk,62.93,-0.0200000000000031
PreP3D 2 zc,62.91,-0.0200000000000031
Prio PreP3D,62.91,0
P3D Start,62.91,0
eig.L,63.91,1
eig.R,64.54,0.63000000000001
REML,64.54,0
eig.R removed,63.91,-0.63000000000001
Trait,64.53,0.620000000000005
REML,64.53,0
eig.R removed,64.53,0
REMLE removed,64.53,0
U Matrix,64.53,0
eig.L removed,63.9,-0.630000000000003
New Genotype file,63.9,0
Before cleaning,63.9,0
After cleaning,63.9,0
Memory allocation,63.9,0
ReducdModel,63.91,0.00999999999999801
before Dt clean,64.5,0.590000000000003
Dt clean,64.5,0
BLUP,64.5,0
PEV,65.64,1.14
K normal,65.64,0
K set to 1,64.82,-0.820000000000007
Screening SNPs,64.82,0
GWAS done for this Trait,64.82,0
Post PreP3D,62.9,-1.91999999999999
cp start,62.91,0.00999999999999801
Does this change memory0,62.92,0.0100000000000051
cp distance,62.92,0
cp cluster,63.23,0.309999999999995
cp cutree,63.4,0.170000000000002
cp calculation original,64.15,0.750000000000007
cp calculation,64.15,0
PreP3D 2_cp,62.88,-1.27
PreP3D 2 bk,62.86,-0.0200000000000031
PreP3D 2 zc,62.84,-0.019999999999996
Prio PreP3D,62.84,0
P3D Start,62.84,0
eig.L,63.79,0.949999999999996
eig.R,64.41,0.619999999999997
REML,64.41,0
eig.R removed,63.79,-0.619999999999997
Trait,64.41,0.619999999999997
REML,64.41,0
eig.R removed,64.41,0
REMLE removed,64.41,0
U Matrix,64.41,0
eig.L removed,63.81,-0.599999999999994
New Genotype file,63.81,0
Before cleaning,63.81,0
After cleaning,63.81,0
Memory allocation,63.81,0
ReducdModel,63.82,0.00999999999999801
before Dt clean,64.36,0.539999999999999
Dt clean,64.36,0
BLUP,64.37,0.0100000000000051
PEV,65.37,1
K normal,65.37,0
K set to 1,64.63,-0.740000000000009
Screening SNPs,64.63,0
GWAS done for this Trait,64.63,0
Post PreP3D,62.83,-1.8
cp start,62.84,0.0100000000000051
Does this change memory0,62.85,0.00999999999999801
cp distance,62.85,0
cp cluster,63.16,0.309999999999995
cp cutree,63.32,0.160000000000004
cp calculation original,64,0.68
cp calculation,64,0
PreP3D 2_cp,62.81,-1.19
PreP3D 2 bk,62.79,-0.0200000000000031
PreP3D 2 zc,62.77,-0.019999999999996
Prio PreP3D,62.77,0
P3D Start,62.77,0
eig.L,63.7,0.93
eig.R,64.32,0.61999999999999
REML,64.32,0
eig.R removed,63.7,-0.61999999999999
Trait,64.32,0.61999999999999
REML,64.32,0
eig.R removed,64.32,0
REMLE removed,64.32,0
U Matrix,64.32,0
eig.L removed,63.72,-0.599999999999994
New Genotype file,63.72,0
Before cleaning,63.73,0.00999999999999801
After cleaning,63.73,0
Memory allocation,63.73,0
ReducdModel,63.73,0
before Dt clean,64.23,0.500000000000007
Dt clean,64.23,0
BLUP,64.23,0
PEV,65.12,0.890000000000001
K normal,65.12,0
K set to 1,64.45,-0.670000000000002
Screening SNPs,64.45,0
GWAS done for this Trait,64.45,0
Post PreP3D,62.76,-1.69
cp start,62.78,0.0200000000000031
Does this change memory0,62.78,0
cp distance,62.79,0.00999999999999801
cp cluster,63.09,0.300000000000004
cp cutree,63.24,0.149999999999999
cp calculation original,63.85,0.609999999999999
cp calculation,63.85,0
PreP3D 2_cp,62.74,-1.11
PreP3D 2 bk,62.73,-0.0100000000000051
PreP3D 2 zc,62.7,-0.029999999999994
Prio PreP3D,62.7,0
P3D Start,62.71,0.00999999999999801
eig.L,63.61,0.899999999999999
eig.R,64.2,0.590000000000003
REML,64.2,0
eig.R removed,63.61,-0.590000000000003
Trait,64.23,0.620000000000005
REML,64.23,0
eig.R removed,64.23,0
REMLE removed,64.23,0
U Matrix,64.23,0
eig.L removed,63.64,-0.590000000000003
New Genotype file,63.64,0
Before cleaning,63.64,0
After cleaning,63.64,0
Memory allocation,63.64,0
ReducdModel,63.64,0
before Dt clean,64.1,0.459999999999994
Dt clean,64.1,0
BLUP,64.1,0
PEV,64.88,0.780000000000001
K normal,64.88,0
K set to 1,64.27,-0.609999999999999
Screening SNPs,64.27,0
GWAS done for this Trait,64.27,0
Post PreP3D,62.7,-1.56999999999999
cp start,62.71,0.00999999999999801
Does this change memory0,62.72,0.00999999999999801
cp distance,62.72,0
cp cluster,63.03,0.310000000000002
cp cutree,63.17,0.140000000000001
cp calculation original,63.72,0.549999999999997
cp calculation,63.72,0
PreP3D 2_cp,62.68,-1.04
PreP3D 2 bk,62.66,-0.0200000000000031
PreP3D 2 zc,62.64,-0.019999999999996
Prio PreP3D,62.64,0
P3D Start,62.65,0.00999999999999801
eig.L,63.53,0.880000000000003
eig.R,64.12,0.590000000000003
REML,64.12,0
eig.R removed,63.53,-0.590000000000003
Trait,64.15,0.620000000000005
REML,64.15,0
eig.R removed,64.15,0
REMLE removed,64.15,0
U Matrix,64.15,0
eig.L removed,63.56,-0.590000000000003
New Genotype file,63.56,0
Before cleaning,63.56,0
After cleaning,63.56,0
Memory allocation,63.56,0
ReducdModel,63.56,0
before Dt clean,63.98,0.419999999999995
Dt clean,63.98,0
BLUP,63.98,0
PEV,64.65,0.670000000000009
K normal,64.65,0
K set to 1,64.11,-0.540000000000006
Screening SNPs,64.11,0
GWAS done for this Trait,64.11,0
Post PreP3D,62.64,-1.47
cp start,62.65,0.00999999999999801
Does this change memory0,62.66,0.00999999999999801
cp distance,62.66,0
cp cluster,62.97,0.310000000000002
cp cutree,63.1,0.130000000000003
cp calculation original,63.58,0.479999999999997
cp calculation,63.59,0.0100000000000051
PreP3D 2_cp,62.62,-0.970000000000006
PreP3D 2 bk,62.61,-0.00999999999999801
PreP3D 2 zc,62.58,-0.0300000000000011
Prio PreP3D,62.58,0
P3D Start,62.59,0.0100000000000051
eig.L,63.45,0.859999999999999
eig.R,64.04,0.590000000000003
REML,64.04,0
eig.R removed,63.45,-0.590000000000003
Trait,64.07,0.61999999999999
REML,64.07,0
eig.R removed,64.07,0
REMLE removed,64.07,0
U Matrix,64.07,0
eig.L removed,63.48,-0.589999999999996
New Genotype file,63.48,0
Before cleaning,63.48,0
After cleaning,63.48,0
Memory allocation,63.48,0
ReducdModel,63.48,0
before Dt clean,63.86,0.380000000000003
Dt clean,63.86,0
BLUP,63.86,0
PEV,64.44,0.579999999999998
K normal,64.44,0
K set to 1,63.95,-0.489999999999995
Screening SNPs,63.95,0
GWAS done for this Trait,63.95,0
Post PreP3D,62.58,-1.37
cp start,62.59,0.0100000000000051
Does this change memory0,62.6,0.00999999999999801
cp distance,62.6,0
cp cluster,62.91,0.309999999999995
cp cutree,63.03,0.120000000000005
cp calculation original,63.46,0.43
cp calculation,63.46,0
PreP3D 2_cp,62.56,-0.899999999999999
PreP3D 2 bk,62.55,-0.0100000000000051
PreP3D 2 zc,62.53,-0.019999999999996
Prio PreP3D,62.53,0
P3D Start,62.54,0.00999999999999801
eig.L,63.38,0.840000000000003
eig.R,63.96,0.579999999999998
REML,63.96,0
eig.R removed,63.38,-0.579999999999998
Trait,64,0.619999999999997
REML,64,0
eig.R removed,64,0
REMLE removed,64,0
U Matrix,64,0
eig.L removed,63.4,-0.600000000000001
New Genotype file,63.4,0
Before cleaning,63.4,0
After cleaning,63.41,0.00999999999999801
Memory allocation,63.41,0
ReducdModel,63.41,0
before Dt clean,63.75,0.340000000000003
Dt clean,63.74,-0.00999999999999801
BLUP,63.75,0.00999999999999801
PEV,64.23,0.480000000000004
K normal,64.23,0
K set to 1,63.8,-0.430000000000007
Screening SNPs,63.8,0
GWAS done for this Trait,63.8,0
Post PreP3D,62.52,-1.27999999999999
cp start,62.54,0.019999999999996
Does this change memory0,62.55,0.00999999999999801
cp distance,62.55,0
cp cluster,62.86,0.310000000000002
cp cutree,62.97,0.109999999999999
cp calculation original,63.34,0.370000000000005
cp calculation,63.34,0
PreP3D 2_cp,62.51,-0.830000000000005
PreP3D 2 bk,62.5,-0.00999999999999801
PreP3D 2 zc,62.48,-0.0200000000000031
Prio PreP3D,62.48,0
P3D Start,62.48,0
eig.L,63.3,0.82
eig.R,63.89,0.590000000000003
REML,63.89,0
eig.R removed,63.31,-0.579999999999998
Trait,63.92,0.609999999999999
REML,63.92,0
eig.R removed,63.92,0
REMLE removed,63.92,0
U Matrix,63.92,0
eig.L removed,63.33,-0.590000000000003
New Genotype file,63.33,0
Before cleaning,63.33,0
After cleaning,63.33,0
Memory allocation,63.33,0
ReducdModel,63.34,0.0100000000000051
before Dt clean,63.64,0.299999999999997
Dt clean,63.63,-0.00999999999999801
BLUP,63.63,0
PEV,64.04,0.410000000000004
K normal,64.04,0
K set to 1,63.67,-0.370000000000005
Screening SNPs,63.67,0
GWAS done for this Trait,63.67,0
Post PreP3D,62.47,-1.2
cp start,62.49,0.0200000000000031
Does this change memory0,62.5,0.00999999999999801
cp distance,62.5,0
cp cluster,62.8,0.299999999999997
cp cutree,62.9,0.100000000000001
cp calculation original,63.23,0.329999999999998
cp calculation,63.23,0
PreP3D 2_cp,62.46,-0.769999999999996
PreP3D 2 bk,62.45,-0.00999999999999801
PreP3D 2 zc,62.43,-0.0200000000000031
Prio PreP3D,62.43,0
P3D Start,62.44,0.00999999999999801
eig.L,63.24,0.800000000000004
eig.R,63.82,0.579999999999998
REML,63.82,0
eig.R removed,63.24,-0.579999999999998
Trait,63.85,0.609999999999999
REML,63.85,0
eig.R removed,63.85,0
REMLE removed,63.85,0
U Matrix,63.85,0
eig.L removed,63.26,-0.590000000000003
New Genotype file,63.26,0
Before cleaning,63.26,0
After cleaning,63.26,0
Memory allocation,63.26,0
ReducdModel,63.27,0.0100000000000051
before Dt clean,63.53,0.259999999999998
Dt clean,63.53,0
BLUP,63.53,0
PEV,63.86,0.329999999999998
K normal,63.86,0
K set to 1,63.54,-0.32
Screening SNPs,63.54,0
GWAS done for this Trait,63.54,0
Post PreP3D,62.42,-1.12
cp start,62.44,0.019999999999996
Does this change memory0,62.45,0.0100000000000051
cp distance,62.45,0
cp cluster,62.76,0.309999999999995
cp cutree,62.85,0.0900000000000034
cp calculation original,63.12,0.269999999999996
cp calculation,63.12,0
PreP3D 2_cp,62.41,-0.710000000000001
PreP3D 2 bk,62.4,-0.00999999999999801
PreP3D 2 zc,62.38,-0.019999999999996
Prio PreP3D,62.38,0
P3D Start,62.39,0.00999999999999801
eig.L,63.17,0.780000000000001
eig.R,63.75,0.579999999999998
REML,63.75,0
eig.R removed,63.17,-0.579999999999998
Trait,63.79,0.619999999999997
REML,63.79,0
eig.R removed,63.79,0
REMLE removed,63.79,0
U Matrix,63.79,0
eig.L removed,63.19,-0.600000000000001
New Genotype file,63.19,0
Before cleaning,63.2,0.0100000000000051
After cleaning,63.2,0
Memory allocation,63.2,0
ReducdModel,63.2,0
before Dt clean,63.43,0.229999999999997
Dt clean,63.43,0
BLUP,63.43,0
PEV,63.69,0.259999999999998
K normal,63.69,0
K set to 1,63.42,-0.269999999999996
Screening SNPs,63.42,0
GWAS done for this Trait,63.42,0
Post PreP3D,62.37,-1.05
cp start,62.39,0.0200000000000031
Does this change memory0,62.4,0.00999999999999801
cp distance,62.41,0.00999999999999801
cp cluster,62.71,0.300000000000004
cp cutree,62.79,0.0799999999999983
cp calculation original,63.02,0.230000000000004
cp calculation,63.02,0
PreP3D 2_cp,62.37,-0.650000000000006
PreP3D 2 bk,62.36,-0.00999999999999801
PreP3D 2 zc,62.34,-0.019999999999996
Prio PreP3D,62.34,0
P3D Start,62.35,0.00999999999999801
eig.L,63.11,0.759999999999998
eig.R,63.69,0.579999999999998
REML,63.69,0
eig.R removed,63.11,-0.579999999999998
Trait,63.72,0.609999999999999
REML,63.72,0
eig.R removed,63.72,0
REMLE removed,63.72,0
U Matrix,63.72,0
eig.L removed,63.13,-0.589999999999996
New Genotype file,63.13,0
Before cleaning,63.13,0
After cleaning,63.13,0
Memory allocation,63.13,0
ReducdModel,63.14,0.00999999999999801
before Dt clean,63.33,0.189999999999998
Dt clean,63.33,0
BLUP,63.33,0
PEV,63.54,0.210000000000001
K normal,63.54,0
K set to 1,63.31,-0.229999999999997
Screening SNPs,63.31,0
GWAS done for this Trait,63.31,0
Post PreP3D,62.33,-0.980000000000004
cp start,62.35,0.0200000000000031
Does this change memory0,62.36,0.00999999999999801
cp distance,62.36,0
cp cluster,62.67,0.310000000000002
cp cutree,62.74,0.0700000000000003
cp calculation original,62.93,0.189999999999998
cp calculation,62.93,0
PreP3D 2_cp,62.32,-0.609999999999999
PreP3D 2 bk,62.32,0
PreP3D 2 zc,62.3,-0.0200000000000031
Prio PreP3D,62.3,0
P3D Start,62.31,0.0100000000000051
eig.L,63.04,0.729999999999997
eig.R,63.63,0.590000000000003
REML,63.63,0
eig.R removed,63.04,-0.590000000000003
Trait,63.66,0.619999999999997
REML,63.66,0
eig.R removed,63.66,0
REMLE removed,63.66,0
U Matrix,63.66,0
eig.L removed,63.07,-0.589999999999996
New Genotype file,63.07,0
Before cleaning,63.07,0
After cleaning,63.07,0
Memory allocation,63.07,0
ReducdModel,63.08,0.00999999999999801
before Dt clean,63.24,0.160000000000004
Dt clean,63.24,0
BLUP,63.24,0
PEV,63.4,0.159999999999997
K normal,63.4,0
K set to 1,63.21,-0.189999999999998
Screening SNPs,63.21,0
GWAS done for this Trait,63.21,0
Post PreP3D,62.29,-0.920000000000002
cp start,62.31,0.0200000000000031
Does this change memory0,62.32,0.00999999999999801
cp distance,62.32,0
cp cluster,62.63,0.310000000000002
cp cutree,62.69,0.0599999999999952
cp calculation original,62.84,0.150000000000006
cp calculation,62.84,0
PreP3D 2_cp,62.29,-0.550000000000004
PreP3D 2 bk,62.28,-0.00999999999999801
PreP3D 2 zc,62.26,-0.0200000000000031
Prio PreP3D,62.26,0
P3D Start,62.27,0.0100000000000051
eig.L,62.99,0.719999999999999
eig.R,63.57,0.579999999999998
REML,63.57,0
eig.R removed,62.99,-0.579999999999998
Trait,63.61,0.619999999999997
REML,63.61,0
eig.R removed,63.61,0
REMLE removed,63.61,0
U Matrix,63.61,0
eig.L removed,63.01,-0.600000000000001
New Genotype file,63.01,0
Before cleaning,63.02,0.0100000000000051
After cleaning,63.02,0
Memory allocation,63.02,0
ReducdModel,63.02,0
before Dt clean,63.15,0.129999999999995
Dt clean,63.15,0
BLUP,63.15,0
PEV,63.26,0.109999999999999
K normal,63.26,0
K set to 1,63.11,-0.149999999999999
Screening SNPs,63.11,0
GWAS done for this Trait,63.11,0
Post PreP3D,62.25,-0.859999999999999
cp start,62.28,0.0300000000000011
Does this change memory0,62.29,0.00999999999999801
cp distance,62.29,0
cp cluster,62.59,0.300000000000004
cp cutree,62.64,0.0499999999999972
cp calculation original,62.76,0.119999999999997
cp calculation,62.76,0
PreP3D 2_cp,62.25,-0.509999999999998
PreP3D 2 bk,62.25,0
PreP3D 2 zc,62.23,-0.0200000000000031
Prio PreP3D,62.23,0
P3D Start,62.24,0.0100000000000051
eig.L,62.93,0.689999999999998
eig.R,63.52,0.590000000000003
REML,63.52,0
eig.R removed,62.93,-0.590000000000003
Trait,63.55,0.619999999999997
REML,63.55,0
eig.R removed,63.55,0
REMLE removed,63.55,0
U Matrix,63.55,0
eig.L removed,62.96,-0.589999999999996
New Genotype file,62.96,0
Before cleaning,62.96,0
After cleaning,62.96,0
Memory allocation,62.96,0
ReducdModel,62.96,0
before Dt clean,63.07,0.109999999999999
Dt clean,63.07,0
BLUP,63.07,0
PEV,63.15,0.0799999999999983
K normal,63.15,0
K set to 1,63.03,-0.119999999999997
Screening SNPs,63.03,0
GWAS done for this Trait,63.03,0
Post PreP3D,62.22,-0.810000000000002
cp start,62.24,0.0200000000000031
Does this change memory0,62.25,0.00999999999999801
cp distance,62.25,0
cp cluster,62.56,0.310000000000002
cp cutree,62.6,0.0399999999999991
cp calculation original,62.68,0.0799999999999983
cp calculation,62.68,0
PreP3D 2_cp,62.22,-0.460000000000001
PreP3D 2 bk,62.22,0
PreP3D 2 zc,62.2,-0.019999999999996
Prio PreP3D,62.2,0
P3D Start,62.21,0.00999999999999801
eig.L,62.88,0.670000000000002
eig.R,63.47,0.589999999999996
REML,63.47,0
eig.R removed,62.88,-0.589999999999996
Trait,63.5,0.619999999999997
REML,63.5,0
eig.R removed,63.5,0
REMLE removed,63.5,0
U Matrix,63.5,0
eig.L removed,62.91,-0.590000000000003
New Genotype file,62.91,0
Before cleaning,62.91,0
After cleaning,62.91,0
Memory allocation,62.91,0
ReducdModel,62.91,0
before Dt clean,62.99,0.0800000000000054
Dt clean,62.99,0
BLUP,62.99,0
PEV,63.04,0.0499999999999972
K normal,63.04,0
K set to 1,62.96,-0.0799999999999983
Screening SNPs,62.96,0
GWAS done for this Trait,62.96,0
Post PreP3D,62.19,-0.770000000000003
cp start,62.24,0.0500000000000043
Does this change memory0,62.25,0.00999999999999801
cp distance,62.25,0
cp cluster,62.56,0.310000000000002
cp cutree,62.85,0.289999999999999
cp calculation original,64.56,1.71
cp calculation,64.56,0
PreP3D 2_cp,62.78,-1.78
PreP3D 2 bk,63.34,0.560000000000002
PreP3D 2 zc,63.86,0.519999999999996
GWAS,65.29,1.43000000000001
Final,64.69,-0.600000000000009
GPS,64.7,0.0100000000000051
Compression.Visualization,64.7,0
Extract p3d results,64.7,0
Extract GWAS start,64.72,0.019999999999996
MAF filtered,64.92,0.200000000000003
Multiple Correction,65.13,0.209999999999994
QQ plot,65.14,0.0100000000000051
Manhattan plot,65.14,0
Extract GWAS end,65.45,0.310000000000002
Report,65.45,0
