{"options":{"awareOfChrome":false,"check_for_updates":true,"comment":null,"compat_arrayleft":false,"compat_foreach":false,"compat_forvarin":false,"compat_metadata":false,"compat_uW_gmonkey":false,"compat_wrappedjsobject":false,"compatopts_for_requires":true,"noframes":null,"override":{"merge_connects":true,"merge_excludes":true,"merge_includes":true,"merge_matches":true,"orig_connects":[],"orig_excludes":["*://image.cnki.net/*","*://*/frame/*"],"orig_includes":["*://*.cnki.net.*/*","*://*/kns*/brief/*","*://*/grid2008/brief/*","*://*/detail/detail.aspx*"],"orig_matches":["*://*.cnki.net/*"],"orig_noframes":null,"orig_run_at":"document-idle","use_blockers":[],"use_connects":[],"use_excludes":[],"use_includes":[],"use_matches":[]},"run_at":null},"settings":{"enabled":true,"position":5},"meta":{"name":"CNKI PDF Download","uuid":"baff1e8a-6407-4306-ad47-02da4c6e7298","modified":1547726365682,"file_url":"https://greasyfork.org/scripts/368399-cnki-pdf-download/code/CNKI%20PDF%20Download.user.js"}}