{"options":{"awareOfChrome":false,"check_for_updates":true,"comment":null,"compat_arrayleft":false,"compat_foreach":false,"compat_forvarin":false,"compat_metadata":false,"compat_uW_gmonkey":false,"compat_wrappedjsobject":false,"compatopts_for_requires":true,"noframes":null,"override":{"merge_connects":true,"merge_excludes":true,"merge_includes":true,"merge_matches":true,"orig_connects":[],"orig_excludes":[],"orig_includes":[],"orig_matches":["http://*.aasv.org/*","http://*.acm.org/*","http://*.acs.org/*","http://*.baidu.com/*","http://*.biomedcentral.com/*","http://*.bmj.com/*","http://*.cabdirect.org/*","http://*.cambridge.org/*","http://*.cell.com/*","http://*.cnki.com.cn/*","http://*.cnki.net/*","http://*.cqvip.com/*","http://*.csiro.au/*","http://*.edu.cn/*","http://*.edu/*","http://*.en.cnki.com.cn/*","http://*.europepmc.org/*","http://*.frontiersin.org/*","http://*.google.com.hk/*","http://*.google.com/*","http://*.jstor.org/*","http://*.nature.com/*","http://*.ncbi.nlm.nih.gov/*","http://*.oxfordjournals.org/*","http://*.physiology.org/*","http://*.plos.org/*","http://*.plosjournals.org/*","http://*.plosone.org/*","http://*.pnas.org/*","http://*.pubmed.cn/*","http://*.pubmed.com/*","http://*.pubmedcentral.nih.gov/*","http://*.pubmedcentralcanada.ca/*","http://*.researchgate.net/*","http://*.sci-hub.is/*","http://*.sci-hub.mu/*","http://*.sci-hub.se/*","http://*.sci-hub.tw/*","http://*.sciencedirect.com/*","http://*.sciencemag.org/*","http://*.springer.com/*","http://*.springerlink.com/*","http://*.tandfonline.com/*","http://*.thelancet.com/*","http://*.wanfangdata.com.cn/*","http://*.wiley.com/*","http://*.worldscientific.com/*","http://*/doi/abs/*","http://doi.org/*","http://dx.doi.org/*","http://europepmc.org/*","http://pubmed.cn/*","http://pubmed.com/*","http://pubmedcentralcanada.ca/*","http://sci-hub.is/*","http://sci-hub.mu/*","http://sci-hub.se/*","http://sci-hub.tw/*","https://*.acs.org/*","https://*.aasv.org/*","https://*.arch-anim-breed.net/*","https://*.bing.com/*","https://*.biomedcentral.com/*","https://*.bmj.com/","https://*.cambridge.org/*","https://*.cell.com/*","https://*.cn-ki.net/*","https://*.edu/*","https://*.frontiersin.org/*","https://*.google.com.hk/*","https://*.google.com/*","https://*.ieee.org/*","https://*.jstor.org/*","https://*.livestockscience.com/*","https://*.mr-gut.cn/*","https://*.nature.com/*","https://*.ncbi.nlm.nih.gov/*","https://*.oup.com/*","https://*.physiology.org/*","https://*.sci-hub.mu/*","https://*.sci-hub.tw/*","https://*.sci-hub.win/*","https://*.sciencedirect.com/*","https://*.springer.com/*","https://*.tandfonline.com/*","https://*.unesp.br/*","https://*.webofknowledge.com/*","https://*.wikipedia.org/","https://*.wiley.com/*","https://arxiv.org/*","https://doi.org/*","https://europepmc.org/*","https://pubs.acs.org.ccindex.cn/*","https://pubs.rsc.org/*","https://sci-hub.mu/*","https://sci-hub.tw/*","https://sci-hub.win/*","https://www.ajas.info/*","https://www.biorxiv.org/*","https://www.ingentaconnect.com/*"],"orig_noframes":null,"orig_run_at":"document-idle","use_blockers":[],"use_connects":[],"use_excludes":[],"use_includes":[],"use_matches":[]},"run_at":null},"settings":{"enabled":true,"position":6},"meta":{"name":"Sci-hub button","uuid":"755acc92-3d66-48a9-8e6c-6aa13785e3f6","modified":1554014376397,"file_url":"https://greasyfork.org/scripts/370246-sci-hub-button/code/Sci-hub%20button.user.js"}}