{"options":{"awareOfChrome":false,"check_for_updates":true,"comment":null,"compat_arrayleft":false,"compat_foreach":false,"compat_forvarin":false,"compat_metadata":false,"compat_uW_gmonkey":false,"compat_wrappedjsobject":false,"compatopts_for_requires":true,"noframes":null,"override":{"merge_connects":true,"merge_excludes":true,"merge_includes":true,"merge_matches":true,"orig_connects":[],"orig_excludes":[],"orig_includes":[],"orig_matches":["*://m.youku.com/v*","*://m.youku.com/a*","*://v.youku.com/v_show/*","*://*.iqiyi.com/v_*","*://*.iqiyi.com/w_*","*://*.iqiyi.com/a_*","*://*.iqiyi.com/adv*","*://*.iqiyi.com/dianying/*","*://*.le.com/ptv/vplay/*","*://v.qq.com/x/cover/*","*://v.qq.com/x/page/*","*://v.qq.com/play*","*://*.tudou.com/listplay/*","*://*.tudou.com/albumplay/*","*://*.tudou.com/programs/view/*","*://*.mgtv.com/b/*","*://film.sohu.com/album/*","*://tv.sohu.com/v/*","*://*.acfun.cn/v/*","*://*.bilibili.com/video/*","*://*.bilibili.com/anime/*","*://vip.pptv.com/show/*","*://v.pptv.com/show/*","*://v.yinyuetai.com/video/*","*://v.yinyuetai.com/playlist/*","*://*.wasu.cn/Play/show/*","*://music.taihe.com/song*","*://item.taobao.com/*","*://detail.tmall.com/*","*://item.jd.com/*","*://music.163.com/song*","*://y.qq.com/*","*://www.kugou.com/*","*://www.kuwo.cn/*","*://www.xiami.com/*","*://music.baidu.com/*","*://www.qingting.fm/*","*://www.lizhi.fm/*","*://music.migu.cn/*","*://www.ximalaya.com/*"],"orig_noframes":null,"orig_run_at":"document-end","use_blockers":[],"use_connects":[],"use_excludes":[],"use_includes":[],"use_matches":[]},"run_at":null},"settings":{"enabled":true,"position":1},"meta":{"name":"一键VIP视频解析、去广告（全网）,一站式音乐搜索下载 2019-04-15 更新，报错请及时反馈","uuid":"9c874329-8537-44e7-972c-83dd24f5f99d","modified":1555249034668,"file_url":"https://greasyfork.org/scripts/370005-%E4%B8%80%E9%94%AEvip%E8%A7%86%E9%A2%91%E8%A7%A3%E6%9E%90-%E5%8E%BB%E5%B9%BF%E5%91%8A-%E5%85%A8%E7%BD%91-%E4%B8%80%E7%AB%99%E5%BC%8F%E9%9F%B3%E4%B9%90%E6%90%9C%E7%B4%A2%E4%B8%8B%E8%BD%BD-2019-01-16-%E5%8F%AF%E7%94%A8/code/%E4%B8%80%E9%94%AEVIP%E8%A7%86%E9%A2%91%E8%A7%A3%E6%9E%90%E3%80%81%E5%8E%BB%E5%B9%BF%E5%91%8A%EF%BC%88%E5%85%A8%E7%BD%91%EF%BC%89,%E4%B8%80%E7%AB%99%E5%BC%8F%E9%9F%B3%E4%B9%90%E6%90%9C%E7%B4%A2%E4%B8%8B%E8%BD%BD%202019-01-16%20%E5%8F%AF%E7%94%A8.user.js"}}