{"options":{"awareOfChrome":false,"check_for_updates":true,"comment":null,"compat_arrayleft":false,"compat_foreach":false,"compat_forvarin":false,"compat_metadata":false,"compat_prototypes":true,"compat_uW_gmonkey":false,"compat_wrappedjsobject":false,"compatopts_for_requires":true,"noframes":null,"override":{"merge_connects":true,"merge_excludes":true,"merge_includes":true,"merge_matches":true,"orig_connects":["youdao.com","iciba.com","translate.google.cn","hjenglish.com","bing.com","chinacloudapi.cn","cambridge.org"],"orig_excludes":[],"orig_includes":["https://*/*","file:///*"],"orig_matches":["http://*/*"],"orig_noframes":null,"orig_run_at":"document-start","use_blockers":[],"use_connects":[],"use_excludes":[],"use_includes":[],"use_matches":[]},"run_at":null},"settings":{"enabled":true,"position":4},"meta":{"name":"划词翻译：多词典查询","uuid":"ee5b4872-c0c9-4ce0-89b0-096f6f3107ab","modified":1555249034613,"file_url":"https://greasyfork.org/scripts/376313-%E5%88%92%E8%AF%8D%E7%BF%BB%E8%AF%91-%E5%A4%9A%E8%AF%8D%E5%85%B8%E6%9F%A5%E8%AF%A2/code/%E5%88%92%E8%AF%8D%E7%BF%BB%E8%AF%91%EF%BC%9A%E5%A4%9A%E8%AF%8D%E5%85%B8%E6%9F%A5%E8%AF%A2.user.js"}}