{"options":{"awareOfChrome":false,"check_for_updates":true,"comment":null,"compat_arrayleft":false,"compat_foreach":false,"compat_forvarin":false,"compat_metadata":false,"compat_uW_gmonkey":false,"compat_wrappedjsobject":false,"compatopts_for_requires":true,"noframes":null,"override":{"merge_connects":true,"merge_excludes":true,"merge_includes":true,"merge_matches":true,"orig_connects":[],"orig_excludes":[],"orig_includes":[],"orig_matches":["*://wenku.baidu.com/view/*"],"orig_noframes":null,"orig_run_at":"document-idle","use_blockers":[],"use_connects":[],"use_excludes":[],"use_includes":[],"use_matches":[]},"run_at":null},"settings":{"enabled":true,"position":3},"meta":{"name":"百度文库（wenku）在线下载PDF格式文件","uuid":"f6936865-f93b-48fd-91ec-e8fea417c992","modified":1547725971679,"file_url":"https://greasyfork.org/scripts/373334-%E7%99%BE%E5%BA%A6%E6%96%87%E5%BA%93-wenku-%E5%9C%A8%E7%BA%BF%E4%B8%8B%E8%BD%BDpdf%E6%A0%BC%E5%BC%8F%E6%96%87%E4%BB%B6/code/%E7%99%BE%E5%BA%A6%E6%96%87%E5%BA%93%EF%BC%88wenku%EF%BC%89%E5%9C%A8%E7%BA%BF%E4%B8%8B%E8%BD%BDPDF%E6%A0%BC%E5%BC%8F%E6%96%87%E4%BB%B6.user.js"}}