Infor,size,Increased
GAPIT,39.78,0
Genotype start,39.78,0
Genotype loaded,39.78,0
Before HapMap,39.78,0
after HapMap,46.58,6.8
HapMap,46.58,0
G removed,46.58,0
hm removed,46.58,0
Sampling genotype,46.58,0
Before SUPER,46.58,0
Before PCA,46.58,0
PCA,47.35,0.770000000000003
Before creating kinship,47.35,0
Estimating kinship,50.3,2.95
after creating kinship,50.3,0
after LD plot,50.3,0
Genotype for all,50.07,-0.229999999999997
QC,54.07,4
SagnwichTop,54.07,0
DataProcessing,54.08,0.00999999999999801
cp start,54.08,0
Does this change memory0,54.08,0
cp distance,54.08,0
cp cluster,54.39,0.310000000000002
cp cutree,54.69,0.299999999999997
cp calculation original,56.53,1.84
cp calculation,56.53,0
PreP3D 2_cp,54.71,-1.82
PreP3D 2 bk,55.31,0.600000000000001
PreP3D 2 zc,55.91,0.599999999999994
Prio PreP3D,55.91,0
P3D Start,55.91,0
eig.L,57.07,1.16
eig.R,57.65,0.579999999999998
REML,57.65,0
eig.R removed,57.07,-0.579999999999998
Trait,57.68,0.609999999999999
REML,57.68,0
eig.R removed,57.68,0
REMLE removed,57.68,0
U Matrix,57.68,0
eig.L removed,57.1,-0.579999999999998
New Genotype file,57.1,0
Before cleaning,57.1,0
After cleaning,57.1,0
Memory allocation,57.1,0
ReducdModel,57.1,0
before Dt clean,58.27,1.17
Dt clean,58.27,0
BLUP,58.28,0.00999999999999801
PEV,61.34,3.06
K normal,61.34,0
K set to 1,59.54,-1.8
Screening SNPs,59.54,0
GWAS done for this Trait,59.54,0
Post PreP3D,55.92,-3.62
cp start,55.92,0
Does this change memory0,55.93,0.00999999999999801
cp distance,55.93,0
cp cluster,56.23,0.299999999999997
cp cutree,56.53,0.300000000000004
cp calculation original,58.24,1.71
cp calculation,58.24,0
PreP3D 2_cp,55.86,-2.38
PreP3D 2 bk,55.82,-0.0399999999999991
PreP3D 2 zc,55.8,-0.0200000000000031
Prio PreP3D,55.8,0
P3D Start,55.8,0
eig.L,56.99,1.19
eig.R,57.62,0.629999999999995
REML,57.62,0
eig.R removed,56.99,-0.629999999999995
Trait,57.6,0.609999999999999
REML,57.6,0
eig.R removed,57.6,0
REMLE removed,57.6,0
U Matrix,57.6,0
eig.L removed,56.97,-0.630000000000003
New Genotype file,56.97,0
Before cleaning,56.97,0
After cleaning,56.97,0
Memory allocation,56.97,0
ReducdModel,56.97,0
before Dt clean,58.08,1.11
Dt clean,58.08,0
BLUP,58.09,0.0100000000000051
PEV,60.85,2.76
K normal,60.85,0
K set to 1,59.18,-1.67
Screening SNPs,59.18,0
GWAS done for this Trait,59.18,0
Post PreP3D,55.8,-3.38
cp start,55.8,0
Does this change memory0,55.8,0
cp distance,55.8,0
cp cluster,56.11,0.310000000000002
cp cutree,56.39,0.280000000000001
cp calculation original,58.04,1.65
cp calculation,58.04,0
PreP3D 2_cp,55.8,-2.24
PreP3D 2 bk,55.76,-0.0399999999999991
PreP3D 2 zc,55.74,-0.019999999999996
Prio PreP3D,55.74,0
P3D Start,55.74,0
eig.L,56.92,1.18
eig.R,57.54,0.619999999999997
REML,57.54,0
eig.R removed,56.92,-0.619999999999997
Trait,57.52,0.600000000000001
REML,57.52,0
eig.R removed,57.52,0
REMLE removed,57.52,0
U Matrix,57.52,0
eig.L removed,56.89,-0.630000000000003
New Genotype file,56.89,0
Before cleaning,56.9,0.00999999999999801
After cleaning,56.9,0
Memory allocation,56.9,0
ReducdModel,56.9,0
before Dt clean,57.95,1.05
Dt clean,57.95,0
BLUP,57.96,0.00999999999999801
PEV,60.62,2.66
K normal,60.62,0
K set to 1,59,-1.62
Screening SNPs,59,0
GWAS done for this Trait,59,0
Post PreP3D,55.74,-3.26
cp start,55.75,0.00999999999999801
Does this change memory0,55.75,0
cp distance,55.75,0
cp cluster,56.06,0.310000000000002
cp cutree,56.33,0.269999999999996
cp calculation original,57.85,1.52
cp calculation,57.85,0
PreP3D 2_cp,55.68,-2.17
PreP3D 2 bk,55.64,-0.0399999999999991
PreP3D 2 zc,55.62,-0.0200000000000031
Prio PreP3D,55.62,0
P3D Start,55.62,0
eig.L,56.77,1.15000000000001
eig.R,57.4,0.629999999999995
REML,57.4,0
eig.R removed,56.77,-0.629999999999995
Trait,57.38,0.609999999999999
REML,57.38,0
eig.R removed,57.38,0
REMLE removed,57.38,0
U Matrix,57.38,0
eig.L removed,56.75,-0.630000000000003
New Genotype file,56.75,0
Before cleaning,56.76,0.00999999999999801
After cleaning,56.76,0
Memory allocation,56.76,0
ReducdModel,56.76,0
before Dt clean,57.75,0.990000000000002
Dt clean,57.75,0
BLUP,57.76,0.00999999999999801
PEV,60.17,2.41
K normal,60.17,0
K set to 1,58.68,-1.49
Screening SNPs,58.68,0
GWAS done for this Trait,58.68,0
Post PreP3D,55.62,-3.06
cp start,55.63,0.0100000000000051
Does this change memory0,55.63,0
cp distance,55.63,0
cp cluster,55.94,0.309999999999995
cp cutree,56.2,0.260000000000005
cp calculation original,57.6,1.4
cp calculation,57.6,0
PreP3D 2_cp,55.57,-2.03
PreP3D 2 bk,55.53,-0.0399999999999991
PreP3D 2 zc,55.51,-0.0200000000000031
Prio PreP3D,55.51,0
P3D Start,55.51,0
eig.L,56.64,1.13
eig.R,57.27,0.630000000000003
REML,57.27,0
eig.R removed,56.64,-0.630000000000003
Trait,57.25,0.609999999999999
REML,57.25,0
eig.R removed,57.25,0
REMLE removed,57.25,0
U Matrix,57.25,0
eig.L removed,56.62,-0.630000000000003
New Genotype file,56.62,0
Before cleaning,56.62,0
After cleaning,56.62,0
Memory allocation,56.62,0
ReducdModel,56.63,0.0100000000000051
before Dt clean,57.56,0.93
Dt clean,57.56,0
BLUP,57.56,0
PEV,59.73,2.16999999999999
K normal,59.73,0
K set to 1,58.36,-1.37
Screening SNPs,58.36,0
GWAS done for this Trait,58.36,0
Post PreP3D,55.51,-2.85
cp start,55.51,0
Does this change memory0,55.51,0
cp distance,55.52,0.0100000000000051
cp cluster,55.82,0.299999999999997
cp cutree,56.07,0.25
cp calculation original,57.39,1.32
cp calculation,57.39,0
PreP3D 2_cp,55.47,-1.92
PreP3D 2 bk,55.44,-0.0300000000000011
PreP3D 2 zc,55.42,-0.019999999999996
Prio PreP3D,55.42,0
P3D Start,55.42,0
eig.L,56.49,1.07
eig.R,57.11,0.619999999999997
REML,57.11,0
eig.R removed,56.49,-0.619999999999997
Trait,57.09,0.600000000000001
REML,57.09,0
eig.R removed,57.09,0
REMLE removed,57.09,0
U Matrix,57.09,0
eig.L removed,56.51,-0.580000000000005
New Genotype file,56.51,0
Before cleaning,56.51,0
After cleaning,56.51,0
Memory allocation,56.51,0
ReducdModel,56.51,0
before Dt clean,57.39,0.880000000000003
Dt clean,57.39,0
BLUP,57.4,0.00999999999999801
PEV,59.38,1.98
K normal,59.38,0
K set to 1,58.11,-1.27
Screening SNPs,58.11,0
GWAS done for this Trait,58.11,0
Post PreP3D,55.41,-2.7
cp start,55.42,0.0100000000000051
Does this change memory0,55.42,0
cp distance,55.43,0.00999999999999801
cp cluster,55.73,0.299999999999997
cp cutree,55.97,0.240000000000002
cp calculation original,57.2,1.23
cp calculation,57.2,0
PreP3D 2_cp,55.38,-1.82
PreP3D 2 bk,55.35,-0.0300000000000011
PreP3D 2 zc,55.33,-0.0200000000000031
Prio PreP3D,55.33,0
P3D Start,55.33,0
eig.L,56.38,1.05
eig.R,57,0.619999999999997
REML,57,0
eig.R removed,56.38,-0.619999999999997
Trait,56.98,0.599999999999994
REML,56.98,0
eig.R removed,56.98,0
REMLE removed,56.98,0
U Matrix,56.98,0
eig.L removed,56.4,-0.579999999999998
New Genotype file,56.4,0
Before cleaning,56.4,0
After cleaning,56.4,0
Memory allocation,56.4,0
ReducdModel,56.41,0.00999999999999801
before Dt clean,57.23,0.82
Dt clean,57.23,0
BLUP,57.23,0
PEV,59.05,1.82
K normal,59.05,0
K set to 1,57.87,-1.18
Screening SNPs,57.87,0
GWAS done for this Trait,57.87,0
Post PreP3D,55.33,-2.54
cp start,55.33,0
Does this change memory0,55.34,0.0100000000000051
cp distance,55.34,0
cp cluster,55.65,0.309999999999995
cp cutree,55.87,0.219999999999999
cp calculation original,57.01,1.14
cp calculation,57.01,0
PreP3D 2_cp,55.3,-1.71
PreP3D 2 bk,55.26,-0.0399999999999991
PreP3D 2 zc,55.24,-0.019999999999996
Prio PreP3D,55.24,0
P3D Start,55.25,0.00999999999999801
eig.L,56.27,1.02
eig.R,56.9,0.629999999999995
REML,56.9,0
eig.R removed,56.27,-0.629999999999995
Trait,56.88,0.609999999999999
REML,56.88,0
eig.R removed,56.88,0
REMLE removed,56.88,0
U Matrix,56.88,0
eig.L removed,56.29,-0.590000000000003
New Genotype file,56.29,0
Before cleaning,56.3,0.00999999999999801
After cleaning,56.3,0
Memory allocation,56.3,0
ReducdModel,56.3,0
before Dt clean,57.07,0.770000000000003
Dt clean,57.07,0
BLUP,57.07,0
PEV,58.73,1.66
K normal,58.73,0
K set to 1,57.63,-1.09999999999999
Screening SNPs,57.63,0
GWAS done for this Trait,57.63,0
Post PreP3D,55.24,-2.39
cp start,55.25,0.00999999999999801
Does this change memory0,55.25,0
cp distance,55.26,0.00999999999999801
cp cluster,55.56,0.300000000000004
cp cutree,55.78,0.219999999999999
cp calculation original,56.83,1.05
cp calculation,56.83,0
PreP3D 2_cp,55.21,-1.62
PreP3D 2 bk,55.18,-0.0300000000000011
PreP3D 2 zc,55.16,-0.0200000000000031
Prio PreP3D,55.16,0
P3D Start,55.17,0.0100000000000051
eig.L,56.17,1
eig.R,56.74,0.57
REML,56.74,0
eig.R removed,56.17,-0.57
Trait,56.77,0.600000000000001
REML,56.77,0
eig.R removed,56.77,0
REMLE removed,56.77,0
U Matrix,56.77,0
eig.L removed,56.19,-0.580000000000005
New Genotype file,56.19,0
Before cleaning,56.2,0.0100000000000051
After cleaning,56.2,0
Memory allocation,56.2,0
ReducdModel,56.2,0
before Dt clean,56.92,0.719999999999999
Dt clean,56.91,-0.0100000000000051
BLUP,56.92,0.0100000000000051
PEV,58.42,1.5
K normal,58.42,0
K set to 1,57.41,-1.01000000000001
Screening SNPs,57.41,0
GWAS done for this Trait,57.41,0
Post PreP3D,55.16,-2.25
cp start,55.17,0.0100000000000051
Does this change memory0,55.17,0
cp distance,55.17,0
cp cluster,55.48,0.309999999999995
cp cutree,55.69,0.210000000000001
cp calculation original,56.66,0.969999999999999
cp calculation,56.66,0
PreP3D 2_cp,55.13,-1.52999999999999
PreP3D 2 bk,55.1,-0.0300000000000011
PreP3D 2 zc,55.08,-0.0200000000000031
Prio PreP3D,55.08,0
P3D Start,55.09,0.0100000000000051
eig.L,56.07,0.979999999999997
eig.R,56.64,0.57
REML,56.64,0
eig.R removed,56.07,-0.57
Trait,56.68,0.609999999999999
REML,56.68,0
eig.R removed,56.68,0
REMLE removed,56.68,0
U Matrix,56.68,0
eig.L removed,56.09,-0.589999999999996
New Genotype file,56.09,0
Before cleaning,56.1,0.00999999999999801
After cleaning,56.1,0
Memory allocation,56.1,0
ReducdModel,56.1,0
before Dt clean,56.77,0.670000000000002
Dt clean,56.77,0
BLUP,56.77,0
PEV,58.12,1.34999999999999
K normal,58.12,0
K set to 1,57.19,-0.93
Screening SNPs,57.19,0
GWAS done for this Trait,57.19,0
Post PreP3D,55.08,-2.11
cp start,55.09,0.0100000000000051
Does this change memory0,55.09,0
cp distance,55.1,0.00999999999999801
cp cluster,55.4,0.299999999999997
cp cutree,55.6,0.200000000000003
cp calculation original,56.49,0.890000000000001
cp calculation,56.49,0
PreP3D 2_cp,55.05,-1.44
PreP3D 2 bk,55.03,-0.019999999999996
PreP3D 2 zc,55.01,-0.0200000000000031
Prio PreP3D,55.01,0
P3D Start,55.01,0
eig.L,55.98,0.969999999999999
eig.R,56.55,0.57
REML,56.55,0
eig.R removed,55.98,-0.57
Trait,56.58,0.600000000000001
REML,56.58,0
eig.R removed,56.58,0
REMLE removed,56.58,0
U Matrix,56.58,0
eig.L removed,56,-0.579999999999998
New Genotype file,56,0
Before cleaning,56.01,0.00999999999999801
After cleaning,56.01,0
Memory allocation,56.01,0
ReducdModel,56.01,0
before Dt clean,56.63,0.620000000000005
Dt clean,56.63,0
BLUP,56.63,0
PEV,57.86,1.23
K normal,57.86,0
K set to 1,57,-0.859999999999999
Screening SNPs,57,0
GWAS done for this Trait,57,0
Post PreP3D,55.01,-1.99
cp start,55.02,0.0100000000000051
Does this change memory0,55.02,0
cp distance,55.02,0
cp cluster,55.33,0.309999999999995
cp cutree,55.52,0.190000000000005
cp calculation original,56.33,0.809999999999995
cp calculation,56.33,0
PreP3D 2_cp,54.98,-1.35
PreP3D 2 bk,54.96,-0.019999999999996
PreP3D 2 zc,54.94,-0.0200000000000031
Prio PreP3D,54.94,0
P3D Start,54.94,0
eig.L,55.89,0.950000000000003
eig.R,56.46,0.57
REML,56.46,0
eig.R removed,55.89,-0.57
Trait,56.49,0.600000000000001
REML,56.49,0
eig.R removed,56.49,0
REMLE removed,56.49,0
U Matrix,56.49,0
eig.L removed,55.91,-0.580000000000005
New Genotype file,55.91,0
Before cleaning,55.91,0
After cleaning,55.91,0
Memory allocation,55.91,0
ReducdModel,55.91,0
before Dt clean,56.49,0.580000000000005
Dt clean,56.49,0
BLUP,56.49,0
PEV,57.59,1.1
K normal,57.59,0
K set to 1,56.8,-0.790000000000006
Screening SNPs,56.8,0
GWAS done for this Trait,56.8,0
Post PreP3D,54.93,-1.87
cp start,54.94,0.00999999999999801
Does this change memory0,54.95,0.0100000000000051
cp distance,54.95,0
cp cluster,55.26,0.309999999999995
cp cutree,55.43,0.170000000000002
cp calculation original,56.18,0.75
cp calculation,56.18,0
PreP3D 2_cp,54.91,-1.27
PreP3D 2 bk,54.89,-0.019999999999996
PreP3D 2 zc,54.87,-0.0200000000000031
Prio PreP3D,54.87,0
P3D Start,54.87,0
eig.L,55.8,0.93
eig.R,56.37,0.57
REML,56.37,0
eig.R removed,55.8,-0.57
Trait,56.4,0.600000000000001
REML,56.4,0
eig.R removed,56.4,0
REMLE removed,56.4,0
U Matrix,56.4,0
eig.L removed,55.82,-0.579999999999998
New Genotype file,55.82,0
Before cleaning,55.82,0
After cleaning,55.82,0
Memory allocation,55.82,0
ReducdModel,55.82,0
before Dt clean,56.36,0.539999999999999
Dt clean,56.35,-0.00999999999999801
BLUP,56.36,0.00999999999999801
PEV,57.33,0.969999999999999
K normal,57.33,0
K set to 1,56.61,-0.719999999999999
Screening SNPs,56.61,0
GWAS done for this Trait,56.61,0
Post PreP3D,54.86,-1.75
cp start,54.87,0.00999999999999801
Does this change memory0,54.88,0.0100000000000051
cp distance,54.88,0
cp cluster,55.19,0.309999999999995
cp cutree,55.35,0.160000000000004
cp calculation original,56.03,0.68
cp calculation,56.03,0
PreP3D 2_cp,54.84,-1.19
PreP3D 2 bk,54.82,-0.0200000000000031
PreP3D 2 zc,54.8,-0.0200000000000031
Prio PreP3D,54.8,0
P3D Start,54.81,0.0100000000000051
eig.L,55.71,0.899999999999999
eig.R,56.29,0.579999999999998
REML,56.29,0
eig.R removed,55.71,-0.579999999999998
Trait,56.32,0.609999999999999
REML,56.32,0
eig.R removed,56.32,0
REMLE removed,56.32,0
U Matrix,56.32,0
eig.L removed,55.74,-0.579999999999998
New Genotype file,55.74,0
Before cleaning,55.74,0
After cleaning,55.74,0
Memory allocation,55.74,0
ReducdModel,55.74,0
before Dt clean,56.23,0.489999999999995
Dt clean,56.23,0
BLUP,56.23,0
PEV,57.1,0.870000000000005
K normal,57.1,0
K set to 1,56.44,-0.660000000000004
Screening SNPs,56.44,0
GWAS done for this Trait,56.44,0
Post PreP3D,54.8,-1.64
cp start,54.81,0.0100000000000051
Does this change memory0,54.82,0.00999999999999801
cp distance,54.82,0
cp cluster,55.13,0.310000000000002
cp cutree,55.28,0.149999999999999
cp calculation original,55.89,0.609999999999999
cp calculation,55.89,0
PreP3D 2_cp,54.78,-1.11
PreP3D 2 bk,54.76,-0.0200000000000031
PreP3D 2 zc,54.74,-0.019999999999996
Prio PreP3D,54.74,0
P3D Start,54.75,0.00999999999999801
eig.L,55.63,0.880000000000003
eig.R,56.2,0.57
REML,56.2,0
eig.R removed,55.63,-0.57
Trait,56.23,0.599999999999994
REML,56.23,0
eig.R removed,56.23,0
REMLE removed,56.23,0
U Matrix,56.23,0
eig.L removed,55.65,-0.579999999999998
New Genotype file,55.65,0
Before cleaning,55.66,0.00999999999999801
After cleaning,55.66,0
Memory allocation,55.66,0
ReducdModel,55.66,0
before Dt clean,56.11,0.450000000000003
Dt clean,56.1,-0.00999999999999801
BLUP,56.11,0.00999999999999801
PEV,56.86,0.75
K normal,56.86,0
K set to 1,56.27,-0.589999999999996
Screening SNPs,56.27,0
GWAS done for this Trait,56.27,0
Post PreP3D,54.73,-1.54000000000001
cp start,54.75,0.0200000000000031
Does this change memory0,54.75,0
cp distance,54.76,0.00999999999999801
cp cluster,55.06,0.300000000000004
cp cutree,55.21,0.149999999999999
cp calculation original,55.75,0.539999999999999
cp calculation,55.75,0
PreP3D 2_cp,54.72,-1.03
PreP3D 2 bk,54.7,-0.019999999999996
PreP3D 2 zc,54.68,-0.0200000000000031
Prio PreP3D,54.68,0
P3D Start,54.69,0.00999999999999801
eig.L,55.55,0.859999999999999
eig.R,56.13,0.580000000000005
REML,56.13,0
eig.R removed,55.55,-0.580000000000005
Trait,56.16,0.609999999999999
REML,56.16,0
eig.R removed,56.16,0
REMLE removed,56.16,0
U Matrix,56.16,0
eig.L removed,55.58,-0.579999999999998
New Genotype file,55.58,0
Before cleaning,55.58,0
After cleaning,55.58,0
Memory allocation,55.58,0
ReducdModel,55.58,0
before Dt clean,55.99,0.410000000000004
Dt clean,55.99,0
BLUP,55.99,0
PEV,56.65,0.659999999999997
K normal,56.65,0
K set to 1,56.12,-0.530000000000001
Screening SNPs,56.12,0
GWAS done for this Trait,56.12,0
Post PreP3D,54.68,-1.44
cp start,54.69,0.00999999999999801
Does this change memory0,54.7,0.0100000000000051
cp distance,54.7,0
cp cluster,55.01,0.309999999999995
cp cutree,55.14,0.130000000000003
cp calculation original,55.62,0.479999999999997
cp calculation,55.62,0
PreP3D 2_cp,54.66,-0.960000000000001
PreP3D 2 bk,54.65,-0.00999999999999801
PreP3D 2 zc,54.62,-0.0300000000000011
Prio PreP3D,54.62,0
P3D Start,54.63,0.0100000000000051
eig.L,55.47,0.839999999999996
eig.R,56.05,0.579999999999998
REML,56.05,0
eig.R removed,55.47,-0.579999999999998
Trait,56.08,0.609999999999999
REML,56.08,0
eig.R removed,56.08,0
REMLE removed,56.08,0
U Matrix,56.08,0
eig.L removed,55.5,-0.579999999999998
New Genotype file,55.5,0
Before cleaning,55.5,0
After cleaning,55.5,0
Memory allocation,55.5,0
ReducdModel,55.5,0
before Dt clean,55.87,0.369999999999997
Dt clean,55.87,0
BLUP,55.87,0
PEV,56.44,0.57
K normal,56.44,0
K set to 1,55.96,-0.479999999999997
Screening SNPs,55.96,0
GWAS done for this Trait,55.96,0
Post PreP3D,54.62,-1.34
cp start,54.63,0.0100000000000051
Does this change memory0,54.64,0.00999999999999801
cp distance,54.64,0
cp cluster,54.95,0.310000000000002
cp cutree,55.07,0.119999999999997
cp calculation original,55.5,0.43
cp calculation,55.5,0
PreP3D 2_cp,54.6,-0.899999999999999
PreP3D 2 bk,54.59,-0.00999999999999801
PreP3D 2 zc,54.57,-0.0200000000000031
Prio PreP3D,54.57,0
P3D Start,54.58,0.00999999999999801
eig.L,55.4,0.82
eig.R,55.97,0.57
REML,55.97,0
eig.R removed,55.4,-0.57
Trait,56.01,0.609999999999999
REML,56.01,0
eig.R removed,56.01,0
REMLE removed,56.01,0
U Matrix,56.01,0
eig.L removed,55.42,-0.589999999999996
New Genotype file,55.42,0
Before cleaning,55.43,0.00999999999999801
After cleaning,55.43,0
Memory allocation,55.43,0
ReducdModel,55.43,0
before Dt clean,55.76,0.329999999999998
Dt clean,55.76,0
BLUP,55.76,0
PEV,56.24,0.480000000000004
K normal,56.24,0
K set to 1,55.82,-0.420000000000002
Screening SNPs,55.82,0
GWAS done for this Trait,55.82,0
Post PreP3D,54.56,-1.26
cp start,54.58,0.019999999999996
Does this change memory0,54.59,0.0100000000000051
cp distance,54.59,0
cp cluster,54.89,0.299999999999997
cp cutree,55.01,0.119999999999997
cp calculation original,55.38,0.370000000000005
cp calculation,55.38,0
PreP3D 2_cp,54.55,-0.830000000000005
PreP3D 2 bk,54.54,-0.00999999999999801
PreP3D 2 zc,54.52,-0.019999999999996
Prio PreP3D,54.52,0
P3D Start,54.53,0.00999999999999801
eig.L,55.33,0.799999999999997
eig.R,55.91,0.579999999999998
REML,55.91,0
eig.R removed,55.33,-0.579999999999998
Trait,55.94,0.609999999999999
REML,55.94,0
eig.R removed,55.94,0
REMLE removed,55.94,0
U Matrix,55.94,0
eig.L removed,55.36,-0.579999999999998
New Genotype file,55.36,0
Before cleaning,55.36,0
After cleaning,55.36,0
Memory allocation,55.36,0
ReducdModel,55.36,0
before Dt clean,55.66,0.299999999999997
Dt clean,55.66,0
BLUP,55.66,0
PEV,56.06,0.400000000000006
K normal,56.06,0
K set to 1,55.69,-0.370000000000005
Screening SNPs,55.69,0
GWAS done for this Trait,55.69,0
Post PreP3D,54.51,-1.18
cp start,54.53,0.0200000000000031
Does this change memory0,54.54,0.00999999999999801
cp distance,54.54,0
cp cluster,54.85,0.310000000000002
cp cutree,54.95,0.100000000000001
cp calculation original,55.27,0.32
cp calculation,55.27,0
PreP3D 2_cp,54.5,-0.770000000000003
PreP3D 2 bk,54.49,-0.00999999999999801
PreP3D 2 zc,54.47,-0.0200000000000031
Prio PreP3D,54.47,0
P3D Start,54.48,0.00999999999999801
eig.L,55.26,0.780000000000001
eig.R,55.84,0.580000000000005
REML,55.84,0
eig.R removed,55.26,-0.580000000000005
Trait,55.87,0.609999999999999
REML,55.87,0
eig.R removed,55.87,0
REMLE removed,55.87,0
U Matrix,55.87,0
eig.L removed,55.29,-0.579999999999998
New Genotype file,55.29,0
Before cleaning,55.29,0
After cleaning,55.29,0
Memory allocation,55.29,0
ReducdModel,55.29,0
before Dt clean,55.56,0.270000000000003
Dt clean,55.55,-0.0100000000000051
BLUP,55.55,0
PEV,55.89,0.340000000000003
K normal,55.89,0
K set to 1,55.57,-0.32
Screening SNPs,55.57,0
GWAS done for this Trait,55.57,0
Post PreP3D,54.46,-1.11
cp start,54.48,0.019999999999996
Does this change memory0,54.49,0.0100000000000051
cp distance,54.49,0
cp cluster,54.8,0.309999999999995
cp cutree,54.89,0.0900000000000034
cp calculation original,55.16,0.269999999999996
cp calculation,55.16,0
PreP3D 2_cp,54.45,-0.709999999999994
PreP3D 2 bk,54.45,0
PreP3D 2 zc,54.43,-0.0200000000000031
Prio PreP3D,54.43,0
P3D Start,54.43,0
eig.L,55.2,0.770000000000003
eig.R,55.77,0.57
REML,55.77,0
eig.R removed,55.2,-0.57
Trait,55.8,0.599999999999994
REML,55.8,0
eig.R removed,55.8,0
REMLE removed,55.8,0
U Matrix,55.8,0
eig.L removed,55.22,-0.579999999999998
New Genotype file,55.22,0
Before cleaning,55.22,0
After cleaning,55.22,0
Memory allocation,55.22,0
ReducdModel,55.23,0.00999999999999801
before Dt clean,55.46,0.230000000000004
Dt clean,55.45,-0.00999999999999801
BLUP,55.45,0
PEV,55.72,0.269999999999996
K normal,55.72,0
K set to 1,55.45,-0.269999999999996
Screening SNPs,55.45,0
GWAS done for this Trait,55.45,0
Post PreP3D,54.42,-1.03
cp start,54.44,0.019999999999996
Does this change memory0,54.45,0.0100000000000051
cp distance,54.45,0
cp cluster,54.75,0.299999999999997
cp cutree,54.83,0.0799999999999983
cp calculation original,55.06,0.230000000000004
cp calculation,55.06,0
PreP3D 2_cp,54.41,-0.650000000000006
PreP3D 2 bk,54.4,-0.00999999999999801
PreP3D 2 zc,54.38,-0.019999999999996
Prio PreP3D,54.38,0
P3D Start,54.39,0.00999999999999801
eig.L,55.13,0.740000000000002
eig.R,55.71,0.579999999999998
REML,55.71,0
eig.R removed,55.13,-0.579999999999998
Trait,55.74,0.609999999999999
REML,55.74,0
eig.R removed,55.74,0
REMLE removed,55.74,0
U Matrix,55.74,0
eig.L removed,55.16,-0.580000000000005
New Genotype file,55.16,0
Before cleaning,55.16,0
After cleaning,55.16,0
Memory allocation,55.16,0
ReducdModel,55.16,0
before Dt clean,55.36,0.200000000000003
Dt clean,55.36,0
BLUP,55.36,0
PEV,55.56,0.200000000000003
K normal,55.57,0.00999999999999801
K set to 1,55.34,-0.229999999999997
Screening SNPs,55.34,0
GWAS done for this Trait,55.34,0
Post PreP3D,54.37,-0.970000000000006
cp start,54.39,0.0200000000000031
Does this change memory0,54.4,0.00999999999999801
cp distance,54.41,0.00999999999999801
cp cluster,54.71,0.300000000000004
cp cutree,54.78,0.0700000000000003
cp calculation original,54.97,0.189999999999998
cp calculation,54.97,0
PreP3D 2_cp,54.37,-0.600000000000001
PreP3D 2 bk,54.36,-0.00999999999999801
PreP3D 2 zc,54.34,-0.019999999999996
Prio PreP3D,54.34,0
P3D Start,54.35,0.00999999999999801
eig.L,55.07,0.719999999999999
eig.R,55.65,0.579999999999998
REML,55.65,0
eig.R removed,55.07,-0.579999999999998
Trait,55.68,0.609999999999999
REML,55.68,0
eig.R removed,55.68,0
REMLE removed,55.68,0
U Matrix,55.68,0
eig.L removed,55.1,-0.579999999999998
New Genotype file,55.1,0
Before cleaning,55.1,0
After cleaning,55.1,0
Memory allocation,55.1,0
ReducdModel,55.1,0
before Dt clean,55.27,0.170000000000002
Dt clean,55.27,0
BLUP,55.27,0
PEV,55.42,0.149999999999999
K normal,55.42,0
K set to 1,55.24,-0.18
Screening SNPs,55.24,0
GWAS done for this Trait,55.24,0
Post PreP3D,54.33,-0.910000000000004
cp start,54.36,0.0300000000000011
Does this change memory0,54.37,0.00999999999999801
cp distance,54.37,0
cp cluster,54.67,0.300000000000004
cp cutree,54.73,0.0599999999999952
cp calculation original,54.88,0.150000000000006
cp calculation,54.88,0
PreP3D 2_cp,54.33,-0.550000000000004
PreP3D 2 bk,54.33,0
PreP3D 2 zc,54.31,-0.019999999999996
Prio PreP3D,54.31,0
P3D Start,54.32,0.00999999999999801
eig.L,55.02,0.700000000000003
eig.R,55.59,0.57
REML,55.59,0
eig.R removed,55.02,-0.57
Trait,55.62,0.599999999999994
REML,55.62,0
eig.R removed,55.62,0
REMLE removed,55.62,0
U Matrix,55.62,0
eig.L removed,55.04,-0.579999999999998
New Genotype file,55.04,0
Before cleaning,55.04,0
After cleaning,55.04,0
Memory allocation,55.05,0.00999999999999801
ReducdModel,55.05,0
before Dt clean,55.18,0.130000000000003
Dt clean,55.18,0
BLUP,55.18,0
PEV,55.29,0.109999999999999
K normal,55.29,0
K set to 1,55.14,-0.149999999999999
Screening SNPs,55.14,0
GWAS done for this Trait,55.14,0
Post PreP3D,54.3,-0.840000000000003
cp start,54.32,0.0200000000000031
Does this change memory0,54.33,0.00999999999999801
cp distance,54.33,0
cp cluster,54.64,0.310000000000002
cp cutree,54.68,0.0399999999999991
cp calculation original,54.8,0.119999999999997
cp calculation,54.8,0
PreP3D 2_cp,54.29,-0.509999999999998
PreP3D 2 bk,54.29,0
PreP3D 2 zc,54.27,-0.019999999999996
Prio PreP3D,54.27,0
P3D Start,54.28,0.00999999999999801
eig.L,54.96,0.68
eig.R,55.54,0.579999999999998
REML,55.54,0
eig.R removed,54.96,-0.579999999999998
Trait,55.57,0.609999999999999
REML,55.57,0
eig.R removed,55.57,0
REMLE removed,55.57,0
U Matrix,55.57,0
eig.L removed,54.99,-0.579999999999998
New Genotype file,54.99,0
Before cleaning,54.99,0
After cleaning,54.99,0
Memory allocation,54.99,0
ReducdModel,54.99,0
before Dt clean,55.1,0.109999999999999
Dt clean,55.1,0
BLUP,55.1,0
PEV,55.18,0.0799999999999983
K normal,55.18,0
K set to 1,55.06,-0.119999999999997
Screening SNPs,55.06,0
GWAS done for this Trait,55.06,0
Post PreP3D,54.26,-0.800000000000004
cp start,54.29,0.0300000000000011
Does this change memory0,54.3,0.00999999999999801
cp distance,54.3,0
cp cluster,54.6,0.300000000000004
cp cutree,54.64,0.0399999999999991
cp calculation original,54.72,0.0799999999999983
cp calculation,54.72,0
PreP3D 2_cp,54.26,-0.460000000000001
PreP3D 2 bk,54.26,0
PreP3D 2 zc,54.24,-0.019999999999996
Prio PreP3D,54.24,0
P3D Start,54.25,0.00999999999999801
eig.L,54.91,0.659999999999997
eig.R,55.48,0.57
REML,55.48,0
eig.R removed,54.91,-0.57
Trait,55.52,0.610000000000007
REML,55.52,0
eig.R removed,55.52,0
REMLE removed,55.52,0
U Matrix,55.52,0
eig.L removed,54.94,-0.580000000000005
New Genotype file,54.94,0
Before cleaning,54.94,0
After cleaning,54.94,0
Memory allocation,54.94,0
ReducdModel,54.94,0
before Dt clean,55.02,0.0800000000000054
Dt clean,55.02,0
BLUP,55.02,0
PEV,55.07,0.0499999999999972
K normal,55.07,0
K set to 1,54.99,-0.0799999999999983
Screening SNPs,54.99,0
GWAS done for this Trait,54.99,0
Post PreP3D,54.23,-0.760000000000005
cp start,54.41,0.18
Does this change memory0,54.42,0.0100000000000051
cp distance,54.42,0
cp cluster,54.73,0.309999999999995
cp cutree,55.04,0.310000000000002
cp calculation original,56.87,1.83
cp calculation,56.87,0
PreP3D 2_cp,55.01,-1.86
PreP3D 2 bk,55.61,0.600000000000001
PreP3D 2 zc,56.14,0.530000000000001
GWAS,57.59,1.45
Final,56.97,-0.620000000000005
GPS,56.99,0.0200000000000031
Compression.Visualization,56.99,0
Extract p3d results,56.99,0
Extract GWAS start,57,0.00999999999999801
MAF filtered,57.19,0.189999999999998
Multiple Correction,57.37,0.18
QQ plot,57.37,0
Manhattan plot,57.37,0
Extract GWAS end,57.65,0.280000000000001
Report,57.65,0
