Infor,size,Increased
GAPIT,39.78,0
Genotype start,39.78,0
Genotype loaded,39.78,0
Before HapMap,39.78,0
after HapMap,46.58,6.8
HapMap,46.58,0
G removed,46.58,0
hm removed,46.58,0
Sampling genotype,46.58,0
Before SUPER,46.58,0
Before PCA,46.58,0
PCA,47.35,0.770000000000003
Before creating kinship,47.35,0
Estimating kinship,50.3,2.95
after creating kinship,50.3,0
after LD plot,50.3,0
Genotype for all,50.07,-0.229999999999997
QC,54.2,4.13
SagnwichTop,54.2,0
DataProcessing,54.21,0.00999999999999801
cp start,54.21,0
Does this change memory0,54.21,0
cp distance,54.21,0
cp cluster,54.52,0.310000000000002
cp cutree,54.82,0.299999999999997
cp calculation original,56.68,1.86
cp calculation,56.68,0
PreP3D 2_cp,54.84,-1.84
PreP3D 2 bk,55.39,0.549999999999997
PreP3D 2 zc,55.88,0.490000000000002
Prio PreP3D,55.88,0
P3D Start,55.88,0
eig.L,56.83,0.949999999999996
eig.R,57.3,0.469999999999999
REML,57.3,0
eig.R removed,56.83,-0.469999999999999
Trait,57.32,0.490000000000002
REML,57.32,0
eig.R removed,57.32,0
REMLE removed,57.32,0
U Matrix,57.32,0
eig.L removed,56.85,-0.469999999999999
New Genotype file,56.85,0
Before cleaning,56.85,0
After cleaning,56.85,0
Memory allocation,56.85,0
ReducdModel,56.85,0
before Dt clean,57.81,0.960000000000001
Dt clean,57.81,0
BLUP,57.81,0
PEV,60.25,2.44
K normal,60.25,0
K set to 1,58.8,-1.45
Screening SNPs,58.8,0
GWAS done for this Trait,58.8,0
Post PreP3D,55.89,-2.91
cp start,55.9,0.00999999999999801
Does this change memory0,55.9,0
cp distance,55.9,0
cp cluster,56.2,0.300000000000004
cp cutree,56.5,0.299999999999997
cp calculation original,58.21,1.71
cp calculation,58.21,0
PreP3D 2_cp,55.83,-2.38
PreP3D 2 bk,55.79,-0.0399999999999991
PreP3D 2 zc,55.77,-0.019999999999996
Prio PreP3D,55.77,0
P3D Start,55.77,0
eig.L,56.71,0.939999999999998
eig.R,57.21,0.5
REML,57.21,0
eig.R removed,56.71,-0.5
Trait,57.2,0.490000000000002
REML,57.2,0
eig.R removed,57.2,0
REMLE removed,57.2,0
U Matrix,57.2,0
eig.L removed,56.73,-0.470000000000006
New Genotype file,56.73,0
Before cleaning,56.73,0
After cleaning,56.73,0
Memory allocation,56.73,0
ReducdModel,56.73,0
before Dt clean,57.63,0.900000000000006
Dt clean,57.63,0
BLUP,57.63,0
PEV,59.83,2.2
K normal,59.83,0
K set to 1,58.5,-1.33
Screening SNPs,58.5,0
GWAS done for this Trait,58.5,0
Post PreP3D,55.77,-2.73
cp start,55.78,0.00999999999999801
Does this change memory0,55.78,0
cp distance,55.78,0
cp cluster,56.09,0.310000000000002
cp cutree,56.37,0.279999999999994
cp calculation original,58.01,1.64
cp calculation,58.01,0
PreP3D 2_cp,55.78,-2.23
PreP3D 2 bk,55.74,-0.0399999999999991
PreP3D 2 zc,55.72,-0.0200000000000031
Prio PreP3D,55.72,0
P3D Start,55.73,0.00999999999999801
eig.L,56.64,0.910000000000004
eig.R,57.14,0.5
REML,57.14,0
eig.R removed,56.64,-0.5
Trait,57.14,0.5
REML,57.14,0
eig.R removed,57.14,0
REMLE removed,57.14,0
U Matrix,57.14,0
eig.L removed,56.66,-0.480000000000004
New Genotype file,56.66,0
Before cleaning,56.67,0.0100000000000051
After cleaning,56.67,0
Memory allocation,56.67,0
ReducdModel,56.67,0
before Dt clean,57.52,0.850000000000001
Dt clean,57.52,0
BLUP,57.52,0
PEV,59.58,2.06
K normal,59.58,0
K set to 1,58.32,-1.26
Screening SNPs,58.32,0
GWAS done for this Trait,58.32,0
Post PreP3D,55.72,-2.6
cp start,55.73,0.00999999999999801
Does this change memory0,55.73,0
cp distance,55.73,0
cp cluster,56.04,0.310000000000002
cp cutree,56.31,0.270000000000003
cp calculation original,57.83,1.52
cp calculation,57.83,0
PreP3D 2_cp,55.67,-2.16
PreP3D 2 bk,55.63,-0.0399999999999991
PreP3D 2 zc,55.61,-0.0200000000000031
Prio PreP3D,55.61,0
P3D Start,55.61,0
eig.L,56.51,0.899999999999999
eig.R,56.98,0.469999999999999
REML,56.98,0
eig.R removed,56.51,-0.469999999999999
Trait,57.01,0.5
REML,57.01,0
eig.R removed,57.01,0
REMLE removed,57.01,0
U Matrix,57.01,0
eig.L removed,56.53,-0.479999999999997
New Genotype file,56.53,0
Before cleaning,56.54,0.00999999999999801
After cleaning,56.54,0
Memory allocation,56.54,0
ReducdModel,56.54,0
before Dt clean,57.34,0.800000000000004
Dt clean,57.34,0
BLUP,57.35,0.00999999999999801
PEV,59.25,1.9
K normal,59.25,0
K set to 1,58.07,-1.18
Screening SNPs,58.07,0
GWAS done for this Trait,58.07,0
Post PreP3D,55.61,-2.46
cp start,55.62,0.00999999999999801
Does this change memory0,55.62,0
cp distance,55.62,0
cp cluster,55.92,0.300000000000004
cp cutree,56.19,0.269999999999996
cp calculation original,57.59,1.40000000000001
cp calculation,57.59,0
PreP3D 2_cp,55.56,-2.03
PreP3D 2 bk,55.52,-0.0399999999999991
PreP3D 2 zc,55.51,-0.0100000000000051
Prio PreP3D,55.51,0
P3D Start,55.51,0
eig.L,56.4,0.890000000000001
eig.R,56.9,0.5
REML,56.9,0
eig.R removed,56.4,-0.5
Trait,56.89,0.490000000000002
REML,56.89,0
eig.R removed,56.89,0
REMLE removed,56.89,0
U Matrix,56.89,0
eig.L removed,56.42,-0.469999999999999
New Genotype file,56.42,0
Before cleaning,56.42,0
After cleaning,56.42,0
Memory allocation,56.42,0
ReducdModel,56.42,0
before Dt clean,57.19,0.769999999999996
Dt clean,57.18,-0.00999999999999801
BLUP,57.19,0.00999999999999801
PEV,58.95,1.76000000000001
K normal,58.95,0
K set to 1,57.84,-1.11
Screening SNPs,57.84,0
GWAS done for this Trait,57.84,0
Post PreP3D,55.51,-2.33000000000001
cp start,55.51,0
Does this change memory0,55.51,0
cp distance,55.52,0.0100000000000051
cp cluster,55.82,0.299999999999997
cp cutree,56.07,0.25
cp calculation original,57.39,1.32
cp calculation,57.39,0
PreP3D 2_cp,55.47,-1.92
PreP3D 2 bk,55.44,-0.0300000000000011
PreP3D 2 zc,55.43,-0.00999999999999801
Prio PreP3D,55.43,0
P3D Start,55.43,0
eig.L,56.3,0.869999999999997
eig.R,56.8,0.5
REML,56.8,0
eig.R removed,56.3,-0.5
Trait,56.8,0.5
REML,56.8,0
eig.R removed,56.8,0
REMLE removed,56.8,0
U Matrix,56.8,0
eig.L removed,56.32,-0.479999999999997
New Genotype file,56.32,0
Before cleaning,56.32,0
After cleaning,56.32,0
Memory allocation,56.32,0
ReducdModel,56.33,0.00999999999999801
before Dt clean,57.05,0.719999999999999
Dt clean,57.05,0
BLUP,57.05,0
PEV,58.69,1.64
K normal,58.69,0
K set to 1,57.64,-1.05
Screening SNPs,57.64,0
GWAS done for this Trait,57.64,0
Post PreP3D,55.42,-2.22
cp start,55.43,0.00999999999999801
Does this change memory0,55.44,0.00999999999999801
cp distance,55.44,0
cp cluster,55.74,0.300000000000004
cp cutree,55.98,0.239999999999995
cp calculation original,57.21,1.23
cp calculation,57.21,0
PreP3D 2_cp,55.4,-1.81
PreP3D 2 bk,55.36,-0.0399999999999991
PreP3D 2 zc,55.35,-0.00999999999999801
Prio PreP3D,55.35,0
P3D Start,55.35,0
eig.L,56.2,0.850000000000001
eig.R,56.67,0.469999999999999
REML,56.67,0
eig.R removed,56.2,-0.469999999999999
Trait,56.7,0.5
REML,56.7,0
eig.R removed,56.7,0
REMLE removed,56.7,0
U Matrix,56.7,0
eig.L removed,56.22,-0.480000000000004
New Genotype file,56.22,0
Before cleaning,56.23,0.00999999999999801
After cleaning,56.23,0
Memory allocation,56.23,0
ReducdModel,56.23,0
before Dt clean,56.91,0.68
Dt clean,56.91,0
BLUP,56.91,0
PEV,58.41,1.5
K normal,58.41,0
K set to 1,57.44,-0.969999999999999
Screening SNPs,57.44,0
GWAS done for this Trait,57.44,0
Post PreP3D,55.34,-2.09999999999999
cp start,55.35,0.00999999999999801
Does this change memory0,55.35,0
cp distance,55.36,0.00999999999999801
cp cluster,55.66,0.299999999999997
cp cutree,55.89,0.230000000000004
cp calculation original,57.03,1.14
cp calculation,57.03,0
PreP3D 2_cp,55.32,-1.71
PreP3D 2 bk,55.28,-0.0399999999999991
PreP3D 2 zc,55.26,-0.0200000000000031
Prio PreP3D,55.26,0
P3D Start,55.27,0.0100000000000051
eig.L,56.1,0.829999999999998
eig.R,56.57,0.469999999999999
REML,56.57,0
eig.R removed,56.1,-0.469999999999999
Trait,56.6,0.5
REML,56.6,0
eig.R removed,56.6,0
REMLE removed,56.6,0
U Matrix,56.6,0
eig.L removed,56.12,-0.480000000000004
New Genotype file,56.12,0
Before cleaning,56.13,0.0100000000000051
After cleaning,56.13,0
Memory allocation,56.13,0
ReducdModel,56.13,0
before Dt clean,56.76,0.629999999999995
Dt clean,56.76,0
BLUP,56.76,0
PEV,58.11,1.35
K normal,58.11,0
K set to 1,57.22,-0.890000000000001
Screening SNPs,57.22,0
GWAS done for this Trait,57.22,0
Post PreP3D,55.26,-1.96
cp start,55.27,0.0100000000000051
Does this change memory0,55.27,0
cp distance,55.28,0.00999999999999801
cp cluster,55.58,0.299999999999997
cp cutree,55.8,0.219999999999999
cp calculation original,56.85,1.05
cp calculation,56.85,0
PreP3D 2_cp,55.23,-1.62
PreP3D 2 bk,55.21,-0.019999999999996
PreP3D 2 zc,55.19,-0.0200000000000031
Prio PreP3D,55.19,0
P3D Start,55.2,0.0100000000000051
eig.L,56.02,0.82
eig.R,56.48,0.459999999999994
REML,56.48,0
eig.R removed,56.02,-0.459999999999994
Trait,56.51,0.489999999999995
REML,56.51,0
eig.R removed,56.51,0
REMLE removed,56.51,0
U Matrix,56.51,0
eig.L removed,56.04,-0.469999999999999
New Genotype file,56.04,0
Before cleaning,56.04,0
After cleaning,56.04,0
Memory allocation,56.04,0
ReducdModel,56.04,0
before Dt clean,56.63,0.590000000000003
Dt clean,56.63,0
BLUP,56.64,0.00999999999999801
PEV,57.88,1.24
K normal,57.88,0
K set to 1,57.04,-0.840000000000003
Screening SNPs,57.04,0
GWAS done for this Trait,57.04,0
Post PreP3D,55.19,-1.85
cp start,55.2,0.0100000000000051
Does this change memory0,55.2,0
cp distance,55.2,0
cp cluster,55.51,0.309999999999995
cp cutree,55.72,0.210000000000001
cp calculation original,56.69,0.969999999999999
cp calculation,56.69,0
PreP3D 2_cp,55.16,-1.53
PreP3D 2 bk,55.14,-0.019999999999996
PreP3D 2 zc,55.12,-0.0200000000000031
Prio PreP3D,55.12,0
P3D Start,55.12,0
eig.L,55.92,0.800000000000004
eig.R,56.39,0.469999999999999
REML,56.39,0
eig.R removed,55.92,-0.469999999999999
Trait,56.42,0.5
REML,56.42,0
eig.R removed,56.42,0
REMLE removed,56.42,0
U Matrix,56.42,0
eig.L removed,55.94,-0.480000000000004
New Genotype file,55.94,0
Before cleaning,55.95,0.0100000000000051
After cleaning,55.95,0
Memory allocation,55.95,0
ReducdModel,55.95,0
before Dt clean,56.5,0.549999999999997
Dt clean,56.49,-0.00999999999999801
BLUP,56.5,0.00999999999999801
PEV,57.6,1.1
K normal,57.6,0
K set to 1,56.84,-0.759999999999998
Screening SNPs,56.84,0
GWAS done for this Trait,56.84,0
Post PreP3D,55.11,-1.73
cp start,55.12,0.00999999999999801
Does this change memory0,55.13,0.0100000000000051
cp distance,55.13,0
cp cluster,55.44,0.309999999999995
cp cutree,55.63,0.190000000000005
cp calculation original,56.52,0.890000000000001
cp calculation,56.52,0
PreP3D 2_cp,55.09,-1.43
PreP3D 2 bk,55.07,-0.0200000000000031
PreP3D 2 zc,55.05,-0.0200000000000031
Prio PreP3D,55.05,0
P3D Start,55.06,0.0100000000000051
eig.L,55.85,0.789999999999999
eig.R,56.31,0.460000000000001
REML,56.31,0
eig.R removed,55.85,-0.460000000000001
Trait,56.34,0.490000000000002
REML,56.34,0
eig.R removed,56.34,0
REMLE removed,56.34,0
U Matrix,56.34,0
eig.L removed,55.87,-0.470000000000006
New Genotype file,55.87,0
Before cleaning,55.87,0
After cleaning,55.87,0
Memory allocation,55.87,0
ReducdModel,55.87,0
before Dt clean,56.39,0.520000000000003
Dt clean,56.39,0
BLUP,56.39,0
PEV,57.41,1.02
K normal,57.41,0
K set to 1,56.7,-0.709999999999994
Screening SNPs,56.7,0
GWAS done for this Trait,56.7,0
Post PreP3D,55.05,-1.65000000000001
cp start,55.06,0.0100000000000051
Does this change memory0,55.07,0.00999999999999801
cp distance,55.07,0
cp cluster,55.37,0.299999999999997
cp cutree,55.56,0.190000000000005
cp calculation original,56.38,0.82
cp calculation,56.38,0
PreP3D 2_cp,55.03,-1.35
PreP3D 2 bk,55,-0.0300000000000011
PreP3D 2 zc,54.99,-0.00999999999999801
Prio PreP3D,54.99,0
P3D Start,54.99,0
eig.L,55.76,0.769999999999996
eig.R,56.23,0.469999999999999
REML,56.23,0
eig.R removed,55.76,-0.469999999999999
Trait,56.26,0.5
REML,56.26,0
eig.R removed,56.26,0
REMLE removed,56.26,0
U Matrix,56.26,0
eig.L removed,55.78,-0.479999999999997
New Genotype file,55.78,0
Before cleaning,55.79,0.00999999999999801
After cleaning,55.79,0
Memory allocation,55.79,0
ReducdModel,55.79,0
before Dt clean,56.27,0.480000000000004
Dt clean,56.26,-0.0100000000000051
BLUP,56.27,0.0100000000000051
PEV,57.18,0.909999999999997
K normal,57.18,0
K set to 1,56.53,-0.649999999999999
Screening SNPs,56.53,0
GWAS done for this Trait,56.53,0
Post PreP3D,54.98,-1.55
cp start,54.99,0.0100000000000051
Does this change memory0,55,0.00999999999999801
cp distance,55,0
cp cluster,55.31,0.310000000000002
cp cutree,55.48,0.169999999999995
cp calculation original,56.23,0.75
cp calculation,56.23,0
PreP3D 2_cp,54.96,-1.27
PreP3D 2 bk,54.94,-0.0200000000000031
PreP3D 2 zc,54.93,-0.00999999999999801
Prio PreP3D,54.93,0
P3D Start,54.93,0
eig.L,55.69,0.759999999999998
eig.R,56.15,0.460000000000001
REML,56.15,0
eig.R removed,55.69,-0.460000000000001
Trait,56.18,0.490000000000002
REML,56.18,0
eig.R removed,56.18,0
REMLE removed,56.18,0
U Matrix,56.18,0
eig.L removed,55.71,-0.469999999999999
New Genotype file,55.71,0
Before cleaning,55.71,0
After cleaning,55.71,0
Memory allocation,55.71,0
ReducdModel,55.71,0
before Dt clean,56.16,0.449999999999996
Dt clean,56.16,0
BLUP,56.16,0
PEV,56.98,0.82
K normal,56.98,0
K set to 1,56.38,-0.599999999999994
Screening SNPs,56.38,0
GWAS done for this Trait,56.38,0
Post PreP3D,54.92,-1.46
cp start,54.93,0.00999999999999801
Does this change memory0,54.94,0.00999999999999801
cp distance,54.94,0
cp cluster,55.25,0.310000000000002
cp cutree,55.41,0.159999999999997
cp calculation original,56.09,0.680000000000007
cp calculation,56.09,0
PreP3D 2_cp,54.9,-1.19
PreP3D 2 bk,54.88,-0.019999999999996
PreP3D 2 zc,54.86,-0.0200000000000031
Prio PreP3D,54.86,0
P3D Start,54.87,0.00999999999999801
eig.L,55.61,0.740000000000002
eig.R,56.08,0.469999999999999
REML,56.08,0
eig.R removed,55.61,-0.469999999999999
Trait,56.11,0.5
REML,56.11,0
eig.R removed,56.11,0
REMLE removed,56.11,0
U Matrix,56.11,0
eig.L removed,55.63,-0.479999999999997
New Genotype file,55.63,0
Before cleaning,55.63,0
After cleaning,55.64,0.00999999999999801
Memory allocation,55.64,0
ReducdModel,55.64,0
before Dt clean,56.04,0.399999999999999
Dt clean,56.04,0
BLUP,56.04,0
PEV,56.77,0.730000000000004
K normal,56.77,0
K set to 1,56.22,-0.550000000000004
Screening SNPs,56.22,0
GWAS done for this Trait,56.22,0
Post PreP3D,54.86,-1.36
cp start,54.87,0.00999999999999801
Does this change memory0,54.88,0.0100000000000051
cp distance,54.88,0
cp cluster,55.19,0.309999999999995
cp cutree,55.34,0.150000000000006
cp calculation original,55.95,0.609999999999999
cp calculation,55.95,0
PreP3D 2_cp,54.84,-1.11
PreP3D 2 bk,54.83,-0.0100000000000051
PreP3D 2 zc,54.81,-0.019999999999996
Prio PreP3D,54.81,0
P3D Start,54.82,0.00999999999999801
eig.L,55.55,0.729999999999997
eig.R,56.01,0.460000000000001
REML,56.01,0
eig.R removed,55.55,-0.460000000000001
Trait,56.04,0.490000000000002
REML,56.04,0
eig.R removed,56.04,0
REMLE removed,56.04,0
U Matrix,56.04,0
eig.L removed,55.57,-0.469999999999999
New Genotype file,55.57,0
Before cleaning,55.57,0
After cleaning,55.57,0
Memory allocation,55.57,0
ReducdModel,55.57,0
before Dt clean,55.95,0.380000000000003
Dt clean,55.95,0
BLUP,55.95,0
PEV,56.6,0.649999999999999
K normal,56.6,0
K set to 1,56.1,-0.5
Screening SNPs,56.1,0
GWAS done for this Trait,56.1,0
Post PreP3D,54.81,-1.29
cp start,54.82,0.00999999999999801
Does this change memory0,54.83,0.00999999999999801
cp distance,54.83,0
cp cluster,55.14,0.310000000000002
cp cutree,55.28,0.140000000000001
cp calculation original,55.82,0.539999999999999
cp calculation,55.82,0
PreP3D 2_cp,54.79,-1.03
PreP3D 2 bk,54.78,-0.00999999999999801
PreP3D 2 zc,54.76,-0.0200000000000031
Prio PreP3D,54.76,0
P3D Start,54.77,0.0100000000000051
eig.L,55.48,0.709999999999994
eig.R,55.95,0.470000000000006
REML,55.95,0
eig.R removed,55.48,-0.470000000000006
Trait,55.97,0.490000000000002
REML,55.97,0
eig.R removed,55.97,0
REMLE removed,55.97,0
U Matrix,55.97,0
eig.L removed,55.5,-0.469999999999999
New Genotype file,55.5,0
Before cleaning,55.5,0
After cleaning,55.5,0
Memory allocation,55.5,0
ReducdModel,55.51,0.00999999999999801
before Dt clean,55.85,0.340000000000003
Dt clean,55.85,0
BLUP,55.85,0
PEV,56.43,0.579999999999998
K normal,56.43,0
K set to 1,55.97,-0.460000000000001
Screening SNPs,55.97,0
GWAS done for this Trait,55.97,0
Post PreP3D,54.75,-1.22
cp start,54.77,0.0200000000000031
Does this change memory0,54.78,0.00999999999999801
cp distance,54.78,0
cp cluster,55.08,0.299999999999997
cp cutree,55.22,0.140000000000001
cp calculation original,55.7,0.480000000000004
cp calculation,55.7,0
PreP3D 2_cp,54.74,-0.960000000000001
PreP3D 2 bk,54.73,-0.0100000000000051
PreP3D 2 zc,54.71,-0.019999999999996
Prio PreP3D,54.71,0
P3D Start,54.72,0.00999999999999801
eig.L,55.41,0.689999999999998
eig.R,55.88,0.470000000000006
REML,55.88,0
eig.R removed,55.42,-0.460000000000001
Trait,55.91,0.489999999999995
REML,55.91,0
eig.R removed,55.91,0
REMLE removed,55.91,0
U Matrix,55.91,0
eig.L removed,55.44,-0.469999999999999
New Genotype file,55.44,0
Before cleaning,55.44,0
After cleaning,55.44,0
Memory allocation,55.44,0
ReducdModel,55.44,0
before Dt clean,55.76,0.32
Dt clean,55.76,0
BLUP,55.76,0
PEV,56.26,0.5
K normal,56.26,0
K set to 1,55.85,-0.409999999999997
Screening SNPs,55.85,0
GWAS done for this Trait,55.85,0
Post PreP3D,54.7,-1.15
cp start,54.72,0.019999999999996
Does this change memory0,54.73,0.00999999999999801
cp distance,54.73,0
cp cluster,55.04,0.310000000000002
cp cutree,55.16,0.119999999999997
cp calculation original,55.59,0.430000000000007
cp calculation,55.59,0
PreP3D 2_cp,54.69,-0.900000000000006
PreP3D 2 bk,54.68,-0.00999999999999801
PreP3D 2 zc,54.66,-0.0200000000000031
Prio PreP3D,54.66,0
P3D Start,54.67,0.0100000000000051
eig.L,55.35,0.68
eig.R,55.82,0.469999999999999
REML,55.82,0
eig.R removed,55.35,-0.469999999999999
Trait,55.85,0.5
REML,55.85,0
eig.R removed,55.85,0
REMLE removed,55.85,0
U Matrix,55.85,0
eig.L removed,55.38,-0.469999999999999
New Genotype file,55.38,0
Before cleaning,55.38,0
After cleaning,55.38,0
Memory allocation,55.38,0
ReducdModel,55.38,0
before Dt clean,55.67,0.289999999999999
Dt clean,55.67,0
BLUP,55.67,0
PEV,56.11,0.439999999999998
K normal,56.11,0
K set to 1,55.74,-0.369999999999997
Screening SNPs,55.74,0
GWAS done for this Trait,55.74,0
Post PreP3D,54.66,-1.08000000000001
cp start,54.67,0.0100000000000051
Does this change memory0,54.68,0.00999999999999801
cp distance,54.68,0
cp cluster,54.99,0.310000000000002
cp cutree,55.1,0.109999999999999
cp calculation original,55.48,0.379999999999995
cp calculation,55.48,0
PreP3D 2_cp,54.64,-0.839999999999996
PreP3D 2 bk,54.63,-0.00999999999999801
PreP3D 2 zc,54.62,-0.0100000000000051
Prio PreP3D,54.62,0
P3D Start,54.63,0.0100000000000051
eig.L,55.3,0.669999999999995
eig.R,55.76,0.460000000000001
REML,55.76,0
eig.R removed,55.3,-0.460000000000001
Trait,55.79,0.490000000000002
REML,55.79,0
eig.R removed,55.79,0
REMLE removed,55.79,0
U Matrix,55.79,0
eig.L removed,55.32,-0.469999999999999
New Genotype file,55.32,0
Before cleaning,55.32,0
After cleaning,55.32,0
Memory allocation,55.32,0
ReducdModel,55.32,0
before Dt clean,55.58,0.259999999999998
Dt clean,55.58,0
BLUP,55.58,0
PEV,55.96,0.380000000000003
K normal,55.96,0
K set to 1,55.63,-0.329999999999998
Screening SNPs,55.63,0
GWAS done for this Trait,55.63,0
Post PreP3D,54.61,-1.02
cp start,54.63,0.0200000000000031
Does this change memory0,54.64,0.00999999999999801
cp distance,54.64,0
cp cluster,54.95,0.310000000000002
cp cutree,55.05,0.0999999999999943
cp calculation original,55.37,0.32
cp calculation,55.37,0
PreP3D 2_cp,54.6,-0.769999999999996
PreP3D 2 bk,54.59,-0.00999999999999801
PreP3D 2 zc,54.58,-0.0100000000000051
Prio PreP3D,54.58,0
P3D Start,54.58,0
eig.L,55.23,0.649999999999999
eig.R,55.7,0.470000000000006
REML,55.7,0
eig.R removed,55.24,-0.460000000000001
Trait,55.73,0.489999999999995
REML,55.73,0
eig.R removed,55.73,0
REMLE removed,55.73,0
U Matrix,55.73,0
eig.L removed,55.26,-0.469999999999999
New Genotype file,55.26,0
Before cleaning,55.26,0
After cleaning,55.26,0
Memory allocation,55.26,0
ReducdModel,55.26,0
before Dt clean,55.49,0.230000000000004
Dt clean,55.49,0
BLUP,55.49,0
PEV,55.8,0.309999999999995
K normal,55.8,0
K set to 1,55.52,-0.279999999999994
Screening SNPs,55.52,0
GWAS done for this Trait,55.52,0
Post PreP3D,54.57,-0.950000000000003
cp start,54.59,0.0200000000000031
Does this change memory0,54.6,0.00999999999999801
cp distance,54.6,0
cp cluster,54.9,0.299999999999997
cp cutree,54.99,0.0900000000000034
cp calculation original,55.27,0.280000000000001
cp calculation,55.27,0
PreP3D 2_cp,54.56,-0.710000000000001
PreP3D 2 bk,54.55,-0.0100000000000051
PreP3D 2 zc,54.53,-0.019999999999996
Prio PreP3D,54.53,0
P3D Start,54.54,0.00999999999999801
eig.L,55.18,0.640000000000001
eig.R,55.64,0.460000000000001
REML,55.64,0
eig.R removed,55.18,-0.460000000000001
Trait,55.67,0.490000000000002
REML,55.67,0
eig.R removed,55.67,0
REMLE removed,55.67,0
U Matrix,55.67,0
eig.L removed,55.2,-0.469999999999999
New Genotype file,55.2,0
Before cleaning,55.2,0
After cleaning,55.2,0
Memory allocation,55.2,0
ReducdModel,55.2,0
before Dt clean,55.41,0.209999999999994
Dt clean,55.41,0
BLUP,55.41,0
PEV,55.66,0.25
K normal,55.66,0
K set to 1,55.41,-0.25
Screening SNPs,55.41,0
GWAS done for this Trait,55.41,0
Post PreP3D,54.53,-0.879999999999995
cp start,54.55,0.019999999999996
Does this change memory0,54.56,0.0100000000000051
cp distance,54.56,0
cp cluster,54.86,0.299999999999997
cp cutree,54.94,0.0799999999999983
cp calculation original,55.17,0.230000000000004
cp calculation,55.17,0
PreP3D 2_cp,54.52,-0.649999999999999
PreP3D 2 bk,54.51,-0.0100000000000051
PreP3D 2 zc,54.5,-0.00999999999999801
Prio PreP3D,54.5,0
P3D Start,54.51,0.00999999999999801
eig.L,55.12,0.609999999999999
eig.R,55.59,0.470000000000006
REML,55.59,0
eig.R removed,55.12,-0.470000000000006
Trait,55.62,0.5
REML,55.62,0
eig.R removed,55.62,0
REMLE removed,55.62,0
U Matrix,55.62,0
eig.L removed,55.15,-0.469999999999999
New Genotype file,55.15,0
Before cleaning,55.15,0
After cleaning,55.15,0
Memory allocation,55.15,0
ReducdModel,55.15,0
before Dt clean,55.33,0.18
Dt clean,55.33,0
BLUP,55.33,0
PEV,55.53,0.200000000000003
K normal,55.53,0
K set to 1,55.32,-0.210000000000001
Screening SNPs,55.32,0
GWAS done for this Trait,55.32,0
Post PreP3D,54.49,-0.829999999999998
cp start,54.51,0.019999999999996
Does this change memory0,54.52,0.0100000000000051
cp distance,54.52,0
cp cluster,54.83,0.309999999999995
cp cutree,54.89,0.0600000000000023
cp calculation original,55.08,0.189999999999998
cp calculation,55.08,0
PreP3D 2_cp,54.48,-0.600000000000001
PreP3D 2 bk,54.48,0
PreP3D 2 zc,54.46,-0.019999999999996
Prio PreP3D,54.46,0
P3D Start,54.47,0.00999999999999801
eig.L,55.07,0.600000000000001
eig.R,55.54,0.469999999999999
REML,55.54,0
eig.R removed,55.07,-0.469999999999999
Trait,55.57,0.5
REML,55.57,0
eig.R removed,55.57,0
REMLE removed,55.57,0
U Matrix,55.57,0
eig.L removed,55.09,-0.479999999999997
New Genotype file,55.09,0
Before cleaning,55.1,0.00999999999999801
After cleaning,55.1,0
Memory allocation,55.1,0
ReducdModel,55.1,0
before Dt clean,55.25,0.149999999999999
Dt clean,55.25,0
BLUP,55.25,0
PEV,55.4,0.149999999999999
K normal,55.4,0
K set to 1,55.23,-0.170000000000002
Screening SNPs,55.23,0
GWAS done for this Trait,55.23,0
Post PreP3D,54.45,-0.779999999999994
cp start,54.47,0.019999999999996
Does this change memory0,54.48,0.00999999999999801
cp distance,54.49,0.0100000000000051
cp cluster,54.79,0.299999999999997
cp cutree,54.85,0.0600000000000023
cp calculation original,55,0.149999999999999
cp calculation,55,0
PreP3D 2_cp,54.45,-0.549999999999997
PreP3D 2 bk,54.45,0
PreP3D 2 zc,54.43,-0.0200000000000031
Prio PreP3D,54.43,0
P3D Start,54.44,0.00999999999999801
eig.L,55.02,0.580000000000005
eig.R,55.49,0.469999999999999
REML,55.49,0
eig.R removed,55.02,-0.469999999999999
Trait,55.51,0.489999999999995
REML,55.51,0
eig.R removed,55.51,0
REMLE removed,55.51,0
U Matrix,55.51,0
eig.L removed,55.04,-0.469999999999999
New Genotype file,55.04,0
Before cleaning,55.04,0
After cleaning,55.04,0
Memory allocation,55.04,0
ReducdModel,55.05,0.00999999999999801
before Dt clean,55.17,0.120000000000005
Dt clean,55.17,0
BLUP,55.17,0
PEV,55.28,0.109999999999999
K normal,55.28,0
K set to 1,55.14,-0.140000000000001
Screening SNPs,55.14,0
GWAS done for this Trait,55.14,0
Post PreP3D,54.42,-0.719999999999999
cp start,54.44,0.019999999999996
Does this change memory0,54.45,0.0100000000000051
cp distance,54.45,0
cp cluster,54.76,0.309999999999995
cp cutree,54.8,0.0399999999999991
cp calculation original,54.92,0.120000000000005
cp calculation,54.92,0
PreP3D 2_cp,54.41,-0.510000000000005
PreP3D 2 bk,54.41,0
PreP3D 2 zc,54.4,-0.00999999999999801
Prio PreP3D,54.4,0
P3D Start,54.41,0.00999999999999801
eig.L,54.97,0.560000000000002
eig.R,55.44,0.469999999999999
REML,55.44,0
eig.R removed,54.97,-0.469999999999999
Trait,55.46,0.490000000000002
REML,55.46,0
eig.R removed,55.46,0
REMLE removed,55.46,0
U Matrix,55.46,0
eig.L removed,54.99,-0.469999999999999
New Genotype file,54.99,0
Before cleaning,54.99,0
After cleaning,54.99,0
Memory allocation,54.99,0
ReducdModel,55,0.00999999999999801
before Dt clean,55.09,0.0900000000000034
Dt clean,55.09,0
BLUP,55.09,0
PEV,55.17,0.0799999999999983
K normal,55.17,0
K set to 1,55.06,-0.109999999999999
Screening SNPs,55.06,0
GWAS done for this Trait,55.06,0
Post PreP3D,54.39,-0.670000000000002
cp start,54.41,0.019999999999996
Does this change memory0,54.42,0.0100000000000051
cp distance,54.42,0
cp cluster,54.73,0.309999999999995
cp cutree,54.76,0.0300000000000011
cp calculation original,54.85,0.0900000000000034
cp calculation,54.85,0
PreP3D 2_cp,54.38,-0.469999999999999
PreP3D 2 bk,54.39,0.00999999999999801
PreP3D 2 zc,54.37,-0.0200000000000031
Prio PreP3D,54.37,0
P3D Start,54.38,0.0100000000000051
eig.L,54.92,0.539999999999999
eig.R,55.39,0.469999999999999
REML,55.39,0
eig.R removed,54.92,-0.469999999999999
Trait,55.42,0.5
REML,55.42,0
eig.R removed,55.42,0
REMLE removed,55.42,0
U Matrix,55.42,0
eig.L removed,54.94,-0.480000000000004
New Genotype file,54.94,0
Before cleaning,54.95,0.0100000000000051
After cleaning,54.95,0
Memory allocation,54.95,0
ReducdModel,54.95,0
before Dt clean,55.02,0.0700000000000003
Dt clean,55.02,0
BLUP,55.02,0
PEV,55.07,0.0499999999999972
K normal,55.07,0
K set to 1,54.99,-0.0799999999999983
Screening SNPs,54.99,0
GWAS done for this Trait,54.99,0
Post PreP3D,54.36,-0.630000000000003
cp start,54.4,0.0399999999999991
Does this change memory0,54.41,0.00999999999999801
cp distance,54.42,0.0100000000000051
cp cluster,54.72,0.299999999999997
cp cutree,55,0.280000000000001
cp calculation original,56.65,1.65
cp calculation,56.65,0
PreP3D 2_cp,54.94,-1.71
PreP3D 2 bk,55.41,0.469999999999999
PreP3D 2 zc,55.8,0.390000000000001
GWAS,56.96,1.16
Final,56.5,-0.460000000000001
GPS,56.51,0.00999999999999801
Compression.Visualization,56.51,0
Extract p3d results,56.51,0
Extract GWAS start,56.52,0.0100000000000051
MAF filtered,56.71,0.189999999999998
Multiple Correction,56.89,0.18
QQ plot,56.9,0.00999999999999801
Manhattan plot,56.9,0
Extract GWAS end,57.17,0.270000000000003
Report,57.17,0
