Infor,size,Increased
GAPIT,39.78,0
Genotype start,39.78,0
Genotype loaded,39.78,0
Before HapMap,39.78,0
after HapMap,46.58,6.8
HapMap,46.58,0
G removed,46.58,0
hm removed,46.58,0
Sampling genotype,46.58,0
Before SUPER,46.58,0
Before PCA,46.58,0
PCA,47.35,0.770000000000003
Before creating kinship,47.35,0
Estimating kinship,50.3,2.95
after creating kinship,50.3,0
after LD plot,50.3,0
Genotype for all,50.07,-0.229999999999997
QC,51.29,1.22
SagnwichTop,51.3,0.00999999999999801
DataProcessing,51.31,0.0100000000000051
cp start,51.31,0
Does this change memory0,51.31,0
cp distance,51.31,0
cp cluster,51.62,0.309999999999995
cp cutree,51.92,0.300000000000004
cp calculation original,53.78,1.86
cp calculation,53.78,0
PreP3D 2_cp,51.94,-1.84
PreP3D 2 bk,52.56,0.620000000000005
PreP3D 2 zc,53.17,0.609999999999999
Prio PreP3D,53.17,0
P3D Start,53.17,0
eig.L,54.36,1.19
eig.R,54.99,0.630000000000003
REML,55,0.00999999999999801
eig.R removed,54.37,-0.630000000000003
Trait,54.99,0.620000000000005
REML,54.99,0
eig.R removed,54.99,0
REMLE removed,54.99,0
U Matrix,54.99,0
eig.L removed,54.39,-0.600000000000001
New Genotype file,54.39,0
Before cleaning,54.39,0
After cleaning,54.39,0
Memory allocation,54.39,0
ReducdModel,54.4,0.00999999999999801
before Dt clean,55.59,1.19
Dt clean,55.59,0
BLUP,55.6,0.00999999999999801
PEV,58.68,3.08
K normal,58.68,0
K set to 1,56.86,-1.82
Screening SNPs,56.86,0
GWAS done for this Trait,56.86,0
Post PreP3D,53.19,-3.67
cp start,53.86,0.670000000000002
Does this change memory0,53.86,0
cp distance,53.86,0
cp cluster,54.17,0.310000000000002
cp cutree,54.46,0.289999999999999
cp calculation original,56.17,1.71
cp calculation,56.17,0
PreP3D 2_cp,53.8,-2.37
PreP3D 2 bk,53.75,-0.0499999999999972
PreP3D 2 zc,53.73,-0.0200000000000031
Prio PreP3D,53.73,0
P3D Start,53.73,0
eig.L,54.94,1.21
eig.R,55.57,0.630000000000003
REML,55.57,0
eig.R removed,54.94,-0.630000000000003
Trait,55.56,0.620000000000005
REML,55.56,0
eig.R removed,55.56,0
REMLE removed,55.56,0
U Matrix,55.56,0
eig.L removed,54.93,-0.630000000000003
New Genotype file,54.93,0
Before cleaning,54.93,0
After cleaning,54.93,0
Memory allocation,54.93,0
ReducdModel,54.94,0.00999999999999801
before Dt clean,56.07,1.13
Dt clean,56.07,0
BLUP,56.07,0
PEV,58.89,2.82
K normal,58.89,0
K set to 1,57.19,-1.7
Screening SNPs,57.19,0
GWAS done for this Trait,57.19,0
Post PreP3D,53.73,-3.46
cp start,53.76,0.0300000000000011
Does this change memory0,53.76,0
cp distance,53.76,0
cp cluster,54.07,0.310000000000002
cp cutree,54.35,0.280000000000001
cp calculation original,56,1.65
cp calculation,56,0
PreP3D 2_cp,53.76,-2.24
PreP3D 2 bk,53.72,-0.0399999999999991
PreP3D 2 zc,53.7,-0.019999999999996
Prio PreP3D,53.7,0
P3D Start,53.7,0
eig.L,54.89,1.19
eig.R,55.51,0.619999999999997
REML,55.51,0
eig.R removed,54.89,-0.619999999999997
Trait,55.5,0.609999999999999
REML,55.5,0
eig.R removed,55.5,0
REMLE removed,55.5,0
U Matrix,55.5,0
eig.L removed,54.88,-0.619999999999997
New Genotype file,54.88,0
Before cleaning,54.88,0
After cleaning,54.88,0
Memory allocation,54.88,0
ReducdModel,54.88,0
before Dt clean,55.96,1.08
Dt clean,55.96,0
BLUP,55.96,0
PEV,58.66,2.7
K normal,58.66,0
K set to 1,57.02,-1.63999999999999
Screening SNPs,57.02,0
GWAS done for this Trait,57.02,0
Post PreP3D,53.7,-3.32
cp start,53.7,0
Does this change memory0,53.7,0
cp distance,53.71,0.00999999999999801
cp cluster,54.01,0.299999999999997
cp cutree,54.28,0.270000000000003
cp calculation original,55.81,1.53
cp calculation,55.81,0
PreP3D 2_cp,53.64,-2.17
PreP3D 2 bk,53.6,-0.0399999999999991
PreP3D 2 zc,53.58,-0.0200000000000031
Prio PreP3D,53.58,0
P3D Start,53.58,0
eig.L,54.74,1.16
eig.R,55.37,0.629999999999995
REML,55.37,0
eig.R removed,54.74,-0.629999999999995
Trait,55.36,0.619999999999997
REML,55.36,0
eig.R removed,55.36,0
REMLE removed,55.36,0
U Matrix,55.36,0
eig.L removed,54.74,-0.619999999999997
New Genotype file,54.74,0
Before cleaning,54.74,0
After cleaning,54.74,0
Memory allocation,54.74,0
ReducdModel,54.74,0
before Dt clean,55.76,1.02
Dt clean,55.76,0
BLUP,55.76,0
PEV,58.24,2.48
K normal,58.24,0
K set to 1,56.72,-1.52
Screening SNPs,56.72,0
GWAS done for this Trait,56.72,0
Post PreP3D,53.58,-3.14
cp start,53.58,0
Does this change memory0,53.58,0
cp distance,53.59,0.0100000000000051
cp cluster,53.89,0.299999999999997
cp cutree,54.15,0.259999999999998
cp calculation original,55.62,1.47
cp calculation,55.62,0
PreP3D 2_cp,53.58,-2.04
PreP3D 2 bk,53.54,-0.0399999999999991
PreP3D 2 zc,53.52,-0.019999999999996
Prio PreP3D,53.52,0
P3D Start,53.52,0
eig.L,54.67,1.15
eig.R,55.29,0.619999999999997
REML,55.29,0
eig.R removed,54.67,-0.619999999999997
Trait,55.29,0.619999999999997
REML,55.29,0
eig.R removed,55.29,0
REMLE removed,55.29,0
U Matrix,55.29,0
eig.L removed,54.66,-0.630000000000003
New Genotype file,54.66,0
Before cleaning,54.66,0
After cleaning,54.66,0
Memory allocation,54.66,0
ReducdModel,54.66,0
before Dt clean,55.62,0.960000000000001
Dt clean,55.62,0
BLUP,55.63,0.0100000000000051
PEV,58.03,2.4
K normal,58.03,0
K set to 1,56.57,-1.46
Screening SNPs,56.57,0
GWAS done for this Trait,56.57,0
Post PreP3D,53.52,-3.05
cp start,53.52,0
Does this change memory0,53.53,0.00999999999999801
cp distance,53.53,0
cp cluster,53.83,0.299999999999997
cp cutree,54.09,0.260000000000005
cp calculation original,55.43,1.34
cp calculation,55.43,0
PreP3D 2_cp,53.46,-1.97
PreP3D 2 bk,53.43,-0.0300000000000011
PreP3D 2 zc,53.4,-0.0300000000000011
Prio PreP3D,53.4,0
P3D Start,53.41,0.00999999999999801
eig.L,54.53,1.12
eig.R,55.15,0.619999999999997
REML,55.15,0
eig.R removed,54.53,-0.619999999999997
Trait,55.15,0.619999999999997
REML,55.15,0
eig.R removed,55.15,0
REMLE removed,55.15,0
U Matrix,55.15,0
eig.L removed,54.52,-0.629999999999995
New Genotype file,54.52,0
Before cleaning,54.52,0
After cleaning,54.52,0
Memory allocation,54.52,0
ReducdModel,54.53,0.00999999999999801
before Dt clean,55.43,0.899999999999999
Dt clean,55.43,0
BLUP,55.43,0
PEV,57.57,2.14
K normal,57.57,0
K set to 1,56.23,-1.34
Screening SNPs,56.23,0
GWAS done for this Trait,56.23,0
Post PreP3D,53.4,-2.83
cp start,53.41,0.00999999999999801
Does this change memory0,53.41,0
cp distance,53.41,0
cp cluster,53.72,0.310000000000002
cp cutree,53.96,0.240000000000002
cp calculation original,55.18,1.22
cp calculation,55.18,0
PreP3D 2_cp,53.34,-1.84
PreP3D 2 bk,53.31,-0.0300000000000011
PreP3D 2 zc,53.29,-0.0200000000000031
Prio PreP3D,53.29,0
P3D Start,53.29,0
eig.L,54.39,1.1
eig.R,55.02,0.630000000000003
REML,55.02,0
eig.R removed,54.39,-0.630000000000003
Trait,55.01,0.619999999999997
REML,55.01,0
eig.R removed,55.01,0
REMLE removed,55.01,0
U Matrix,55.01,0
eig.L removed,54.38,-0.629999999999995
New Genotype file,54.38,0
Before cleaning,54.39,0.00999999999999801
After cleaning,54.39,0
Memory allocation,54.39,0
ReducdModel,54.39,0
before Dt clean,55.23,0.839999999999996
Dt clean,55.23,0
BLUP,55.24,0.0100000000000051
PEV,57.11,1.87
K normal,57.11,0
K set to 1,55.89,-1.22
Screening SNPs,55.89,0
GWAS done for this Trait,55.89,0
Post PreP3D,53.28,-2.61
cp start,53.29,0.00999999999999801
Does this change memory0,53.29,0
cp distance,53.3,0.00999999999999801
cp cluster,53.6,0.300000000000004
cp cutree,53.83,0.229999999999997
cp calculation original,55,1.17
cp calculation,55,0
PreP3D 2_cp,53.29,-1.71
PreP3D 2 bk,53.26,-0.0300000000000011
PreP3D 2 zc,53.23,-0.0300000000000011
Prio PreP3D,53.23,0
P3D Start,53.24,0.0100000000000051
eig.L,54.32,1.08
eig.R,54.94,0.619999999999997
REML,54.94,0
eig.R removed,54.32,-0.619999999999997
Trait,54.94,0.619999999999997
REML,54.94,0
eig.R removed,54.94,0
REMLE removed,54.94,0
U Matrix,54.94,0
eig.L removed,54.31,-0.629999999999995
New Genotype file,54.31,0
Before cleaning,54.31,0
After cleaning,54.31,0
Memory allocation,54.31,0
ReducdModel,54.32,0.00999999999999801
before Dt clean,55.11,0.789999999999999
Dt clean,55.11,0
BLUP,55.11,0
PEV,56.81,1.7
K normal,56.81,0
K set to 1,55.69,-1.12
Screening SNPs,55.69,0
GWAS done for this Trait,55.69,0
Post PreP3D,53.23,-2.46
cp start,53.24,0.0100000000000051
Does this change memory0,53.24,0
cp distance,53.24,0
cp cluster,53.55,0.309999999999995
cp cutree,53.77,0.220000000000006
cp calculation original,54.82,1.05
cp calculation,54.82,0
PreP3D 2_cp,53.17,-1.65
PreP3D 2 bk,53.14,-0.0300000000000011
PreP3D 2 zc,53.12,-0.0200000000000031
Prio PreP3D,53.12,0
P3D Start,53.12,0
eig.L,54.18,1.06
eig.R,54.81,0.630000000000003
REML,54.81,0
eig.R removed,54.18,-0.630000000000003
Trait,54.8,0.619999999999997
REML,54.8,0
eig.R removed,54.8,0
REMLE removed,54.8,0
U Matrix,54.8,0
eig.L removed,54.18,-0.619999999999997
New Genotype file,54.18,0
Before cleaning,54.18,0
After cleaning,54.18,0
Memory allocation,54.18,0
ReducdModel,54.18,0
before Dt clean,54.92,0.740000000000002
Dt clean,54.92,0
BLUP,54.92,0
PEV,56.47,1.55
K normal,56.47,0
K set to 1,55.43,-1.04
Screening SNPs,55.43,0
GWAS done for this Trait,55.43,0
Post PreP3D,53.12,-2.31
cp start,53.13,0.0100000000000051
Does this change memory0,53.13,0
cp distance,53.13,0
cp cluster,53.44,0.309999999999995
cp cutree,53.65,0.210000000000001
cp calculation original,54.61,0.960000000000001
cp calculation,54.61,0
PreP3D 2_cp,53.09,-1.52
PreP3D 2 bk,53.06,-0.0300000000000011
PreP3D 2 zc,53.04,-0.0200000000000031
Prio PreP3D,53.04,0
P3D Start,53.04,0
eig.L,54.08,1.04
eig.R,54.71,0.630000000000003
REML,54.71,0
eig.R removed,54.08,-0.630000000000003
Trait,54.7,0.620000000000005
REML,54.7,0
eig.R removed,54.7,0
REMLE removed,54.7,0
U Matrix,54.7,0
eig.L removed,54.07,-0.630000000000003
New Genotype file,54.07,0
Before cleaning,54.07,0
After cleaning,54.07,0
Memory allocation,54.07,0
ReducdModel,54.08,0.00999999999999801
before Dt clean,54.77,0.690000000000005
Dt clean,54.76,-0.0100000000000051
BLUP,54.77,0.0100000000000051
PEV,56.16,1.38999999999999
K normal,56.16,0
K set to 1,55.2,-0.959999999999994
Screening SNPs,55.2,0
GWAS done for this Trait,55.2,0
Post PreP3D,53.03,-2.17
cp start,53.04,0.00999999999999801
Does this change memory0,53.05,0.00999999999999801
cp distance,53.05,0
cp cluster,53.35,0.300000000000004
cp cutree,53.55,0.199999999999996
cp calculation original,54.44,0.890000000000001
cp calculation,54.44,0
PreP3D 2_cp,53.01,-1.43
PreP3D 2 bk,52.98,-0.0300000000000011
PreP3D 2 zc,52.96,-0.019999999999996
Prio PreP3D,52.96,0
P3D Start,52.97,0.00999999999999801
eig.L,53.96,0.990000000000002
eig.R,54.58,0.619999999999997
REML,54.58,0
eig.R removed,53.96,-0.619999999999997
Trait,54.58,0.619999999999997
REML,54.58,0
eig.R removed,54.58,0
REMLE removed,54.58,0
U Matrix,54.58,0
eig.L removed,53.98,-0.600000000000001
New Genotype file,53.98,0
Before cleaning,53.98,0
After cleaning,53.98,0
Memory allocation,53.98,0
ReducdModel,53.99,0.0100000000000051
before Dt clean,54.63,0.640000000000001
Dt clean,54.63,0
BLUP,54.63,0
PEV,55.9,1.27
K normal,55.9,0
K set to 1,55.01,-0.890000000000001
Screening SNPs,55.01,0
GWAS done for this Trait,55.01,0
Post PreP3D,52.96,-2.05
cp start,52.97,0.00999999999999801
Does this change memory0,52.97,0
cp distance,52.98,0.00999999999999801
cp cluster,53.28,0.300000000000004
cp cutree,53.47,0.189999999999998
cp calculation original,54.28,0.810000000000002
cp calculation,54.28,0
PreP3D 2_cp,52.94,-1.34
PreP3D 2 bk,52.91,-0.0300000000000011
PreP3D 2 zc,52.89,-0.019999999999996
Prio PreP3D,52.89,0
P3D Start,52.9,0.00999999999999801
eig.L,53.86,0.960000000000001
eig.R,54.49,0.630000000000003
REML,54.49,0
eig.R removed,53.86,-0.630000000000003
Trait,54.48,0.619999999999997
REML,54.48,0
eig.R removed,54.48,0
REMLE removed,54.48,0
U Matrix,54.48,0
eig.L removed,53.89,-0.589999999999996
New Genotype file,53.89,0
Before cleaning,53.89,0
After cleaning,53.89,0
Memory allocation,53.89,0
ReducdModel,53.89,0
before Dt clean,54.49,0.600000000000001
Dt clean,54.49,0
BLUP,54.49,0
PEV,55.62,1.13
K normal,55.62,0
K set to 1,54.81,-0.809999999999995
Screening SNPs,54.81,0
GWAS done for this Trait,54.81,0
Post PreP3D,52.89,-1.92
cp start,52.9,0.00999999999999801
Does this change memory0,52.9,0
cp distance,52.9,0
cp cluster,53.21,0.310000000000002
cp cutree,53.39,0.18
cp calculation original,54.13,0.740000000000002
cp calculation,54.13,0
PreP3D 2_cp,52.86,-1.27
PreP3D 2 bk,52.84,-0.019999999999996
PreP3D 2 zc,52.82,-0.0200000000000031
Prio PreP3D,52.82,0
P3D Start,52.83,0.00999999999999801
eig.L,53.77,0.940000000000005
eig.R,54.36,0.589999999999996
REML,54.36,0
eig.R removed,53.77,-0.589999999999996
Trait,54.39,0.619999999999997
REML,54.39,0
eig.R removed,54.39,0
REMLE removed,54.39,0
U Matrix,54.39,0
eig.L removed,53.8,-0.590000000000003
New Genotype file,53.8,0
Before cleaning,53.8,0
After cleaning,53.8,0
Memory allocation,53.8,0
ReducdModel,53.8,0
before Dt clean,54.35,0.550000000000004
Dt clean,54.35,0
BLUP,54.35,0
PEV,55.36,1.01
K normal,55.36,0
K set to 1,54.61,-0.75
Screening SNPs,54.61,0
GWAS done for this Trait,54.61,0
Post PreP3D,52.82,-1.79
cp start,52.83,0.00999999999999801
Does this change memory0,52.83,0
cp distance,52.84,0.0100000000000051
cp cluster,53.14,0.299999999999997
cp cutree,53.31,0.170000000000002
cp calculation original,53.98,0.669999999999995
cp calculation,53.98,0
PreP3D 2_cp,52.8,-1.18
PreP3D 2 bk,52.78,-0.019999999999996
PreP3D 2 zc,52.76,-0.0200000000000031
Prio PreP3D,52.76,0
P3D Start,52.76,0
eig.L,53.69,0.93
eig.R,54.27,0.580000000000005
REML,54.27,0
eig.R removed,53.69,-0.580000000000005
Trait,54.3,0.609999999999999
REML,54.3,0
eig.R removed,54.3,0
REMLE removed,54.3,0
U Matrix,54.3,0
eig.L removed,53.71,-0.589999999999996
New Genotype file,53.71,0
Before cleaning,53.71,0
After cleaning,53.71,0
Memory allocation,53.71,0
ReducdModel,53.72,0.00999999999999801
before Dt clean,54.22,0.5
Dt clean,54.22,0
BLUP,54.22,0
PEV,55.11,0.890000000000001
K normal,55.11,0
K set to 1,54.43,-0.68
Screening SNPs,54.43,0
GWAS done for this Trait,54.43,0
Post PreP3D,52.75,-1.68
cp start,52.76,0.00999999999999801
Does this change memory0,52.77,0.0100000000000051
cp distance,52.77,0
cp cluster,53.08,0.309999999999995
cp cutree,53.23,0.149999999999999
cp calculation original,53.84,0.610000000000007
cp calculation,53.84,0
PreP3D 2_cp,52.73,-1.11000000000001
PreP3D 2 bk,52.71,-0.019999999999996
PreP3D 2 zc,52.69,-0.0200000000000031
Prio PreP3D,52.69,0
P3D Start,52.7,0.0100000000000051
eig.L,53.6,0.899999999999999
eig.R,54.19,0.589999999999996
REML,54.19,0
eig.R removed,53.6,-0.589999999999996
Trait,54.22,0.619999999999997
REML,54.22,0
eig.R removed,54.22,0
REMLE removed,54.22,0
U Matrix,54.22,0
eig.L removed,53.62,-0.600000000000001
New Genotype file,53.62,0
Before cleaning,53.63,0.0100000000000051
After cleaning,53.63,0
Memory allocation,53.63,0
ReducdModel,53.63,0
before Dt clean,54.09,0.460000000000001
Dt clean,54.09,0
BLUP,54.09,0
PEV,54.87,0.779999999999994
K normal,54.87,0
K set to 1,54.26,-0.609999999999999
Screening SNPs,54.26,0
GWAS done for this Trait,54.26,0
Post PreP3D,52.68,-1.58
cp start,52.7,0.0200000000000031
Does this change memory0,52.7,0
cp distance,52.71,0.00999999999999801
cp cluster,53.01,0.299999999999997
cp cutree,53.16,0.149999999999999
cp calculation original,53.7,0.540000000000006
cp calculation,53.7,0
PreP3D 2_cp,52.67,-1.03
PreP3D 2 bk,52.65,-0.0200000000000031
PreP3D 2 zc,52.63,-0.019999999999996
Prio PreP3D,52.63,0
P3D Start,52.64,0.00999999999999801
eig.L,53.52,0.880000000000003
eig.R,54.11,0.589999999999996
REML,54.11,0
eig.R removed,53.52,-0.589999999999996
Trait,54.14,0.619999999999997
REML,54.14,0
eig.R removed,54.14,0
REMLE removed,54.14,0
U Matrix,54.14,0
eig.L removed,53.54,-0.600000000000001
New Genotype file,53.54,0
Before cleaning,53.55,0.00999999999999801
After cleaning,53.55,0
Memory allocation,53.55,0
ReducdModel,53.55,0
before Dt clean,53.97,0.420000000000002
Dt clean,53.96,-0.00999999999999801
BLUP,53.97,0.00999999999999801
PEV,54.64,0.670000000000002
K normal,54.64,0
K set to 1,54.09,-0.549999999999997
Screening SNPs,54.09,0
GWAS done for this Trait,54.09,0
Post PreP3D,52.62,-1.47000000000001
cp start,52.64,0.0200000000000031
Does this change memory0,52.64,0
cp distance,52.65,0.00999999999999801
cp cluster,52.95,0.300000000000004
cp cutree,53.08,0.129999999999995
cp calculation original,53.57,0.490000000000002
cp calculation,53.57,0
PreP3D 2_cp,52.61,-0.960000000000001
PreP3D 2 bk,52.59,-0.019999999999996
PreP3D 2 zc,52.57,-0.0200000000000031
Prio PreP3D,52.57,0
P3D Start,52.58,0.00999999999999801
eig.L,53.44,0.859999999999999
eig.R,54.03,0.590000000000003
REML,54.03,0
eig.R removed,53.44,-0.590000000000003
Trait,54.06,0.620000000000005
REML,54.06,0
eig.R removed,54.06,0
REMLE removed,54.06,0
U Matrix,54.06,0
eig.L removed,53.46,-0.600000000000001
New Genotype file,53.46,0
Before cleaning,53.47,0.00999999999999801
After cleaning,53.47,0
Memory allocation,53.47,0
ReducdModel,53.47,0
before Dt clean,53.85,0.380000000000003
Dt clean,53.84,-0.00999999999999801
BLUP,53.85,0.00999999999999801
PEV,54.42,0.57
K normal,54.42,0
K set to 1,53.94,-0.480000000000004
Screening SNPs,53.94,0
GWAS done for this Trait,53.94,0
Post PreP3D,52.56,-1.38
cp start,52.58,0.019999999999996
Does this change memory0,52.59,0.0100000000000051
cp distance,52.59,0
cp cluster,52.89,0.299999999999997
cp cutree,53.02,0.130000000000003
cp calculation original,53.44,0.419999999999995
cp calculation,53.44,0
PreP3D 2_cp,52.55,-0.890000000000001
PreP3D 2 bk,52.54,-0.00999999999999801
PreP3D 2 zc,52.52,-0.019999999999996
Prio PreP3D,52.52,0
P3D Start,52.52,0
eig.L,53.36,0.839999999999996
eig.R,53.95,0.590000000000003
REML,53.95,0
eig.R removed,53.36,-0.590000000000003
Trait,53.98,0.619999999999997
REML,53.98,0
eig.R removed,53.98,0
REMLE removed,53.98,0
U Matrix,53.98,0
eig.L removed,53.39,-0.589999999999996
New Genotype file,53.39,0
Before cleaning,53.39,0
After cleaning,53.39,0
Memory allocation,53.39,0
ReducdModel,53.39,0
before Dt clean,53.73,0.339999999999996
Dt clean,53.73,0
BLUP,53.73,0
PEV,54.22,0.490000000000002
K normal,54.22,0
K set to 1,53.79,-0.43
Screening SNPs,53.79,0
GWAS done for this Trait,53.79,0
Post PreP3D,52.51,-1.28
cp start,52.52,0.0100000000000051
Does this change memory0,52.53,0.00999999999999801
cp distance,52.53,0
cp cluster,52.84,0.310000000000002
cp cutree,52.95,0.109999999999999
cp calculation original,53.33,0.379999999999995
cp calculation,53.33,0
PreP3D 2_cp,52.5,-0.829999999999998
PreP3D 2 bk,52.49,-0.00999999999999801
PreP3D 2 zc,52.46,-0.0300000000000011
Prio PreP3D,52.46,0
P3D Start,52.47,0.00999999999999801
eig.L,53.29,0.82
eig.R,53.88,0.590000000000003
REML,53.88,0
eig.R removed,53.29,-0.590000000000003
Trait,53.91,0.619999999999997
REML,53.91,0
eig.R removed,53.91,0
REMLE removed,53.91,0
U Matrix,53.91,0
eig.L removed,53.32,-0.589999999999996
New Genotype file,53.32,0
Before cleaning,53.32,0
After cleaning,53.32,0
Memory allocation,53.32,0
ReducdModel,53.32,0
before Dt clean,53.62,0.299999999999997
Dt clean,53.62,0
BLUP,53.62,0
PEV,54.03,0.410000000000004
K normal,54.03,0
K set to 1,53.65,-0.380000000000003
Screening SNPs,53.65,0
GWAS done for this Trait,53.65,0
Post PreP3D,52.46,-1.19
cp start,52.47,0.00999999999999801
Does this change memory0,52.48,0.00999999999999801
cp distance,52.48,0
cp cluster,52.79,0.310000000000002
cp cutree,52.89,0.100000000000001
cp calculation original,53.21,0.32
cp calculation,53.21,0
PreP3D 2_cp,52.44,-0.770000000000003
PreP3D 2 bk,52.44,0
PreP3D 2 zc,52.41,-0.0300000000000011
Prio PreP3D,52.41,0
P3D Start,52.42,0.0100000000000051
eig.L,53.22,0.799999999999997
eig.R,53.81,0.590000000000003
REML,53.81,0
eig.R removed,53.22,-0.590000000000003
Trait,53.84,0.620000000000005
REML,53.84,0
eig.R removed,53.84,0
REMLE removed,53.84,0
U Matrix,53.84,0
eig.L removed,53.25,-0.590000000000003
New Genotype file,53.25,0
Before cleaning,53.25,0
After cleaning,53.25,0
Memory allocation,53.25,0
ReducdModel,53.25,0
before Dt clean,53.52,0.270000000000003
Dt clean,53.51,-0.0100000000000051
BLUP,53.52,0.0100000000000051
PEV,53.85,0.329999999999998
K normal,53.85,0
K set to 1,53.52,-0.329999999999998
Screening SNPs,53.52,0
GWAS done for this Trait,53.52,0
Post PreP3D,52.41,-1.11000000000001
cp start,52.42,0.0100000000000051
Does this change memory0,52.43,0.00999999999999801
cp distance,52.43,0
cp cluster,52.74,0.310000000000002
cp cutree,52.83,0.0899999999999963
cp calculation original,53.11,0.280000000000001
cp calculation,53.11,0
PreP3D 2_cp,52.4,-0.710000000000001
PreP3D 2 bk,52.39,-0.00999999999999801
PreP3D 2 zc,52.37,-0.0200000000000031
Prio PreP3D,52.37,0
P3D Start,52.38,0.0100000000000051
eig.L,53.16,0.779999999999994
eig.R,53.74,0.580000000000005
REML,53.74,0
eig.R removed,53.16,-0.580000000000005
Trait,53.77,0.610000000000007
REML,53.77,0
eig.R removed,53.77,0
REMLE removed,53.77,0
U Matrix,53.77,0
eig.L removed,53.18,-0.590000000000003
New Genotype file,53.18,0
Before cleaning,53.18,0
After cleaning,53.18,0
Memory allocation,53.18,0
ReducdModel,53.19,0.00999999999999801
before Dt clean,53.42,0.230000000000004
Dt clean,53.41,-0.0100000000000051
BLUP,53.41,0
PEV,53.68,0.270000000000003
K normal,53.68,0
K set to 1,53.4,-0.280000000000001
Screening SNPs,53.4,0
GWAS done for this Trait,53.4,0
Post PreP3D,52.36,-1.04
cp start,52.38,0.0200000000000031
Does this change memory0,52.39,0.00999999999999801
cp distance,52.39,0
cp cluster,52.7,0.310000000000002
cp cutree,52.77,0.0700000000000003
cp calculation original,53.01,0.239999999999995
cp calculation,53.01,0
PreP3D 2_cp,52.35,-0.659999999999997
PreP3D 2 bk,52.35,0
PreP3D 2 zc,52.33,-0.0200000000000031
Prio PreP3D,52.33,0
P3D Start,52.34,0.0100000000000051
eig.L,53.09,0.75
eig.R,53.68,0.589999999999996
REML,53.68,0
eig.R removed,53.09,-0.589999999999996
Trait,53.71,0.619999999999997
REML,53.71,0
eig.R removed,53.71,0
REMLE removed,53.71,0
U Matrix,53.71,0
eig.L removed,53.12,-0.590000000000003
New Genotype file,53.12,0
Before cleaning,53.12,0
After cleaning,53.12,0
Memory allocation,53.12,0
ReducdModel,53.12,0
before Dt clean,53.32,0.200000000000003
Dt clean,53.32,0
BLUP,53.32,0
PEV,53.52,0.200000000000003
K normal,53.52,0
K set to 1,53.29,-0.230000000000004
Screening SNPs,53.29,0
GWAS done for this Trait,53.29,0
Post PreP3D,52.32,-0.969999999999999
cp start,52.34,0.0200000000000031
Does this change memory0,52.35,0.00999999999999801
cp distance,52.35,0
cp cluster,52.65,0.299999999999997
cp cutree,52.72,0.0700000000000003
cp calculation original,52.91,0.189999999999998
cp calculation,52.91,0
PreP3D 2_cp,52.31,-0.599999999999994
PreP3D 2 bk,52.31,0
PreP3D 2 zc,52.29,-0.0200000000000031
Prio PreP3D,52.29,0
P3D Start,52.3,0.00999999999999801
eig.L,53.03,0.730000000000004
eig.R,53.62,0.589999999999996
REML,53.62,0
eig.R removed,53.03,-0.589999999999996
Trait,53.65,0.619999999999997
REML,53.65,0
eig.R removed,53.65,0
REMLE removed,53.65,0
U Matrix,53.65,0
eig.L removed,53.06,-0.589999999999996
New Genotype file,53.06,0
Before cleaning,53.06,0
After cleaning,53.06,0
Memory allocation,53.06,0
ReducdModel,53.06,0
before Dt clean,53.23,0.169999999999995
Dt clean,53.22,-0.00999999999999801
BLUP,53.23,0.00999999999999801
PEV,53.38,0.150000000000006
K normal,53.38,0
K set to 1,53.19,-0.190000000000005
Screening SNPs,53.19,0
GWAS done for this Trait,53.19,0
Post PreP3D,52.28,-0.909999999999997
cp start,52.3,0.019999999999996
Does this change memory0,52.31,0.0100000000000051
cp distance,52.31,0
cp cluster,52.61,0.299999999999997
cp cutree,52.67,0.0600000000000023
cp calculation original,52.82,0.149999999999999
cp calculation,52.82,0
PreP3D 2_cp,52.27,-0.549999999999997
PreP3D 2 bk,52.27,0
PreP3D 2 zc,52.25,-0.0200000000000031
Prio PreP3D,52.25,0
P3D Start,52.26,0.00999999999999801
eig.L,52.97,0.710000000000001
eig.R,53.56,0.590000000000003
REML,53.56,0
eig.R removed,52.97,-0.590000000000003
Trait,53.59,0.620000000000005
REML,53.59,0
eig.R removed,53.59,0
REMLE removed,53.59,0
U Matrix,53.59,0
eig.L removed,53,-0.590000000000003
New Genotype file,53,0
Before cleaning,53,0
After cleaning,53,0
Memory allocation,53,0
ReducdModel,53,0
before Dt clean,53.14,0.140000000000001
Dt clean,53.14,0
BLUP,53.14,0
PEV,53.25,0.109999999999999
K normal,53.25,0
K set to 1,53.1,-0.149999999999999
Screening SNPs,53.1,0
GWAS done for this Trait,53.1,0
Post PreP3D,52.24,-0.859999999999999
cp start,52.26,0.019999999999996
Does this change memory0,52.27,0.0100000000000051
cp distance,52.27,0
cp cluster,52.58,0.309999999999995
cp cutree,52.62,0.0399999999999991
cp calculation original,52.74,0.120000000000005
cp calculation,52.74,0
PreP3D 2_cp,52.24,-0.5
PreP3D 2 bk,52.24,0
PreP3D 2 zc,52.22,-0.0200000000000031
Prio PreP3D,52.22,0
P3D Start,52.23,0.00999999999999801
eig.L,52.92,0.690000000000005
eig.R,53.51,0.589999999999996
REML,53.51,0
eig.R removed,52.92,-0.589999999999996
Trait,53.54,0.619999999999997
REML,53.54,0
eig.R removed,53.54,0
REMLE removed,53.54,0
U Matrix,53.54,0
eig.L removed,52.94,-0.600000000000001
New Genotype file,52.94,0
Before cleaning,52.95,0.0100000000000051
After cleaning,52.95,0
Memory allocation,52.95,0
ReducdModel,52.95,0
before Dt clean,53.06,0.109999999999999
Dt clean,53.05,-0.0100000000000051
BLUP,53.06,0.0100000000000051
PEV,53.13,0.0700000000000003
K normal,53.13,0
K set to 1,53.02,-0.109999999999999
Screening SNPs,53.02,0
GWAS done for this Trait,53.02,0
Post PreP3D,52.21,-0.810000000000002
cp start,52.23,0.019999999999996
Does this change memory0,52.24,0.0100000000000051
cp distance,52.24,0
cp cluster,52.55,0.309999999999995
cp cutree,52.58,0.0300000000000011
cp calculation original,52.66,0.0799999999999983
cp calculation,52.66,0
PreP3D 2_cp,52.2,-0.459999999999994
PreP3D 2 bk,52.21,0.00999999999999801
PreP3D 2 zc,52.18,-0.0300000000000011
Prio PreP3D,52.18,0
P3D Start,52.19,0.00999999999999801
eig.L,52.87,0.68
eig.R,53.45,0.580000000000005
REML,53.45,0
eig.R removed,52.87,-0.580000000000005
Trait,53.49,0.620000000000005
REML,53.49,0
eig.R removed,53.49,0
REMLE removed,53.49,0
U Matrix,53.49,0
eig.L removed,52.89,-0.600000000000001
New Genotype file,52.89,0
Before cleaning,52.9,0.00999999999999801
After cleaning,52.9,0
Memory allocation,52.9,0
ReducdModel,52.9,0
before Dt clean,52.98,0.0799999999999983
Dt clean,52.98,0
BLUP,52.98,0
PEV,53.02,0.0400000000000063
K normal,53.02,0
K set to 1,52.94,-0.0800000000000054
Screening SNPs,52.94,0
GWAS done for this Trait,52.94,0
Post PreP3D,52.17,-0.769999999999996
cp start,52.27,0.100000000000001
Does this change memory0,52.28,0.00999999999999801
cp distance,52.28,0
cp cluster,52.59,0.310000000000002
cp cutree,52.88,0.289999999999999
cp calculation original,54.59,1.71
cp calculation,54.59,0
PreP3D 2_cp,52.81,-1.78
PreP3D 2 bk,53.37,0.559999999999995
PreP3D 2 zc,53.89,0.520000000000003
GWAS,55.32,1.43
Final,54.72,-0.600000000000001
GPS,54.73,0.00999999999999801
Compression.Visualization,54.76,0.0300000000000011
Extract p3d results,54.76,0
Extract GWAS start,54.78,0.0200000000000031
MAF filtered,54.97,0.189999999999998
Multiple Correction,55.15,0.18
QQ plot,55.4,0.25
Manhattan plot,55.61,0.210000000000001
Extract GWAS end,55.88,0.270000000000003
Report,55.88,0
