Infor,size,Increased
GAPIT,47.09,0
Genotype start,47.09,0
Genotype loaded,47.09,0
Before HapMap,47.09,0
after HapMap,53.84,6.75
HapMap,53.84,0
G removed,53.84,0
hm removed,53.84,0
Sampling genotype,53.84,0
set kinship,54.4,0.559999999999995
prepare heatmap,54.44,0.0399999999999991
plot heatmap,62.04,7.6
Before SUPER,54.56,-7.48
Before PCA,54.56,0
Before creating kinship,54.56,0
after creating kinship,54.56,0
after LD plot,54.56,0
Genotype for all,61.24,6.68
QC,54.78,-6.46
SagnwichTop,54.78,0
DataProcessing,54.79,0.00999999999999801
cp start,54.79,0
Does this change memory0,54.79,0
cp distance,54.79,0
cp cluster,55.06,0.270000000000003
cp cutree,55.33,0.269999999999996
cp calculation original,56.99,1.66
cp calculation,56.99,0
PreP3D 2_cp,55.36,-1.63
PreP3D 2 bk,55.9,0.539999999999999
PreP3D 2 zc,56.44,0.539999999999999
Prio PreP3D,56.44,0
P3D Start,56.44,0
eig.L,57.54,1.1
eig.R,58.11,0.57
REML,58.11,0
eig.R removed,57.54,-0.57
Trait,58.1,0.560000000000002
REML,58.1,0
eig.R removed,58.1,0
REMLE removed,58.1,0
U Matrix,58.1,0
eig.L removed,57.53,-0.57
New Genotype file,57.53,0
Before cleaning,57.54,0.00999999999999801
After cleaning,57.54,0
Memory allocation,57.54,0
ReducdModel,57.54,0
before Dt clean,58.64,1.1
Dt clean,58.64,0
BLUP,58.64,0
PEV,61.5,2.86
K normal,61.5,0
K set to 1,59.8,-1.7
Screening SNPs,59.8,0
GWAS done for this Trait,59.8,0
Post PreP3D,56.46,-3.34
cp start,57.02,0.560000000000002
Does this change memory0,56.46,-0.560000000000002
cp distance,56.47,0.00999999999999801
cp cluster,56.74,0.270000000000003
cp cutree,57,0.259999999999998
cp calculation original,58.51,1.51
cp calculation,58.51,0
PreP3D 2_cp,56.4,-2.11
PreP3D 2 bk,56.36,-0.0399999999999991
PreP3D 2 zc,56.34,-0.019999999999996
Prio PreP3D,56.34,0
P3D Start,56.34,0
eig.L,57.42,1.08
eig.R,57.99,0.57
REML,57.99,0
eig.R removed,57.42,-0.57
Trait,57.98,0.559999999999995
REML,57.98,0
eig.R removed,57.98,0
REMLE removed,57.98,0
U Matrix,57.98,0
eig.L removed,57.41,-0.57
New Genotype file,57.41,0
Before cleaning,57.42,0.0100000000000051
After cleaning,57.42,0
Memory allocation,57.42,0
ReducdModel,57.42,0
before Dt clean,58.43,1.01
Dt clean,58.43,0
BLUP,58.43,0
PEV,60.97,2.54
K normal,60.97,0
K set to 1,59.46,-1.51
Screening SNPs,59.46,0
GWAS done for this Trait,59.46,0
Post PreP3D,56.34,-3.12
cp start,56.9,0.559999999999995
Does this change memory0,56.34,-0.559999999999995
cp distance,56.35,0.00999999999999801
cp cluster,56.62,0.269999999999996
cp cutree,56.87,0.25
cp calculation original,58.36,1.49
cp calculation,58.36,0
PreP3D 2_cp,56.34,-2.02
PreP3D 2 bk,56.31,-0.0300000000000011
PreP3D 2 zc,56.28,-0.0300000000000011
Prio PreP3D,56.28,0
P3D Start,56.29,0.00999999999999801
eig.L,57.35,1.06
eig.R,57.91,0.559999999999995
REML,57.91,0
eig.R removed,57.35,-0.559999999999995
Trait,57.9,0.549999999999997
REML,57.9,0
eig.R removed,57.9,0
REMLE removed,57.9,0
U Matrix,57.9,0
eig.L removed,57.34,-0.559999999999995
New Genotype file,57.34,0
Before cleaning,57.34,0
After cleaning,57.34,0
Memory allocation,57.34,0
ReducdModel,57.34,0
before Dt clean,58.3,0.959999999999994
Dt clean,58.29,-0.00999999999999801
BLUP,58.3,0.00999999999999801
PEV,60.84,2.54000000000001
K normal,60.84,0
K set to 1,59.34,-1.5
Screening SNPs,59.34,0
GWAS done for this Trait,59.34,0
Post PreP3D,56.28,-3.06
cp start,56.85,0.57
Does this change memory0,56.29,-0.560000000000002
cp distance,56.29,0
cp cluster,56.56,0.270000000000003
cp cutree,56.8,0.239999999999995
cp calculation original,58.15,1.35
cp calculation,58.15,0
PreP3D 2_cp,56.22,-1.93
PreP3D 2 bk,56.19,-0.0300000000000011
PreP3D 2 zc,56.17,-0.019999999999996
Prio PreP3D,56.17,0
P3D Start,56.17,0
eig.L,57.21,1.04
eig.R,57.77,0.560000000000002
REML,57.77,0
eig.R removed,57.21,-0.560000000000002
Trait,57.76,0.549999999999997
REML,57.76,0
eig.R removed,57.76,0
REMLE removed,57.76,0
U Matrix,57.76,0
eig.L removed,57.2,-0.559999999999995
New Genotype file,57.2,0
Before cleaning,57.2,0
After cleaning,57.2,0
Memory allocation,57.2,0
ReducdModel,57.21,0.00999999999999801
before Dt clean,58.1,0.890000000000001
Dt clean,58.1,0
BLUP,58.1,0
PEV,60.33,2.23
K normal,60.33,0
K set to 1,58.98,-1.35
Screening SNPs,58.98,0
GWAS done for this Trait,58.98,0
Post PreP3D,56.17,-2.81
cp start,56.73,0.559999999999995
Does this change memory0,56.17,-0.559999999999995
cp distance,56.17,0
cp cluster,56.44,0.269999999999996
cp cutree,56.67,0.230000000000004
cp calculation original,58,1.33
cp calculation,58,0
PreP3D 2_cp,56.17,-1.83
PreP3D 2 bk,56.13,-0.0399999999999991
PreP3D 2 zc,56.11,-0.0200000000000031
Prio PreP3D,56.11,0
P3D Start,56.12,0.00999999999999801
eig.L,57.14,1.02
eig.R,57.7,0.560000000000002
REML,57.7,0
eig.R removed,57.14,-0.560000000000002
Trait,57.69,0.549999999999997
REML,57.69,0
eig.R removed,57.69,0
REMLE removed,57.69,0
U Matrix,57.69,0
eig.L removed,57.13,-0.559999999999995
New Genotype file,57.13,0
Before cleaning,57.13,0
After cleaning,57.13,0
Memory allocation,57.13,0
ReducdModel,57.13,0
before Dt clean,57.97,0.839999999999996
Dt clean,57.97,0
BLUP,57.98,0.00999999999999801
PEV,60.2,2.22000000000001
K normal,60.2,0
K set to 1,58.87,-1.33000000000001
Screening SNPs,58.87,0
GWAS done for this Trait,58.87,0
Post PreP3D,56.11,-2.76
cp start,56.67,0.560000000000002
Does this change memory0,56.12,-0.550000000000004
cp distance,56.12,0
cp cluster,56.39,0.270000000000003
cp cutree,56.61,0.219999999999999
cp calculation original,57.79,1.18
cp calculation,57.79,0
PreP3D 2_cp,56.05,-1.74
PreP3D 2 bk,56.02,-0.029999999999994
PreP3D 2 zc,56,-0.0200000000000031
Prio PreP3D,56,0
P3D Start,56,0
eig.L,57,1
eig.R,57.57,0.57
REML,57.57,0
eig.R removed,57,-0.57
Trait,57.56,0.560000000000002
REML,57.56,0
eig.R removed,57.56,0
REMLE removed,57.56,0
U Matrix,57.56,0
eig.L removed,56.99,-0.57
New Genotype file,56.99,0
Before cleaning,57,0.00999999999999801
After cleaning,57,0
Memory allocation,57,0
ReducdModel,57,0
before Dt clean,57.79,0.789999999999999
Dt clean,57.78,-0.00999999999999801
BLUP,57.79,0.00999999999999801
PEV,59.68,1.89
K normal,59.68,0
K set to 1,58.52,-1.16
Screening SNPs,58.52,0
GWAS done for this Trait,58.52,0
Post PreP3D,56,-2.52
cp start,56.56,0.560000000000002
Does this change memory0,56,-0.560000000000002
cp distance,56.01,0.00999999999999801
cp cluster,56.28,0.270000000000003
cp cutree,56.49,0.210000000000001
cp calculation original,57.65,1.16
cp calculation,57.65,0
PreP3D 2_cp,56,-1.65
PreP3D 2 bk,55.97,-0.0300000000000011
PreP3D 2 zc,55.95,-0.019999999999996
Prio PreP3D,55.95,0
P3D Start,55.95,0
eig.L,56.93,0.979999999999997
eig.R,57.5,0.57
REML,57.5,0
eig.R removed,56.93,-0.57
Trait,57.49,0.560000000000002
REML,57.49,0
eig.R removed,57.49,0
REMLE removed,57.49,0
U Matrix,57.49,0
eig.L removed,56.92,-0.57
New Genotype file,56.92,0
Before cleaning,56.93,0.00999999999999801
After cleaning,56.93,0
Memory allocation,56.93,0
ReducdModel,56.93,0
before Dt clean,57.66,0.729999999999997
Dt clean,57.66,0
BLUP,57.67,0.0100000000000051
PEV,59.47,1.8
K normal,59.47,0
K set to 1,58.36,-1.11
Screening SNPs,58.36,0
GWAS done for this Trait,58.36,0
Post PreP3D,55.95,-2.41
cp start,56.51,0.559999999999995
Does this change memory0,55.96,-0.549999999999997
cp distance,55.96,0
cp cluster,56.23,0.269999999999996
cp cutree,56.43,0.200000000000003
cp calculation original,57.42,0.990000000000002
cp calculation,57.42,0
PreP3D 2_cp,55.89,-1.53
PreP3D 2 bk,55.86,-0.0300000000000011
PreP3D 2 zc,55.84,-0.019999999999996
Prio PreP3D,55.84,0
P3D Start,55.84,0
eig.L,56.8,0.959999999999994
eig.R,57.36,0.560000000000002
REML,57.36,0
eig.R removed,56.8,-0.560000000000002
Trait,57.36,0.560000000000002
REML,57.36,0
eig.R removed,57.36,0
REMLE removed,57.36,0
U Matrix,57.36,0
eig.L removed,56.79,-0.57
New Genotype file,56.79,0
Before cleaning,56.79,0
After cleaning,56.79,0
Memory allocation,56.79,0
ReducdModel,56.8,0.00999999999999801
before Dt clean,57.48,0.68
Dt clean,57.48,0
BLUP,57.48,0
PEV,59.01,1.53
K normal,59.01,0
K set to 1,58.01,-1
Screening SNPs,58.01,0
GWAS done for this Trait,58.01,0
Post PreP3D,55.83,-2.18
cp start,56.4,0.57
Does this change memory0,55.84,-0.559999999999995
cp distance,55.85,0.00999999999999801
cp cluster,56.12,0.269999999999996
cp cutree,56.31,0.190000000000005
cp calculation original,57.2,0.890000000000001
cp calculation,57.2,0
PreP3D 2_cp,55.78,-1.42
PreP3D 2 bk,55.76,-0.0200000000000031
PreP3D 2 zc,55.74,-0.019999999999996
Prio PreP3D,55.74,0
P3D Start,55.74,0
eig.L,56.68,0.939999999999998
eig.R,57.24,0.560000000000002
REML,57.24,0
eig.R removed,56.68,-0.560000000000002
Trait,57.23,0.549999999999997
REML,57.23,0
eig.R removed,57.23,0
REMLE removed,57.23,0
U Matrix,57.23,0
eig.L removed,56.67,-0.559999999999995
New Genotype file,56.67,0
Before cleaning,56.67,0
After cleaning,56.67,0
Memory allocation,56.67,0
ReducdModel,56.68,0.00999999999999801
before Dt clean,57.31,0.630000000000003
Dt clean,57.31,0
BLUP,57.31,0
PEV,58.65,1.34
K normal,58.65,0
K set to 1,57.75,-0.899999999999999
Screening SNPs,57.75,0
GWAS done for this Trait,57.75,0
Post PreP3D,55.73,-2.02
cp start,56.3,0.57
Does this change memory0,55.74,-0.559999999999995
cp distance,55.75,0.00999999999999801
cp cluster,56.02,0.270000000000003
cp cutree,56.19,0.169999999999995
cp calculation original,57.01,0.82
cp calculation,57.01,0
PreP3D 2_cp,55.71,-1.3
PreP3D 2 bk,55.68,-0.0300000000000011
PreP3D 2 zc,55.66,-0.0200000000000031
Prio PreP3D,55.66,0
P3D Start,55.67,0.0100000000000051
eig.L,56.59,0.920000000000002
eig.R,57.15,0.559999999999995
REML,57.15,0
eig.R removed,56.59,-0.559999999999995
Trait,57.14,0.549999999999997
REML,57.14,0
eig.R removed,57.14,0
REMLE removed,57.14,0
U Matrix,57.14,0
eig.L removed,56.58,-0.560000000000002
New Genotype file,56.58,0
Before cleaning,56.58,0
After cleaning,56.58,0
Memory allocation,56.58,0
ReducdModel,56.58,0
before Dt clean,57.17,0.590000000000003
Dt clean,57.17,0
BLUP,57.17,0
PEV,58.37,1.2
K normal,58.37,0
K set to 1,57.55,-0.82
Screening SNPs,57.55,0
GWAS done for this Trait,57.55,0
Post PreP3D,55.66,-1.89
cp start,56.23,0.57
Does this change memory0,55.67,-0.559999999999995
cp distance,55.67,0
cp cluster,55.94,0.269999999999996
cp cutree,56.11,0.170000000000002
cp calculation original,56.86,0.75
cp calculation,56.86,0
PreP3D 2_cp,55.63,-1.23
PreP3D 2 bk,55.61,-0.0200000000000031
PreP3D 2 zc,55.59,-0.019999999999996
Prio PreP3D,55.59,0
P3D Start,55.6,0.00999999999999801
eig.L,56.5,0.899999999999999
eig.R,57.06,0.560000000000002
REML,57.06,0
eig.R removed,56.5,-0.560000000000002
Trait,57.05,0.549999999999997
REML,57.05,0
eig.R removed,57.05,0
REMLE removed,57.05,0
U Matrix,57.05,0
eig.L removed,56.49,-0.559999999999995
New Genotype file,56.49,0
Before cleaning,56.49,0
After cleaning,56.49,0
Memory allocation,56.49,0
ReducdModel,56.49,0
before Dt clean,57.04,0.549999999999997
Dt clean,57.04,0
BLUP,57.29,0.25
PEV,58.22,0.93
K normal,58.22,0
K set to 1,57.48,-0.740000000000002
Screening SNPs,57.48,0
GWAS done for this Trait,57.48,0
Post PreP3D,55.71,-1.77
cp start,56.28,0.57
Does this change memory0,55.72,-0.560000000000002
cp distance,55.72,0
cp cluster,56,0.280000000000001
cp cutree,56.15,0.149999999999999
cp calculation original,56.83,0.68
cp calculation,56.83,0
PreP3D 2_cp,55.69,-1.14
PreP3D 2 bk,55.67,-0.019999999999996
PreP3D 2 zc,55.64,-0.0300000000000011
Prio PreP3D,55.64,0
P3D Start,55.65,0.00999999999999801
eig.L,56.53,0.880000000000003
eig.R,57.09,0.560000000000002
REML,57.09,0
eig.R removed,56.53,-0.560000000000002
Trait,57.09,0.560000000000002
REML,57.09,0
eig.R removed,57.09,0
REMLE removed,57.09,0
U Matrix,57.09,0
eig.L removed,56.52,-0.57
New Genotype file,56.52,0
Before cleaning,56.53,0.00999999999999801
After cleaning,56.53,0
Memory allocation,56.53,0
ReducdModel,56.53,0
before Dt clean,57.03,0.5
Dt clean,57.02,-0.00999999999999801
BLUP,57.03,0.00999999999999801
PEV,57.97,0.939999999999998
K normal,57.97,0
K set to 1,57.29,-0.68
Screening SNPs,57.29,0
GWAS done for this Trait,57.29,0
Post PreP3D,55.64,-1.65
cp start,56.21,0.57
Does this change memory0,55.66,-0.550000000000004
cp distance,55.66,0
cp cluster,55.93,0.270000000000003
cp cutree,56.08,0.149999999999999
cp calculation original,56.69,0.609999999999999
cp calculation,56.69,0
PreP3D 2_cp,55.62,-1.07
PreP3D 2 bk,55.6,-0.019999999999996
PreP3D 2 zc,55.58,-0.0200000000000031
Prio PreP3D,55.58,0
P3D Start,55.59,0.0100000000000051
eig.L,56.42,0.829999999999998
eig.R,56.98,0.559999999999995
REML,56.98,0
eig.R removed,56.42,-0.559999999999995
Trait,56.97,0.549999999999997
REML,56.97,0
eig.R removed,56.97,0
REMLE removed,56.97,0
U Matrix,56.97,0
eig.L removed,56.44,-0.530000000000001
New Genotype file,56.44,0
Before cleaning,56.44,0
After cleaning,56.44,0
Memory allocation,56.44,0
ReducdModel,56.44,0
before Dt clean,56.9,0.460000000000001
Dt clean,56.9,0
BLUP,56.9,0
PEV,57.73,0.829999999999998
K normal,57.73,0
K set to 1,57.12,-0.609999999999999
Screening SNPs,57.12,0
GWAS done for this Trait,57.12,0
Post PreP3D,55.58,-1.54
cp start,56.15,0.57
Does this change memory0,55.59,-0.559999999999995
cp distance,55.59,0
cp cluster,55.87,0.279999999999994
cp cutree,56,0.130000000000003
cp calculation original,56.55,0.549999999999997
cp calculation,56.55,0
PreP3D 2_cp,55.56,-0.989999999999995
PreP3D 2 bk,55.54,-0.0200000000000031
PreP3D 2 zc,55.52,-0.019999999999996
Prio PreP3D,55.52,0
P3D Start,55.53,0.00999999999999801
eig.L,56.34,0.810000000000002
eig.R,56.9,0.559999999999995
REML,56.9,0
eig.R removed,56.34,-0.559999999999995
Trait,56.89,0.549999999999997
REML,56.89,0
eig.R removed,56.89,0
REMLE removed,56.89,0
U Matrix,56.89,0
eig.L removed,56.36,-0.530000000000001
New Genotype file,56.36,0
Before cleaning,56.36,0
After cleaning,56.36,0
Memory allocation,56.36,0
ReducdModel,56.36,0
before Dt clean,56.78,0.420000000000002
Dt clean,56.78,0
BLUP,56.78,0
PEV,57.5,0.719999999999999
K normal,57.5,0
K set to 1,56.95,-0.549999999999997
Screening SNPs,56.95,0
GWAS done for this Trait,56.95,0
Post PreP3D,55.51,-1.44
cp start,56.09,0.580000000000005
Does this change memory0,55.53,-0.560000000000002
cp distance,55.53,0
cp cluster,55.81,0.280000000000001
cp cutree,55.93,0.119999999999997
cp calculation original,56.42,0.490000000000002
cp calculation,56.42,0
PreP3D 2_cp,55.5,-0.920000000000002
PreP3D 2 bk,55.48,-0.0200000000000031
PreP3D 2 zc,55.46,-0.019999999999996
Prio PreP3D,55.46,0
P3D Start,55.47,0.00999999999999801
eig.L,56.26,0.789999999999999
eig.R,56.82,0.560000000000002
REML,56.82,0
eig.R removed,56.26,-0.560000000000002
Trait,56.81,0.550000000000004
REML,56.81,0
eig.R removed,56.81,0
REMLE removed,56.81,0
U Matrix,56.81,0
eig.L removed,56.28,-0.530000000000001
New Genotype file,56.28,0
Before cleaning,56.28,0
After cleaning,56.28,0
Memory allocation,56.28,0
ReducdModel,56.29,0.00999999999999801
before Dt clean,56.66,0.369999999999997
Dt clean,56.66,0
BLUP,56.66,0
PEV,57.28,0.620000000000005
K normal,57.28,0
K set to 1,56.8,-0.480000000000004
Screening SNPs,56.8,0
GWAS done for this Trait,56.8,0
Post PreP3D,55.46,-1.34
cp start,56.03,0.57
Does this change memory0,55.48,-0.550000000000004
cp distance,55.48,0
cp cluster,55.75,0.270000000000003
cp cutree,55.87,0.119999999999997
cp calculation original,56.3,0.43
cp calculation,56.3,0
PreP3D 2_cp,55.44,-0.859999999999999
PreP3D 2 bk,55.43,-0.00999999999999801
PreP3D 2 zc,55.41,-0.0200000000000031
Prio PreP3D,55.41,0
P3D Start,55.41,0
eig.L,56.18,0.770000000000003
eig.R,56.75,0.57
REML,56.75,0
eig.R removed,56.18,-0.57
Trait,56.74,0.560000000000002
REML,56.74,0
eig.R removed,56.74,0
REMLE removed,56.74,0
U Matrix,56.74,0
eig.L removed,56.21,-0.530000000000001
New Genotype file,56.21,0
Before cleaning,56.21,0
After cleaning,56.21,0
Memory allocation,56.21,0
ReducdModel,56.21,0
before Dt clean,56.55,0.339999999999996
Dt clean,56.55,0
BLUP,56.55,0
PEV,57.08,0.530000000000001
K normal,57.08,0
K set to 1,56.65,-0.43
Screening SNPs,56.65,0
GWAS done for this Trait,56.65,0
Post PreP3D,55.4,-1.25
cp start,55.97,0.57
Does this change memory0,55.42,-0.549999999999997
cp distance,55.42,0
cp cluster,55.69,0.269999999999996
cp cutree,55.8,0.109999999999999
cp calculation original,56.18,0.380000000000003
cp calculation,56.18,0
PreP3D 2_cp,55.39,-0.789999999999999
PreP3D 2 bk,55.38,-0.00999999999999801
PreP3D 2 zc,55.35,-0.0300000000000011
Prio PreP3D,55.35,0
P3D Start,55.36,0.00999999999999801
eig.L,56.11,0.75
eig.R,56.68,0.57
REML,56.68,0
eig.R removed,56.11,-0.57
Trait,56.67,0.560000000000002
REML,56.67,0
eig.R removed,56.67,0
REMLE removed,56.67,0
U Matrix,56.67,0
eig.L removed,56.14,-0.530000000000001
New Genotype file,56.14,0
Before cleaning,56.14,0
After cleaning,56.14,0
Memory allocation,56.14,0
ReducdModel,56.14,0
before Dt clean,56.44,0.299999999999997
Dt clean,56.44,0
BLUP,56.44,0
PEV,56.89,0.450000000000003
K normal,56.89,0
K set to 1,56.51,-0.380000000000003
Screening SNPs,56.51,0
GWAS done for this Trait,56.51,0
Post PreP3D,55.35,-1.16
cp start,55.92,0.57
Does this change memory0,55.37,-0.550000000000004
cp distance,55.37,0
cp cluster,55.64,0.270000000000003
cp cutree,55.74,0.100000000000001
cp calculation original,56.07,0.329999999999998
cp calculation,56.07,0
PreP3D 2_cp,55.34,-0.729999999999997
PreP3D 2 bk,55.33,-0.0100000000000051
PreP3D 2 zc,55.31,-0.019999999999996
Prio PreP3D,55.31,0
P3D Start,55.31,0
eig.L,56.04,0.729999999999997
eig.R,56.61,0.57
REML,56.61,0
eig.R removed,56.04,-0.57
Trait,56.6,0.560000000000002
REML,56.6,0
eig.R removed,56.6,0
REMLE removed,56.6,0
U Matrix,56.6,0
eig.L removed,56.07,-0.530000000000001
New Genotype file,56.07,0
Before cleaning,56.07,0
After cleaning,56.07,0
Memory allocation,56.07,0
ReducdModel,56.07,0
before Dt clean,56.34,0.270000000000003
Dt clean,56.34,0
BLUP,56.34,0
PEV,56.71,0.369999999999997
K normal,56.71,0
K set to 1,56.38,-0.329999999999998
Screening SNPs,56.38,0
GWAS done for this Trait,56.38,0
Post PreP3D,55.3,-1.08000000000001
cp start,55.87,0.57
Does this change memory0,55.32,-0.549999999999997
cp distance,55.32,0
cp cluster,55.6,0.280000000000001
cp cutree,55.68,0.0799999999999983
cp calculation original,55.96,0.280000000000001
cp calculation,55.96,0
PreP3D 2_cp,55.29,-0.670000000000002
PreP3D 2 bk,55.28,-0.00999999999999801
PreP3D 2 zc,55.26,-0.0200000000000031
Prio PreP3D,55.26,0
P3D Start,55.27,0.0100000000000051
eig.L,55.98,0.709999999999994
eig.R,56.54,0.560000000000002
REML,56.54,0
eig.R removed,55.98,-0.560000000000002
Trait,56.54,0.560000000000002
REML,56.54,0
eig.R removed,56.54,0
REMLE removed,56.54,0
U Matrix,56.54,0
eig.L removed,56,-0.539999999999999
New Genotype file,56,0
Before cleaning,56.01,0.00999999999999801
After cleaning,56.01,0
Memory allocation,56.01,0
ReducdModel,56.01,0
before Dt clean,56.24,0.230000000000004
Dt clean,56.24,0
BLUP,56.24,0
PEV,56.54,0.299999999999997
K normal,56.54,0
K set to 1,56.26,-0.280000000000001
Screening SNPs,56.26,0
GWAS done for this Trait,56.26,0
Post PreP3D,55.25,-1.01
cp start,55.83,0.579999999999998
Does this change memory0,55.28,-0.549999999999997
cp distance,55.28,0
cp cluster,55.55,0.269999999999996
cp cutree,55.63,0.0800000000000054
cp calculation original,55.86,0.229999999999997
cp calculation,55.86,0
PreP3D 2_cp,55.24,-0.619999999999997
PreP3D 2 bk,55.24,0
PreP3D 2 zc,55.22,-0.0200000000000031
Prio PreP3D,55.22,0
P3D Start,55.23,0.00999999999999801
eig.L,55.92,0.690000000000005
eig.R,56.48,0.559999999999995
REML,56.48,0
eig.R removed,55.92,-0.559999999999995
Trait,56.47,0.549999999999997
REML,56.47,0
eig.R removed,56.47,0
REMLE removed,56.47,0
U Matrix,56.47,0
eig.L removed,55.94,-0.530000000000001
New Genotype file,55.94,0
Before cleaning,55.94,0
After cleaning,55.94,0
Memory allocation,55.94,0
ReducdModel,55.95,0.0100000000000051
before Dt clean,56.14,0.189999999999998
Dt clean,56.14,0
BLUP,56.14,0
PEV,56.39,0.25
K normal,56.39,0
K set to 1,56.15,-0.240000000000002
Screening SNPs,56.15,0
GWAS done for this Trait,56.15,0
Post PreP3D,55.21,-0.939999999999998
cp start,55.79,0.579999999999998
Does this change memory0,55.24,-0.549999999999997
cp distance,55.24,0
cp cluster,55.51,0.269999999999996
cp cutree,55.58,0.0700000000000003
cp calculation original,55.77,0.190000000000005
cp calculation,55.77,0
PreP3D 2_cp,55.2,-0.57
PreP3D 2 bk,55.2,0
PreP3D 2 zc,55.18,-0.0200000000000031
Prio PreP3D,55.18,0
P3D Start,55.19,0.00999999999999801
eig.L,55.86,0.670000000000002
eig.R,56.42,0.560000000000002
REML,56.42,0
eig.R removed,55.86,-0.560000000000002
Trait,56.41,0.549999999999997
REML,56.41,0
eig.R removed,56.41,0
REMLE removed,56.41,0
U Matrix,56.41,0
eig.L removed,55.88,-0.529999999999994
New Genotype file,55.88,0
Before cleaning,55.88,0
After cleaning,55.88,0
Memory allocation,55.88,0
ReducdModel,55.89,0.00999999999999801
before Dt clean,56.05,0.159999999999997
Dt clean,56.05,0
BLUP,56.05,0
PEV,56.24,0.190000000000005
K normal,56.24,0
K set to 1,56.05,-0.190000000000005
Screening SNPs,56.05,0
GWAS done for this Trait,56.05,0
Post PreP3D,55.17,-0.879999999999995
cp start,55.75,0.579999999999998
Does this change memory0,55.2,-0.549999999999997
cp distance,55.2,0
cp cluster,55.47,0.269999999999996
cp cutree,55.53,0.0600000000000023
cp calculation original,55.68,0.149999999999999
cp calculation,55.68,0
PreP3D 2_cp,55.16,-0.520000000000003
PreP3D 2 bk,55.16,0
PreP3D 2 zc,55.14,-0.019999999999996
Prio PreP3D,55.14,0
P3D Start,55.15,0.00999999999999801
eig.L,55.8,0.649999999999999
eig.R,56.37,0.57
REML,56.37,0
eig.R removed,55.8,-0.57
Trait,56.36,0.560000000000002
REML,56.36,0
eig.R removed,56.36,0
REMLE removed,56.36,0
U Matrix,56.36,0
eig.L removed,55.83,-0.530000000000001
New Genotype file,55.83,0
Before cleaning,55.83,0
After cleaning,55.83,0
Memory allocation,55.83,0
ReducdModel,55.83,0
before Dt clean,55.97,0.140000000000001
Dt clean,55.97,0
BLUP,55.97,0
PEV,56.11,0.140000000000001
K normal,56.11,0
K set to 1,55.96,-0.149999999999999
Screening SNPs,55.96,0
GWAS done for this Trait,55.96,0
Post PreP3D,55.13,-0.829999999999998
cp start,55.71,0.579999999999998
Does this change memory0,55.16,-0.550000000000004
cp distance,55.16,0
cp cluster,55.43,0.270000000000003
cp cutree,55.48,0.0499999999999972
cp calculation original,55.6,0.120000000000005
cp calculation,55.6,0
PreP3D 2_cp,55.13,-0.469999999999999
PreP3D 2 bk,55.13,0
PreP3D 2 zc,55.11,-0.0200000000000031
Prio PreP3D,55.11,0
P3D Start,55.12,0.00999999999999801
eig.L,55.75,0.630000000000003
eig.R,56.31,0.560000000000002
REML,56.31,0
eig.R removed,55.75,-0.560000000000002
Trait,56.3,0.549999999999997
REML,56.3,0
eig.R removed,56.3,0
REMLE removed,56.3,0
U Matrix,56.3,0
eig.L removed,55.77,-0.529999999999994
New Genotype file,55.77,0
Before cleaning,55.78,0.00999999999999801
After cleaning,55.78,0
Memory allocation,55.78,0
ReducdModel,55.78,0
before Dt clean,55.89,0.109999999999999
Dt clean,55.89,0
BLUP,55.89,0
PEV,55.99,0.100000000000001
K normal,55.99,0
K set to 1,55.87,-0.120000000000005
Screening SNPs,55.87,0
GWAS done for this Trait,55.87,0
Post PreP3D,55.1,-0.769999999999996
cp start,55.68,0.579999999999998
Does this change memory0,55.13,-0.549999999999997
cp distance,55.13,0
cp cluster,55.4,0.269999999999996
cp cutree,55.44,0.0399999999999991
cp calculation original,55.53,0.0900000000000034
cp calculation,55.53,0
PreP3D 2_cp,55.09,-0.439999999999998
PreP3D 2 bk,55.1,0.00999999999999801
PreP3D 2 zc,55.08,-0.0200000000000031
Prio PreP3D,55.08,0
P3D Start,55.09,0.0100000000000051
eig.L,55.7,0.609999999999999
eig.R,56.26,0.559999999999995
REML,56.26,0
eig.R removed,55.7,-0.559999999999995
Trait,56.25,0.549999999999997
REML,56.25,0
eig.R removed,56.25,0
REMLE removed,56.25,0
U Matrix,56.25,0
eig.L removed,55.72,-0.530000000000001
New Genotype file,55.72,0
Before cleaning,55.73,0.00999999999999801
After cleaning,55.73,0
Memory allocation,55.73,0
ReducdModel,55.73,0
before Dt clean,55.81,0.0800000000000054
Dt clean,55.81,0
BLUP,55.81,0
PEV,55.89,0.0799999999999983
K normal,55.89,0
K set to 1,55.8,-0.0900000000000034
Screening SNPs,55.8,0
GWAS done for this Trait,55.8,0
Post PreP3D,55.07,-0.729999999999997
cp start,58.95,3.88
Does this change memory0,55.14,-3.81
cp distance,55.14,0
cp cluster,55.41,0.269999999999996
cp cutree,55.68,0.270000000000003
cp calculation original,57.34,1.66
cp calculation,57.34,0
PreP3D 2_cp,55.67,-1.67
PreP3D 2 bk,56.2,0.530000000000001
PreP3D 2 zc,56.67,0.469999999999999
GWAS,58.02,1.35
Final,57.46,-0.560000000000002
GPS,57.48,0.019999999999996
Compression.Visualization,57.48,0
Extract p3d results,57.48,0
Extract GWAS start,57.49,0.0100000000000051
MAF filtered,57.68,0.189999999999998
Multiple Correction,57.86,0.18
QQ plot,57.87,0.00999999999999801
Manhattan plot,57.87,0
Extract GWAS end,58.14,0.270000000000003
Report,58.14,0
