Infor,size,Increased
GAPIT,61.62,0
Genotype start,61.62,0
Genotype loaded,61.62,0
byFile,61.62,0
Before Fragment,61.62,0
After Fragment,61.79,0.170000000000002
END this Fragment,61.79,0
Before Fragment,61.79,0
After Fragment,62,0.210000000000001
END this Fragment,61.97,-0.0300000000000011
Before Fragment,61.97,0
After Fragment,62.13,0.160000000000004
END this Fragment,62.13,0
Before Fragment,62.13,0
After Fragment,62.34,0.210000000000001
END this Fragment,62.3,-0.0400000000000063
Before Fragment,62.3,0
After Fragment,62.47,0.170000000000002
END this Fragment,62.47,0
Before Fragment,62.47,0
After Fragment,62.67,0.200000000000003
END this Fragment,62.64,-0.0300000000000011
Before Fragment,62.64,0
After Fragment,62.8,0.159999999999997
END this Fragment,62.81,0.0100000000000051
Before Fragment,62.81,0
After Fragment,62.98,0.169999999999995
END this Fragment,62.95,-0.029999999999994
Before Fragment,62.94,-0.0100000000000051
After Fragment,63.11,0.170000000000002
END this Fragment,63.11,0
Before Fragment,63.11,0
After Fragment,63.32,0.210000000000001
END this Fragment,63.28,-0.0399999999999991
Before Fragment,63.28,0
After Fragment,63.45,0.170000000000002
END this Fragment,63.45,0
Before Fragment,63.45,0
After Fragment,63.65,0.199999999999996
END this Fragment,63.62,-0.0300000000000011
Before Fragment,63.62,0
After Fragment,63.79,0.170000000000002
END this Fragment,63.79,0
Before Fragment,63.79,0
After Fragment,63.99,0.200000000000003
END this Fragment,63.96,-0.0300000000000011
Before Fragment,63.96,0
After Fragment,64.12,0.160000000000004
END this Fragment,64.13,0.00999999999999091
Before Fragment,64.13,0
After Fragment,64.29,0.160000000000011
END this Fragment,64.26,-0.0300000000000011
Before Fragment,64.26,0
After Fragment,64.44,0.179999999999993
END this Fragment,64.44,0
Before Fragment,64.44,0
After Fragment,65.4,0.960000000000008
END this Fragment,64.61,-0.790000000000006
Before Fragment,64.61,0
After Fragment,64.77,0.159999999999997
END this Fragment,64.78,0.0100000000000051
Before Fragment,64.78,0
After Fragment,65.74,0.959999999999994
END this Fragment,64.94,-0.799999999999997
Before Fragment,64.94,0
After Fragment,65.11,0.170000000000002
END this Fragment,65.11,0
Before Fragment,65.11,0
After Fragment,66.08,0.969999999999999
END this Fragment,65.28,-0.799999999999997
Before Fragment,65.28,0
After Fragment,65.45,0.170000000000002
END this Fragment,65.45,0
Before Fragment,65.45,0
After Fragment,66.41,0.959999999999994
END this Fragment,65.62,-0.789999999999992
Before Fragment,65.62,0
After Fragment,65.71,0.0899999999999892
END this Fragment,65.71,0
Sampling genotype,65.71,0
Before SUPER,65.71,0
Before PCA,65.71,0
PCA,66.33,0.620000000000005
Before creating kinship,66.33,0
Estimating kinship,66.98,0.650000000000006
after creating kinship,66.98,0
after LD plot,66.98,0
Genotype for all,73.01,6.03
QC,67.35,-5.66000000000001
SagnwichTop,67.35,0
DataProcessing,67.37,0.0200000000000102
cp start,67.37,0
Does this change memory0,67.37,0
cp distance,67.37,0
cp cluster,67.68,0.310000000000002
cp cutree,67.98,0.299999999999997
cp calculation original,69.84,1.86
cp calculation,69.84,0
PreP3D 2_cp,68,-1.84
PreP3D 2 bk,68.61,0.609999999999999
PreP3D 2 zc,69.22,0.609999999999999
Prio PreP3D,69.22,0
P3D Start,69.22,0
eig.L,70.41,1.19
eig.R,71,0.590000000000003
REML,71,0
eig.R removed,70.41,-0.590000000000003
Trait,71.03,0.620000000000005
REML,71.03,0
eig.R removed,71.03,0
REMLE removed,71.03,0
U Matrix,71.03,0
eig.L removed,70.43,-0.599999999999994
New Genotype file,70.43,0
Before cleaning,70.43,0
After cleaning,70.43,0
Memory allocation,70.43,0
ReducdModel,70.44,0.00999999999999091
before Dt clean,71.63,1.19
Dt clean,71.63,0
BLUP,71.64,0.0100000000000051
PEV,74.78,3.14
K normal,74.78,0
K set to 1,72.93,-1.84999999999999
Screening SNPs,72.93,0
GWAS done for this Trait,72.93,0
Post PreP3D,69.23,-3.7
cp start,69.79,0.560000000000002
Does this change memory0,69.35,-0.440000000000012
cp distance,69.35,0
cp cluster,69.66,0.310000000000002
cp cutree,69.95,0.290000000000006
cp calculation original,71.66,1.70999999999999
cp calculation,71.66,0
PreP3D 2_cp,69.28,-2.38
PreP3D 2 bk,69.24,-0.0400000000000063
PreP3D 2 zc,69.22,-0.019999999999996
Prio PreP3D,69.22,0
P3D Start,69.22,0
eig.L,70.43,1.21000000000001
eig.R,71.05,0.61999999999999
REML,71.05,0
eig.R removed,70.43,-0.61999999999999
Trait,71.04,0.609999999999999
REML,71.04,0
eig.R removed,71.04,0
REMLE removed,71.04,0
U Matrix,71.04,0
eig.L removed,70.42,-0.620000000000005
New Genotype file,70.42,0
Before cleaning,70.42,0
After cleaning,70.42,0
Memory allocation,70.42,0
ReducdModel,70.42,0
before Dt clean,71.56,1.14
Dt clean,71.55,-0.0100000000000051
BLUP,71.56,0.0100000000000051
PEV,74.38,2.81999999999999
K normal,74.38,0
K set to 1,72.69,-1.69
Screening SNPs,72.69,0
GWAS done for this Trait,72.69,0
Post PreP3D,69.22,-3.47
cp start,69.67,0.450000000000003
Does this change memory0,69.23,-0.439999999999998
cp distance,69.23,0
cp cluster,69.53,0.299999999999997
cp cutree,69.82,0.289999999999992
cp calculation original,71.46,1.64
cp calculation,71.46,0
PreP3D 2_cp,69.22,-2.23999999999999
PreP3D 2 bk,69.18,-0.039999999999992
PreP3D 2 zc,69.16,-0.0200000000000102
Prio PreP3D,69.16,0
P3D Start,69.17,0.0100000000000051
eig.L,70.35,1.17999999999999
eig.R,70.98,0.63000000000001
REML,70.98,0
eig.R removed,70.35,-0.63000000000001
Trait,70.97,0.620000000000005
REML,70.97,0
eig.R removed,70.97,0
REMLE removed,70.97,0
U Matrix,70.97,0
eig.L removed,70.34,-0.629999999999995
New Genotype file,70.34,0
Before cleaning,70.35,0.00999999999999091
After cleaning,70.35,0
Memory allocation,70.35,0
ReducdModel,70.35,0
before Dt clean,71.43,1.08000000000001
Dt clean,71.42,-0.0100000000000051
BLUP,71.43,0.0100000000000051
PEV,74.12,2.69
K normal,74.12,0
K set to 1,72.48,-1.64
Screening SNPs,72.48,0
GWAS done for this Trait,72.48,0
Post PreP3D,69.16,-3.32000000000001
cp start,69.61,0.450000000000003
Does this change memory0,69.17,-0.439999999999998
cp distance,69.17,0
cp cluster,69.48,0.310000000000002
cp cutree,69.75,0.269999999999996
cp calculation original,71.25,1.5
cp calculation,71.25,0
PreP3D 2_cp,69.08,-2.17
PreP3D 2 bk,69.05,-0.0300000000000011
PreP3D 2 zc,69.02,-0.0300000000000011
Prio PreP3D,69.02,0
P3D Start,69.03,0.0100000000000051
eig.L,70.16,1.13
eig.R,70.79,0.63000000000001
REML,70.79,0
eig.R removed,70.16,-0.63000000000001
Trait,70.78,0.620000000000005
REML,70.78,0
eig.R removed,70.78,0
REMLE removed,70.78,0
U Matrix,70.78,0
eig.L removed,70.18,-0.599999999999994
New Genotype file,70.18,0
Before cleaning,70.18,0
After cleaning,70.18,0
Memory allocation,70.18,0
ReducdModel,70.19,0.00999999999999091
before Dt clean,71.2,1.01000000000001
Dt clean,71.2,0
BLUP,71.21,0.00999999999999091
PEV,73.61,2.40000000000001
K normal,73.61,0
K set to 1,72.12,-1.48999999999999
Screening SNPs,72.12,0
GWAS done for this Trait,72.12,0
Post PreP3D,69.02,-3.10000000000001
cp start,69.47,0.450000000000003
Does this change memory0,69.03,-0.439999999999998
cp distance,69.03,0
cp cluster,69.34,0.310000000000002
cp cutree,69.6,0.259999999999991
cp calculation original,71.01,1.41000000000001
cp calculation,71.01,0
PreP3D 2_cp,68.99,-2.02000000000001
PreP3D 2 bk,68.95,-0.039999999999992
PreP3D 2 zc,68.93,-0.019999999999996
Prio PreP3D,68.93,0
P3D Start,68.93,0
eig.L,70.04,1.11
eig.R,70.63,0.589999999999989
REML,70.63,0
eig.R removed,70.04,-0.589999999999989
Trait,70.66,0.61999999999999
REML,70.66,0
eig.R removed,70.66,0
REMLE removed,70.66,0
U Matrix,70.66,0
eig.L removed,70.07,-0.590000000000003
New Genotype file,70.07,0
Before cleaning,70.07,0
After cleaning,70.07,0
Memory allocation,70.07,0
ReducdModel,70.07,0
before Dt clean,71.03,0.960000000000008
Dt clean,71.03,0
BLUP,71.03,0
PEV,73.25,2.22
K normal,73.25,0
K set to 1,71.85,-1.40000000000001
Screening SNPs,71.85,0
GWAS done for this Trait,71.85,0
Post PreP3D,68.93,-2.91999999999999
cp start,69.37,0.439999999999998
Does this change memory0,68.94,-0.430000000000007
cp distance,68.94,0
cp cluster,69.25,0.310000000000002
cp cutree,69.5,0.25
cp calculation original,70.81,1.31
cp calculation,70.81,0
PreP3D 2_cp,68.89,-1.92
PreP3D 2 bk,68.86,-0.0300000000000011
PreP3D 2 zc,68.84,-0.019999999999996
Prio PreP3D,68.84,0
P3D Start,68.84,0
eig.L,69.93,1.09
eig.R,70.52,0.589999999999989
REML,70.52,0
eig.R removed,69.93,-0.589999999999989
Trait,70.55,0.61999999999999
REML,70.55,0
eig.R removed,70.55,0
REMLE removed,70.55,0
U Matrix,70.55,0
eig.L removed,69.95,-0.599999999999994
New Genotype file,69.95,0
Before cleaning,69.96,0.00999999999999091
After cleaning,69.96,0
Memory allocation,69.96,0
ReducdModel,69.96,0
before Dt clean,70.86,0.900000000000006
Dt clean,70.86,0
BLUP,70.86,0
PEV,72.9,2.04000000000001
K normal,72.9,0
K set to 1,71.6,-1.30000000000001
Screening SNPs,71.6,0
GWAS done for this Trait,71.6,0
Post PreP3D,68.83,-2.77
cp start,69.28,0.450000000000003
Does this change memory0,68.85,-0.430000000000007
cp distance,68.85,0
cp cluster,69.15,0.300000000000011
cp cutree,69.39,0.239999999999995
cp calculation original,70.62,1.23
cp calculation,70.62,0
PreP3D 2_cp,68.8,-1.82000000000001
PreP3D 2 bk,68.77,-0.0300000000000011
PreP3D 2 zc,68.75,-0.019999999999996
Prio PreP3D,68.75,0
P3D Start,68.75,0
eig.L,69.82,1.06999999999999
eig.R,70.41,0.590000000000003
REML,70.41,0
eig.R removed,69.82,-0.590000000000003
Trait,70.44,0.620000000000005
REML,70.44,0
eig.R removed,70.44,0
REMLE removed,70.44,0
U Matrix,70.44,0
eig.L removed,69.85,-0.590000000000003
New Genotype file,69.85,0
Before cleaning,69.85,0
After cleaning,69.85,0
Memory allocation,69.85,0
ReducdModel,69.85,0
before Dt clean,70.7,0.850000000000009
Dt clean,70.69,-0.0100000000000051
BLUP,70.7,0.0100000000000051
PEV,72.57,1.86999999999999
K normal,72.57,0
K set to 1,71.35,-1.22
Screening SNPs,71.35,0
GWAS done for this Trait,71.35,0
Post PreP3D,68.75,-2.59999999999999
cp start,69.2,0.450000000000003
Does this change memory0,68.76,-0.439999999999998
cp distance,68.76,0
cp cluster,69.07,0.309999999999988
cp cutree,69.3,0.230000000000004
cp calculation original,70.43,1.13000000000001
cp calculation,70.43,0
PreP3D 2_cp,68.71,-1.72000000000001
PreP3D 2 bk,68.68,-0.0299999999999869
PreP3D 2 zc,68.66,-0.0200000000000102
Prio PreP3D,68.66,0
P3D Start,68.67,0.0100000000000051
eig.L,69.72,1.05
eig.R,70.3,0.579999999999998
REML,70.3,0
eig.R removed,69.72,-0.579999999999998
Trait,70.33,0.609999999999999
REML,70.33,0
eig.R removed,70.33,0
REMLE removed,70.33,0
U Matrix,70.34,0.0100000000000051
eig.L removed,69.74,-0.600000000000009
New Genotype file,69.74,0
Before cleaning,69.74,0
After cleaning,69.74,0
Memory allocation,69.74,0
ReducdModel,69.74,0
before Dt clean,70.54,0.800000000000011
Dt clean,70.53,-0.0100000000000051
BLUP,70.54,0.0100000000000051
PEV,72.24,1.69999999999999
K normal,72.24,0
K set to 1,71.11,-1.13
Screening SNPs,71.11,0
GWAS done for this Trait,71.11,0
Post PreP3D,68.66,-2.45
cp start,69.11,0.450000000000003
Does this change memory0,68.67,-0.439999999999998
cp distance,68.68,0.0100000000000051
cp cluster,68.98,0.299999999999997
cp cutree,69.2,0.219999999999999
cp calculation original,70.25,1.05
cp calculation,70.25,0
PreP3D 2_cp,68.63,-1.62
PreP3D 2 bk,68.6,-0.0300000000000011
PreP3D 2 zc,68.58,-0.019999999999996
Prio PreP3D,68.58,0
P3D Start,68.59,0.0100000000000051
eig.L,69.61,1.02
eig.R,70.2,0.590000000000003
REML,70.2,0
eig.R removed,69.61,-0.590000000000003
Trait,70.23,0.620000000000005
REML,70.23,0
eig.R removed,70.23,0
REMLE removed,70.23,0
U Matrix,70.23,0
eig.L removed,69.64,-0.590000000000003
New Genotype file,69.64,0
Before cleaning,69.64,0
After cleaning,69.64,0
Memory allocation,69.64,0
ReducdModel,69.64,0
before Dt clean,70.38,0.739999999999995
Dt clean,70.38,0
BLUP,70.38,0
PEV,71.93,1.55000000000001
K normal,71.93,0
K set to 1,70.89,-1.04000000000001
Screening SNPs,70.89,0
GWAS done for this Trait,70.89,0
Post PreP3D,68.58,-2.31
cp start,69.03,0.450000000000003
Does this change memory0,68.59,-0.439999999999998
cp distance,68.59,0
cp cluster,68.9,0.310000000000002
cp cutree,69.11,0.209999999999994
cp calculation original,70.08,0.969999999999999
cp calculation,70.08,0
PreP3D 2_cp,68.55,-1.53
PreP3D 2 bk,68.52,-0.0300000000000011
PreP3D 2 zc,68.5,-0.019999999999996
Prio PreP3D,68.5,0
P3D Start,68.51,0.0100000000000051
eig.L,69.51,1
eig.R,70.1,0.589999999999989
REML,70.1,0
eig.R removed,69.51,-0.589999999999989
Trait,70.13,0.61999999999999
REML,70.13,0
eig.R removed,70.13,0
REMLE removed,70.13,0
U Matrix,70.13,0
eig.L removed,69.54,-0.589999999999989
New Genotype file,69.54,0
Before cleaning,69.54,0
After cleaning,69.54,0
Memory allocation,69.54,0
ReducdModel,69.54,0
before Dt clean,70.23,0.689999999999998
Dt clean,70.23,0
BLUP,70.23,0
PEV,71.63,1.39999999999999
K normal,71.63,0
K set to 1,70.67,-0.959999999999994
Screening SNPs,70.67,0
GWAS done for this Trait,70.67,0
Post PreP3D,68.5,-2.17
cp start,68.95,0.450000000000003
Does this change memory0,68.51,-0.439999999999998
cp distance,68.52,0.00999999999999091
cp cluster,68.82,0.299999999999997
cp cutree,69.02,0.200000000000003
cp calculation original,69.91,0.890000000000001
cp calculation,69.91,0
PreP3D 2_cp,68.47,-1.44
PreP3D 2 bk,68.45,-0.019999999999996
PreP3D 2 zc,68.43,-0.019999999999996
Prio PreP3D,68.43,0
P3D Start,68.43,0
eig.L,69.42,0.989999999999995
eig.R,70.01,0.590000000000003
REML,70.01,0
eig.R removed,69.42,-0.590000000000003
Trait,70.04,0.620000000000005
REML,70.04,0
eig.R removed,70.04,0
REMLE removed,70.04,0
U Matrix,70.04,0
eig.L removed,69.45,-0.590000000000003
New Genotype file,69.45,0
Before cleaning,69.45,0
After cleaning,69.45,0
Memory allocation,69.45,0
ReducdModel,69.45,0
before Dt clean,70.09,0.640000000000001
Dt clean,70.09,0
BLUP,70.09,0
PEV,71.36,1.27
K normal,71.36,0
K set to 1,70.47,-0.890000000000001
Screening SNPs,70.47,0
GWAS done for this Trait,70.47,0
Post PreP3D,68.42,-2.05
cp start,68.88,0.459999999999994
Does this change memory0,68.44,-0.439999999999998
cp distance,68.44,0
cp cluster,68.75,0.310000000000002
cp cutree,68.94,0.189999999999998
cp calculation original,69.75,0.810000000000002
cp calculation,69.75,0
PreP3D 2_cp,68.4,-1.34999999999999
PreP3D 2 bk,68.38,-0.0200000000000102
PreP3D 2 zc,68.35,-0.0300000000000011
Prio PreP3D,68.35,0
P3D Start,68.36,0.0100000000000051
eig.L,69.33,0.969999999999999
eig.R,69.91,0.579999999999998
REML,69.91,0
eig.R removed,69.33,-0.579999999999998
Trait,69.95,0.620000000000005
REML,69.95,0
eig.R removed,69.95,0
REMLE removed,69.95,0
U Matrix,69.95,0
eig.L removed,69.35,-0.600000000000009
New Genotype file,69.35,0
Before cleaning,69.35,0
After cleaning,69.35,0
Memory allocation,69.35,0
ReducdModel,69.36,0.0100000000000051
before Dt clean,69.95,0.590000000000003
Dt clean,69.95,0
BLUP,69.95,0
PEV,71.09,1.14
K normal,71.09,0
K set to 1,70.27,-0.820000000000007
Screening SNPs,70.27,0
GWAS done for this Trait,70.27,0
Post PreP3D,68.35,-1.92
cp start,68.8,0.450000000000003
Does this change memory0,68.37,-0.429999999999993
cp distance,68.37,0
cp cluster,68.68,0.310000000000002
cp cutree,68.85,0.169999999999987
cp calculation original,69.6,0.75
cp calculation,69.6,0
PreP3D 2_cp,68.33,-1.27
PreP3D 2 bk,68.31,-0.019999999999996
PreP3D 2 zc,68.28,-0.0300000000000011
Prio PreP3D,68.28,0
P3D Start,68.29,0.0100000000000051
eig.L,69.24,0.949999999999989
eig.R,69.82,0.579999999999998
REML,69.82,0
eig.R removed,69.24,-0.579999999999998
Trait,69.86,0.620000000000005
REML,69.86,0
eig.R removed,69.86,0
REMLE removed,69.86,0
U Matrix,69.86,0
eig.L removed,69.26,-0.599999999999994
New Genotype file,69.26,0
Before cleaning,69.26,0
After cleaning,69.26,0
Memory allocation,69.26,0
ReducdModel,69.27,0.00999999999999091
before Dt clean,69.81,0.540000000000006
Dt clean,69.81,0
BLUP,69.81,0
PEV,70.82,1.00999999999999
K normal,70.82,0
K set to 1,70.08,-0.739999999999995
Screening SNPs,70.08,0
GWAS done for this Trait,70.08,0
Post PreP3D,68.28,-1.8
cp start,68.73,0.450000000000003
Does this change memory0,68.3,-0.430000000000007
cp distance,68.3,0
cp cluster,68.61,0.310000000000002
cp cutree,68.77,0.159999999999997
cp calculation original,69.45,0.680000000000007
cp calculation,69.45,0
PreP3D 2_cp,68.26,-1.19
PreP3D 2 bk,68.24,-0.0200000000000102
PreP3D 2 zc,68.22,-0.019999999999996
Prio PreP3D,68.22,0
P3D Start,68.22,0
eig.L,69.15,0.930000000000007
eig.R,69.74,0.589999999999989
REML,69.74,0
eig.R removed,69.15,-0.589999999999989
Trait,69.77,0.61999999999999
REML,69.77,0
eig.R removed,69.77,0
REMLE removed,69.77,0
U Matrix,69.77,0
eig.L removed,69.17,-0.599999999999994
New Genotype file,69.17,0
Before cleaning,69.17,0
After cleaning,69.17,0
Memory allocation,69.17,0
ReducdModel,69.18,0.0100000000000051
before Dt clean,69.68,0.5
Dt clean,69.68,0
BLUP,69.68,0
PEV,70.57,0.889999999999986
K normal,70.57,0
K set to 1,69.89,-0.679999999999993
Screening SNPs,69.89,0
GWAS done for this Trait,69.89,0
Post PreP3D,68.21,-1.68000000000001
cp start,68.67,0.460000000000008
Does this change memory0,68.23,-0.439999999999998
cp distance,68.24,0.00999999999999091
cp cluster,68.54,0.300000000000011
cp cutree,68.69,0.149999999999991
cp calculation original,69.3,0.609999999999999
cp calculation,69.3,0
PreP3D 2_cp,68.19,-1.11
PreP3D 2 bk,68.17,-0.019999999999996
PreP3D 2 zc,68.15,-0.019999999999996
Prio PreP3D,68.15,0
P3D Start,68.16,0.00999999999999091
eig.L,69.06,0.900000000000006
eig.R,69.65,0.590000000000003
REML,69.65,0
eig.R removed,69.06,-0.590000000000003
Trait,69.68,0.620000000000005
REML,69.68,0
eig.R removed,69.68,0
REMLE removed,69.68,0
U Matrix,69.68,0
eig.L removed,69.09,-0.590000000000003
New Genotype file,69.09,0
Before cleaning,69.09,0
After cleaning,69.09,0
Memory allocation,69.09,0
ReducdModel,69.09,0
before Dt clean,69.55,0.459999999999994
Dt clean,69.55,0
BLUP,69.55,0
PEV,70.33,0.780000000000001
K normal,70.33,0
K set to 1,69.72,-0.609999999999999
Screening SNPs,69.72,0
GWAS done for this Trait,69.72,0
Post PreP3D,68.15,-1.56999999999999
cp start,68.6,0.449999999999989
Does this change memory0,68.17,-0.429999999999993
cp distance,68.17,0
cp cluster,68.48,0.310000000000002
cp cutree,68.62,0.140000000000001
cp calculation original,69.17,0.549999999999997
cp calculation,69.17,0
PreP3D 2_cp,68.13,-1.04000000000001
PreP3D 2 bk,68.11,-0.019999999999996
PreP3D 2 zc,68.09,-0.019999999999996
Prio PreP3D,68.09,0
P3D Start,68.1,0.00999999999999091
eig.L,68.98,0.88000000000001
eig.R,69.57,0.589999999999989
REML,69.57,0
eig.R removed,68.98,-0.589999999999989
Trait,69.6,0.61999999999999
REML,69.6,0
eig.R removed,69.6,0
REMLE removed,69.6,0
U Matrix,69.6,0
eig.L removed,69.01,-0.589999999999989
New Genotype file,69.01,0
Before cleaning,69.01,0
After cleaning,69.01,0
Memory allocation,69.01,0
ReducdModel,69.01,0
before Dt clean,69.43,0.420000000000002
Dt clean,69.43,0
BLUP,69.43,0
PEV,70.1,0.669999999999987
K normal,70.1,0
K set to 1,69.56,-0.539999999999992
Screening SNPs,69.56,0
GWAS done for this Trait,69.56,0
Post PreP3D,68.08,-1.48
cp start,68.54,0.460000000000008
Does this change memory0,68.11,-0.430000000000007
cp distance,68.11,0
cp cluster,68.42,0.310000000000002
cp cutree,68.55,0.129999999999995
cp calculation original,69.04,0.490000000000009
cp calculation,69.04,0
PreP3D 2_cp,68.07,-0.970000000000013
PreP3D 2 bk,68.05,-0.019999999999996
PreP3D 2 zc,68.03,-0.019999999999996
Prio PreP3D,68.03,0
P3D Start,68.04,0.0100000000000051
eig.L,68.9,0.859999999999999
eig.R,69.49,0.589999999999989
REML,69.49,0
eig.R removed,68.9,-0.589999999999989
Trait,69.52,0.61999999999999
REML,69.52,0
eig.R removed,69.52,0
REMLE removed,69.52,0
U Matrix,69.52,0
eig.L removed,68.93,-0.589999999999989
New Genotype file,68.93,0
Before cleaning,68.93,0
After cleaning,68.93,0
Memory allocation,68.93,0
ReducdModel,68.93,0
before Dt clean,69.31,0.379999999999995
Dt clean,69.31,0
BLUP,69.31,0
PEV,69.88,0.569999999999993
K normal,69.88,0
K set to 1,69.4,-0.47999999999999
Screening SNPs,69.4,0
GWAS done for this Trait,69.4,0
Post PreP3D,68.03,-1.37
cp start,68.48,0.450000000000003
Does this change memory0,68.05,-0.430000000000007
cp distance,68.05,0
cp cluster,68.36,0.310000000000002
cp cutree,68.48,0.120000000000005
cp calculation original,68.91,0.429999999999993
cp calculation,68.91,0
PreP3D 2_cp,68.01,-0.899999999999991
PreP3D 2 bk,68,-0.0100000000000051
PreP3D 2 zc,67.98,-0.019999999999996
Prio PreP3D,67.98,0
P3D Start,67.99,0.00999999999999091
eig.L,68.83,0.840000000000003
eig.R,69.41,0.579999999999998
REML,69.41,0
eig.R removed,68.83,-0.579999999999998
Trait,69.45,0.620000000000005
REML,69.45,0
eig.R removed,69.45,0
REMLE removed,69.45,0
U Matrix,69.45,0
eig.L removed,68.85,-0.600000000000009
New Genotype file,68.85,0
Before cleaning,68.85,0
After cleaning,68.85,0
Memory allocation,68.85,0
ReducdModel,68.86,0.0100000000000051
before Dt clean,69.19,0.329999999999998
Dt clean,69.19,0
BLUP,69.19,0
PEV,69.68,0.490000000000009
K normal,69.68,0
K set to 1,69.25,-0.430000000000007
Screening SNPs,69.25,0
GWAS done for this Trait,69.25,0
Post PreP3D,67.97,-1.28
cp start,68.43,0.460000000000008
Does this change memory0,68,-0.430000000000007
cp distance,68,0
cp cluster,68.31,0.310000000000002
cp cutree,68.42,0.109999999999999
cp calculation original,68.79,0.370000000000005
cp calculation,68.79,0
PreP3D 2_cp,67.96,-0.830000000000013
PreP3D 2 bk,67.95,-0.00999999999999091
PreP3D 2 zc,67.93,-0.019999999999996
Prio PreP3D,67.93,0
P3D Start,67.93,0
eig.L,68.76,0.829999999999998
eig.R,69.34,0.579999999999998
REML,69.34,0
eig.R removed,68.76,-0.579999999999998
Trait,69.37,0.609999999999999
REML,69.37,0
eig.R removed,69.37,0
REMLE removed,69.37,0
U Matrix,69.37,0
eig.L removed,68.78,-0.590000000000003
New Genotype file,68.78,0
Before cleaning,68.78,0
After cleaning,68.78,0
Memory allocation,68.78,0
ReducdModel,68.78,0
before Dt clean,69.08,0.299999999999997
Dt clean,69.08,0
BLUP,69.08,0
PEV,69.49,0.409999999999997
K normal,69.49,0
K set to 1,69.11,-0.379999999999995
Screening SNPs,69.11,0
GWAS done for this Trait,69.11,0
Post PreP3D,67.92,-1.19
cp start,68.38,0.459999999999994
Does this change memory0,67.95,-0.429999999999993
cp distance,67.95,0
cp cluster,68.25,0.299999999999997
cp cutree,68.35,0.0999999999999943
cp calculation original,68.68,0.330000000000013
cp calculation,68.68,0
PreP3D 2_cp,67.91,-0.77000000000001
PreP3D 2 bk,67.9,-0.00999999999999091
PreP3D 2 zc,67.88,-0.0200000000000102
Prio PreP3D,67.88,0
P3D Start,67.89,0.0100000000000051
eig.L,68.69,0.799999999999997
eig.R,69.27,0.579999999999998
REML,69.27,0
eig.R removed,68.69,-0.579999999999998
Trait,69.3,0.609999999999999
REML,69.3,0
eig.R removed,69.3,0
REMLE removed,69.3,0
U Matrix,69.3,0
eig.L removed,68.71,-0.590000000000003
New Genotype file,68.71,0
Before cleaning,68.71,0
After cleaning,68.71,0
Memory allocation,68.71,0
ReducdModel,68.71,0
before Dt clean,68.98,0.27000000000001
Dt clean,68.98,0
BLUP,68.98,0
PEV,69.31,0.329999999999998
K normal,69.31,0
K set to 1,68.99,-0.320000000000007
Screening SNPs,68.99,0
GWAS done for this Trait,68.99,0
Post PreP3D,67.87,-1.11999999999999
cp start,68.33,0.459999999999994
Does this change memory0,67.9,-0.429999999999993
cp distance,67.9,0
cp cluster,68.21,0.309999999999988
cp cutree,68.3,0.0900000000000034
cp calculation original,68.57,0.269999999999996
cp calculation,68.57,0
PreP3D 2_cp,67.86,-0.709999999999994
PreP3D 2 bk,67.85,-0.0100000000000051
PreP3D 2 zc,67.83,-0.019999999999996
Prio PreP3D,67.83,0
P3D Start,67.84,0.0100000000000051
eig.L,68.62,0.780000000000001
eig.R,69.2,0.579999999999998
REML,69.2,0
eig.R removed,68.62,-0.579999999999998
Trait,69.24,0.61999999999999
REML,69.24,0
eig.R removed,69.24,0
REMLE removed,69.24,0
U Matrix,69.24,0
eig.L removed,68.64,-0.599999999999994
New Genotype file,68.64,0
Before cleaning,68.65,0.0100000000000051
After cleaning,68.65,0
Memory allocation,68.65,0
ReducdModel,68.65,0
before Dt clean,68.88,0.22999999999999
Dt clean,68.88,0
BLUP,68.88,0
PEV,69.14,0.260000000000005
K normal,69.14,0
K set to 1,68.87,-0.269999999999996
Screening SNPs,68.87,0
GWAS done for this Trait,68.87,0
Post PreP3D,67.82,-1.05000000000001
cp start,68.28,0.460000000000008
Does this change memory0,67.85,-0.430000000000007
cp distance,67.86,0.0100000000000051
cp cluster,68.16,0.299999999999997
cp cutree,68.24,0.0799999999999983
cp calculation original,68.47,0.230000000000004
cp calculation,68.47,0
PreP3D 2_cp,67.81,-0.659999999999997
PreP3D 2 bk,67.81,0
PreP3D 2 zc,67.79,-0.019999999999996
Prio PreP3D,67.79,0
P3D Start,67.8,0.00999999999999091
eig.L,68.56,0.760000000000005
eig.R,69.14,0.579999999999998
REML,69.14,0
eig.R removed,68.56,-0.579999999999998
Trait,69.17,0.609999999999999
REML,69.17,0
eig.R removed,69.17,0
REMLE removed,69.17,0
U Matrix,69.17,0
eig.L removed,68.58,-0.590000000000003
New Genotype file,68.58,0
Before cleaning,68.58,0
After cleaning,68.58,0
Memory allocation,68.58,0
ReducdModel,68.58,0
before Dt clean,68.78,0.200000000000003
Dt clean,68.78,0
BLUP,68.78,0
PEV,68.99,0.209999999999994
K normal,68.99,0
K set to 1,68.76,-0.22999999999999
Screening SNPs,68.76,0
GWAS done for this Trait,68.76,0
Post PreP3D,67.78,-0.980000000000004
cp start,68.24,0.459999999999994
Does this change memory0,67.81,-0.429999999999993
cp distance,67.81,0
cp cluster,68.12,0.310000000000002
cp cutree,68.19,0.0699999999999932
cp calculation original,68.38,0.189999999999998
cp calculation,68.38,0
PreP3D 2_cp,67.77,-0.609999999999999
PreP3D 2 bk,67.77,0
PreP3D 2 zc,67.75,-0.019999999999996
Prio PreP3D,67.75,0
P3D Start,67.76,0.0100000000000051
eig.L,68.5,0.739999999999995
eig.R,69.08,0.579999999999998
REML,69.08,0
eig.R removed,68.5,-0.579999999999998
Trait,69.12,0.620000000000005
REML,69.12,0
eig.R removed,69.12,0
REMLE removed,69.12,0
U Matrix,69.12,0
eig.L removed,68.52,-0.600000000000009
New Genotype file,68.52,0
Before cleaning,68.52,0
After cleaning,68.52,0
Memory allocation,68.52,0
ReducdModel,68.53,0.0100000000000051
before Dt clean,68.69,0.159999999999997
Dt clean,68.69,0
BLUP,68.69,0
PEV,68.85,0.159999999999997
K normal,68.85,0
K set to 1,68.66,-0.189999999999998
Screening SNPs,68.66,0
GWAS done for this Trait,68.66,0
Post PreP3D,67.74,-0.920000000000002
cp start,68.2,0.460000000000008
Does this change memory0,67.77,-0.430000000000007
cp distance,67.78,0.0100000000000051
cp cluster,68.08,0.299999999999997
cp cutree,68.14,0.0600000000000023
cp calculation original,68.29,0.150000000000006
cp calculation,68.29,0
PreP3D 2_cp,67.73,-0.560000000000002
PreP3D 2 bk,67.73,0
PreP3D 2 zc,67.71,-0.0200000000000102
Prio PreP3D,67.71,0
P3D Start,67.72,0.0100000000000051
eig.L,68.44,0.719999999999999
eig.R,69.03,0.590000000000003
REML,69.03,0
eig.R removed,68.44,-0.590000000000003
Trait,69.06,0.620000000000005
REML,69.06,0
eig.R removed,69.06,0
REMLE removed,69.06,0
U Matrix,69.06,0
eig.L removed,68.46,-0.600000000000009
New Genotype file,68.46,0
Before cleaning,68.47,0.0100000000000051
After cleaning,68.47,0
Memory allocation,68.47,0
ReducdModel,68.47,0
before Dt clean,68.6,0.129999999999995
Dt clean,68.6,0
BLUP,68.6,0
PEV,68.72,0.120000000000005
K normal,68.72,0
K set to 1,68.57,-0.150000000000006
Screening SNPs,68.57,0
GWAS done for this Trait,68.57,0
Post PreP3D,67.7,-0.86999999999999
cp start,68.17,0.469999999999999
Does this change memory0,67.74,-0.430000000000007
cp distance,67.74,0
cp cluster,68.05,0.310000000000002
cp cutree,68.09,0.0400000000000063
cp calculation original,68.21,0.11999999999999
cp calculation,68.21,0
PreP3D 2_cp,67.7,-0.509999999999991
PreP3D 2 bk,67.7,0
PreP3D 2 zc,67.68,-0.019999999999996
Prio PreP3D,67.68,0
P3D Start,67.69,0.00999999999999091
eig.L,68.39,0.700000000000003
eig.R,68.97,0.579999999999998
REML,68.97,0
eig.R removed,68.39,-0.579999999999998
Trait,69,0.609999999999999
REML,69,0
eig.R removed,69,0
REMLE removed,69,0
U Matrix,69,0
eig.L removed,68.41,-0.590000000000003
New Genotype file,68.41,0
Before cleaning,68.41,0
After cleaning,68.41,0
Memory allocation,68.41,0
ReducdModel,68.41,0
before Dt clean,68.52,0.109999999999999
Dt clean,68.52,0
BLUP,68.52,0
PEV,68.6,0.0799999999999983
K normal,68.6,0
K set to 1,68.48,-0.11999999999999
Screening SNPs,68.48,0
GWAS done for this Trait,68.48,0
Post PreP3D,67.67,-0.810000000000002
cp start,68.13,0.459999999999994
Does this change memory0,67.7,-0.429999999999993
cp distance,67.71,0.00999999999999091
cp cluster,68.01,0.300000000000011
cp cutree,68.05,0.039999999999992
cp calculation original,68.13,0.0799999999999983
cp calculation,68.13,0
PreP3D 2_cp,67.66,-0.469999999999999
PreP3D 2 bk,67.67,0.0100000000000051
PreP3D 2 zc,67.65,-0.019999999999996
Prio PreP3D,67.65,0
P3D Start,67.66,0.00999999999999091
eig.L,68.33,0.670000000000002
eig.R,68.92,0.590000000000003
REML,68.92,0
eig.R removed,68.33,-0.590000000000003
Trait,68.95,0.620000000000005
REML,68.95,0
eig.R removed,68.95,0
REMLE removed,68.95,0
U Matrix,68.95,0
eig.L removed,68.36,-0.590000000000003
New Genotype file,68.36,0
Before cleaning,68.36,0
After cleaning,68.36,0
Memory allocation,68.36,0
ReducdModel,68.36,0
before Dt clean,68.44,0.0799999999999983
Dt clean,68.44,0
BLUP,68.44,0
PEV,68.49,0.0499999999999972
K normal,68.49,0
K set to 1,68.41,-0.0799999999999983
Screening SNPs,68.41,0
GWAS done for this Trait,68.41,0
Post PreP3D,67.64,-0.769999999999996
cp start,71.44,3.8
Does this change memory0,67.76,-3.67999999999999
cp distance,67.76,0
cp cluster,68.07,0.309999999999988
cp cutree,68.14,0.0700000000000074
cp calculation original,68.33,0.189999999999998
cp calculation,68.33,0
PreP3D 2_cp,67.75,-0.579999999999998
PreP3D 2 bk,67.78,0.0300000000000011
PreP3D 2 zc,67.85,0.0699999999999932
GWAS,68.14,0.290000000000006
Final,68.38,0.239999999999995
GPS,68.39,0.0100000000000051
Compression.Visualization,68.39,0
Extract p3d results,68.39,0
Extract GWAS start,68.4,0.0100000000000051
MAF filtered,68.56,0.159999999999997
Multiple Correction,68.73,0.170000000000002
QQ plot,69.26,0.530000000000001
Manhattan plot,68.91,-0.350000000000009
Extract GWAS end,69.09,0.180000000000007
Report,69.09,0
