Infor,size,Increased
GAPIT,44.59,0
Genotype start,44.59,0
Genotype loaded,44.59,0
Before HapMap,44.59,0
after HapMap,51.34,6.75
HapMap,51.34,0
G removed,51.34,0
hm removed,51.34,0
Sampling genotype,51.34,0
Before SUPER,51.34,0
Before PCA,51.34,0
PCA,51.96,0.619999999999997
Before creating kinship,51.96,0
Estimating kinship,52.77,0.810000000000002
after creating kinship,52.77,0
after LD plot,52.77,0
Genotype for all,52.16,-0.610000000000007
QC,52.98,0.82
SagnwichTop,52.98,0
DataProcessing,52.99,0.0100000000000051
cp start,52.99,0
Does this change memory0,52.99,0
cp distance,52.99,0
cp cluster,53.3,0.309999999999995
cp cutree,53.6,0.300000000000004
cp calculation original,55.46,1.86
cp calculation,55.46,0
PreP3D 2_cp,53.62,-1.84
PreP3D 2 bk,54.23,0.609999999999999
PreP3D 2 zc,54.84,0.610000000000007
Prio PreP3D,54.84,0
P3D Start,54.84,0
eig.L,56.03,1.19
eig.R,56.66,0.629999999999995
REML,56.66,0
eig.R removed,56.03,-0.629999999999995
Trait,56.65,0.619999999999997
REML,56.65,0
eig.R removed,56.65,0
REMLE removed,56.65,0
U Matrix,56.65,0
eig.L removed,56.05,-0.600000000000001
New Genotype file,56.05,0
Before cleaning,56.06,0.0100000000000051
After cleaning,56.06,0
Memory allocation,56.06,0
ReducdModel,56.06,0
before Dt clean,57.26,1.2
Dt clean,57.25,-0.00999999999999801
BLUP,57.26,0.00999999999999801
PEV,60.38,3.12
K normal,60.38,0
K set to 1,58.55,-1.83000000000001
Screening SNPs,58.55,0
GWAS done for this Trait,58.55,0
Post PreP3D,54.85,-3.7
cp start,54.85,0
Does this change memory0,54.85,0
cp distance,54.85,0
cp cluster,55.16,0.309999999999995
cp cutree,55.46,0.300000000000004
cp calculation,67.85,12.39
PreP3D 2_cp,54.87,-12.98
PreP3D 2 bk,54.87,0
PreP3D 2 zc,54.87,0
Prio PreP3D,54.87,0
P3D Start,54.87,0
eig.L,56.06,1.19
eig.R,56.69,0.629999999999995
REML,56.69,0
eig.R removed,56.06,-0.629999999999995
Trait,56.68,0.619999999999997
REML,56.68,0
eig.R removed,56.68,0
REMLE removed,56.68,0
U Matrix,56.68,0
eig.L removed,56.08,-0.600000000000001
New Genotype file,56.08,0
Before cleaning,56.09,0.0100000000000051
After cleaning,56.09,0
Memory allocation,56.09,0
ReducdModel,56.09,0
before Dt clean,57.28,1.19
Dt clean,57.28,0
BLUP,57.29,0.00999999999999801
PEV,60.43,3.14
K normal,60.43,0
K set to 1,58.58,-1.85
Screening SNPs,58.58,0
GWAS done for this Trait,58.58,0
Post PreP3D,54.86,-3.72
cp start,55.82,0.960000000000001
Does this change memory0,54.87,-0.950000000000003
cp distance,54.87,0
cp cluster,55.18,0.310000000000002
cp cutree,55.47,0.289999999999999
cp calculation original,57.18,1.71
cp calculation,57.18,0
PreP3D 2_cp,54.83,-2.35
PreP3D 2 bk,54.79,-0.0399999999999991
PreP3D 2 zc,54.76,-0.0300000000000011
Prio PreP3D,54.76,0
P3D Start,54.77,0.0100000000000051
eig.L,55.97,1.2
eig.R,56.6,0.630000000000003
REML,56.6,0
eig.R removed,55.97,-0.630000000000003
Trait,56.59,0.620000000000005
REML,56.59,0
eig.R removed,56.59,0
REMLE removed,56.59,0
U Matrix,56.59,0
eig.L removed,55.96,-0.630000000000003
New Genotype file,55.96,0
Before cleaning,55.96,0
After cleaning,55.96,0
Memory allocation,55.96,0
ReducdModel,55.97,0.00999999999999801
before Dt clean,57.1,1.13
Dt clean,57.1,0
BLUP,57.1,0
PEV,59.92,2.82
K normal,59.92,0
K set to 1,58.22,-1.7
Screening SNPs,58.22,0
GWAS done for this Trait,58.22,0
Post PreP3D,54.76,-3.46
cp start,54.77,0.0100000000000051
Does this change memory0,54.77,0
cp distance,54.77,0
cp cluster,55.07,0.299999999999997
cp cutree,55.37,0.299999999999997
cp calculation,67.55,12.18
PreP3D 2_cp,54.77,-12.78
PreP3D 2 bk,54.77,0
PreP3D 2 zc,54.77,0
Prio PreP3D,54.77,0
P3D Start,54.77,0
eig.L,55.97,1.2
eig.R,56.6,0.630000000000003
REML,56.6,0
eig.R removed,55.97,-0.630000000000003
Trait,56.59,0.620000000000005
REML,56.59,0
eig.R removed,56.59,0
REMLE removed,56.59,0
U Matrix,56.59,0
eig.L removed,55.96,-0.630000000000003
New Genotype file,55.96,0
Before cleaning,55.97,0.00999999999999801
After cleaning,55.97,0
Memory allocation,55.97,0
ReducdModel,55.97,0
before Dt clean,57.1,1.13
Dt clean,57.1,0
BLUP,57.1,0
PEV,59.93,2.83
K normal,59.93,0
K set to 1,58.23,-1.7
Screening SNPs,58.23,0
GWAS done for this Trait,58.23,0
Post PreP3D,54.76,-3.47
cp start,55.72,0.960000000000001
Does this change memory0,54.77,-0.949999999999996
cp distance,54.77,0
cp cluster,55.08,0.309999999999995
cp cutree,55.36,0.280000000000001
cp calculation original,57.01,1.65
cp calculation,57.01,0
PreP3D 2_cp,54.77,-2.23999999999999
PreP3D 2 bk,54.73,-0.0400000000000063
PreP3D 2 zc,54.71,-0.019999999999996
Prio PreP3D,54.71,0
P3D Start,54.71,0
eig.L,55.9,1.19
eig.R,56.53,0.630000000000003
REML,56.53,0
eig.R removed,55.9,-0.630000000000003
Trait,56.52,0.620000000000005
REML,56.52,0
eig.R removed,56.52,0
REMLE removed,56.52,0
U Matrix,56.52,0
eig.L removed,55.89,-0.630000000000003
New Genotype file,55.89,0
Before cleaning,55.89,0
After cleaning,55.89,0
Memory allocation,55.89,0
ReducdModel,55.9,0.00999999999999801
before Dt clean,56.98,1.08
Dt clean,56.97,-0.00999999999999801
BLUP,56.98,0.00999999999999801
PEV,59.72,2.74
K normal,59.72,0
K set to 1,58.08,-1.64
Screening SNPs,58.08,0
GWAS done for this Trait,58.08,0
Post PreP3D,54.71,-3.37
cp start,54.71,0
Does this change memory0,54.72,0.00999999999999801
cp distance,54.72,0
cp cluster,55.02,0.300000000000004
cp cutree,55.31,0.289999999999999
cp calculation,66.78,11.47
PreP3D 2_cp,54.67,-12.11
PreP3D 2 bk,54.67,0
PreP3D 2 zc,54.67,0
Prio PreP3D,54.67,0
P3D Start,54.67,0
eig.L,55.86,1.19
eig.R,56.49,0.630000000000003
REML,56.49,0
eig.R removed,55.86,-0.630000000000003
Trait,56.48,0.619999999999997
REML,56.48,0
eig.R removed,56.48,0
REMLE removed,56.48,0
U Matrix,56.48,0
eig.L removed,55.85,-0.629999999999995
New Genotype file,55.85,0
Before cleaning,55.85,0
After cleaning,55.85,0
Memory allocation,55.85,0
ReducdModel,55.86,0.00999999999999801
before Dt clean,56.94,1.08
Dt clean,56.93,-0.00999999999999801
BLUP,56.94,0.00999999999999801
PEV,59.68,2.74
K normal,59.68,0
K set to 1,58.04,-1.64
Screening SNPs,58.04,0
GWAS done for this Trait,58.04,0
Post PreP3D,54.67,-3.37
cp start,55.63,0.960000000000001
Does this change memory0,54.68,-0.950000000000003
cp distance,54.68,0
cp cluster,54.99,0.310000000000002
cp cutree,55.26,0.269999999999996
cp calculation original,56.78,1.52
cp calculation,56.78,0
PreP3D 2_cp,54.65,-2.13
PreP3D 2 bk,54.61,-0.0399999999999991
PreP3D 2 zc,54.59,-0.019999999999996
Prio PreP3D,54.59,0
P3D Start,54.6,0.00999999999999801
eig.L,55.76,1.16
eig.R,56.39,0.630000000000003
REML,56.39,0
eig.R removed,55.76,-0.630000000000003
Trait,56.38,0.620000000000005
REML,56.38,0
eig.R removed,56.38,0
REMLE removed,56.38,0
U Matrix,56.38,0
eig.L removed,55.75,-0.630000000000003
New Genotype file,55.75,0
Before cleaning,55.76,0.00999999999999801
After cleaning,55.76,0
Memory allocation,55.76,0
ReducdModel,55.76,0
before Dt clean,56.78,1.02
Dt clean,56.77,-0.00999999999999801
BLUP,56.78,0.00999999999999801
PEV,59.25,2.47
K normal,59.25,0
K set to 1,57.74,-1.51
Screening SNPs,57.74,0
GWAS done for this Trait,57.74,0
Post PreP3D,54.59,-3.15
cp start,54.6,0.00999999999999801
Does this change memory0,54.6,0
cp distance,54.6,0
cp cluster,54.91,0.309999999999995
cp cutree,55.18,0.270000000000003
cp calculation,66.05,10.87
PreP3D 2_cp,54.6,-11.45
PreP3D 2 bk,54.61,0.00999999999999801
PreP3D 2 zc,54.61,0
Prio PreP3D,54.61,0
P3D Start,54.61,0
eig.L,55.77,1.16
eig.R,56.4,0.629999999999995
REML,56.4,0
eig.R removed,55.77,-0.629999999999995
Trait,56.39,0.619999999999997
REML,56.39,0
eig.R removed,56.39,0
REMLE removed,56.39,0
U Matrix,56.39,0
eig.L removed,55.77,-0.619999999999997
New Genotype file,55.77,0
Before cleaning,55.77,0
After cleaning,55.77,0
Memory allocation,55.77,0
ReducdModel,55.77,0
before Dt clean,56.79,1.02
Dt clean,56.79,0
BLUP,56.79,0
PEV,59.27,2.48
K normal,59.27,0
K set to 1,57.75,-1.52
Screening SNPs,57.75,0
GWAS done for this Trait,57.75,0
Post PreP3D,54.6,-3.15
cp start,55.56,0.960000000000001
Does this change memory0,54.62,-0.940000000000005
cp distance,54.62,0
cp cluster,54.92,0.300000000000004
cp cutree,55.19,0.269999999999996
cp calculation original,56.65,1.46
cp calculation,56.65,0
PreP3D 2_cp,54.63,-2.02
PreP3D 2 bk,54.59,-0.0399999999999991
PreP3D 2 zc,54.57,-0.0200000000000031
Prio PreP3D,54.57,0
P3D Start,54.57,0
eig.L,55.72,1.15
eig.R,56.34,0.620000000000005
REML,56.34,0
eig.R removed,55.72,-0.620000000000005
Trait,56.34,0.620000000000005
REML,56.34,0
eig.R removed,56.34,0
REMLE removed,56.34,0
U Matrix,56.34,0
eig.L removed,55.71,-0.630000000000003
New Genotype file,55.71,0
Before cleaning,55.71,0
After cleaning,55.71,0
Memory allocation,55.71,0
ReducdModel,55.71,0
before Dt clean,56.67,0.960000000000001
Dt clean,56.67,0
BLUP,56.68,0.00999999999999801
PEV,59.02,2.34
K normal,59.02,0
K set to 1,57.56,-1.46
Screening SNPs,57.56,0
GWAS done for this Trait,57.56,0
Post PreP3D,54.57,-2.99
cp start,54.57,0
Does this change memory0,54.58,0.00999999999999801
cp distance,54.58,0
cp cluster,54.88,0.300000000000004
cp cutree,55.15,0.269999999999996
cp calculation,65.37,10.22
PreP3D 2_cp,54.57,-10.8
PreP3D 2 bk,54.57,0
PreP3D 2 zc,54.57,0
Prio PreP3D,54.57,0
P3D Start,54.58,0.00999999999999801
eig.L,55.72,1.14
eig.R,56.35,0.630000000000003
REML,56.35,0
eig.R removed,55.72,-0.630000000000003
Trait,56.34,0.620000000000005
REML,56.34,0
eig.R removed,56.34,0
REMLE removed,56.34,0
U Matrix,56.34,0
eig.L removed,55.71,-0.630000000000003
New Genotype file,55.71,0
Before cleaning,55.71,0
After cleaning,55.71,0
Memory allocation,55.71,0
ReducdModel,55.72,0.00999999999999801
before Dt clean,56.68,0.960000000000001
Dt clean,56.67,-0.00999999999999801
BLUP,56.68,0.00999999999999801
PEV,59.02,2.34
K normal,59.02,0
K set to 1,57.56,-1.46
Screening SNPs,57.56,0
GWAS done for this Trait,57.56,0
Post PreP3D,54.57,-2.99
cp start,55.53,0.960000000000001
Does this change memory0,54.58,-0.950000000000003
cp distance,54.58,0
cp cluster,54.89,0.310000000000002
cp cutree,55.14,0.25
cp calculation original,56.49,1.35
cp calculation,56.49,0
PreP3D 2_cp,54.56,-1.93
PreP3D 2 bk,54.53,-0.0300000000000011
PreP3D 2 zc,54.51,-0.0200000000000031
Prio PreP3D,54.51,0
P3D Start,54.51,0
eig.L,55.64,1.13
eig.R,56.26,0.619999999999997
REML,56.26,0
eig.R removed,55.64,-0.619999999999997
Trait,56.26,0.619999999999997
REML,56.26,0
eig.R removed,56.26,0
REMLE removed,56.26,0
U Matrix,56.26,0
eig.L removed,55.63,-0.629999999999995
New Genotype file,55.63,0
Before cleaning,55.63,0
After cleaning,55.63,0
Memory allocation,55.63,0
ReducdModel,55.64,0.00999999999999801
before Dt clean,56.54,0.899999999999999
Dt clean,56.54,0
BLUP,56.54,0
PEV,58.65,2.11
K normal,58.65,0
K set to 1,57.31,-1.34
Screening SNPs,57.31,0
GWAS done for this Trait,57.31,0
Post PreP3D,54.51,-2.8
cp start,54.52,0.0100000000000051
Does this change memory0,54.52,0
cp distance,54.52,0
cp cluster,54.83,0.309999999999995
cp cutree,55.08,0.25
cp calculation,64.7,9.62
PreP3D 2_cp,54.48,-10.22
PreP3D 2 bk,54.48,0
PreP3D 2 zc,54.48,0
Prio PreP3D,54.48,0
P3D Start,54.49,0.0100000000000051
eig.L,55.61,1.12
eig.R,56.24,0.630000000000003
REML,56.24,0
eig.R removed,55.61,-0.630000000000003
Trait,56.23,0.619999999999997
REML,56.23,0
eig.R removed,56.23,0
REMLE removed,56.23,0
U Matrix,56.23,0
eig.L removed,55.6,-0.629999999999995
New Genotype file,55.6,0
Before cleaning,55.61,0.00999999999999801
After cleaning,55.61,0
Memory allocation,55.61,0
ReducdModel,55.61,0
before Dt clean,56.51,0.899999999999999
Dt clean,56.51,0
BLUP,56.51,0
PEV,58.62,2.11
K normal,58.62,0
K set to 1,57.28,-1.34
Screening SNPs,57.28,0
GWAS done for this Trait,57.28,0
Post PreP3D,54.48,-2.8
cp start,55.44,0.960000000000001
Does this change memory0,54.5,-0.939999999999998
cp distance,54.5,0
cp cluster,54.8,0.299999999999997
cp cutree,55.04,0.240000000000002
cp calculation original,56.27,1.23
cp calculation,56.27,0
PreP3D 2_cp,54.45,-1.82
PreP3D 2 bk,54.42,-0.0300000000000011
PreP3D 2 zc,54.4,-0.0200000000000031
Prio PreP3D,54.4,0
P3D Start,54.4,0
eig.L,55.51,1.11
eig.R,56.13,0.620000000000005
REML,56.13,0
eig.R removed,55.51,-0.620000000000005
Trait,56.12,0.609999999999999
REML,56.12,0
eig.R removed,56.12,0
REMLE removed,56.12,0
U Matrix,56.12,0
eig.L removed,55.5,-0.619999999999997
New Genotype file,55.5,0
Before cleaning,55.5,0
After cleaning,55.5,0
Memory allocation,55.5,0
ReducdModel,55.5,0
before Dt clean,56.35,0.850000000000001
Dt clean,56.35,0
BLUP,56.35,0
PEV,58.23,1.88
K normal,58.23,0
K set to 1,57.01,-1.22
Screening SNPs,57.01,0
GWAS done for this Trait,57.01,0
Post PreP3D,54.39,-2.62
cp start,54.4,0.00999999999999801
Does this change memory0,54.41,0.00999999999999801
cp distance,54.41,0
cp cluster,54.72,0.310000000000002
cp cutree,54.96,0.240000000000002
cp calculation,64.04,9.08000000000001
PreP3D 2_cp,54.39,-9.65000000000001
PreP3D 2 bk,54.4,0.00999999999999801
PreP3D 2 zc,54.4,0
Prio PreP3D,54.4,0
P3D Start,54.4,0
eig.L,55.51,1.11
eig.R,56.13,0.620000000000005
REML,56.13,0
eig.R removed,55.51,-0.620000000000005
Trait,56.13,0.620000000000005
REML,56.13,0
eig.R removed,56.13,0
REMLE removed,56.13,0
U Matrix,56.13,0
eig.L removed,55.5,-0.630000000000003
New Genotype file,55.5,0
Before cleaning,55.5,0
After cleaning,55.5,0
Memory allocation,55.5,0
ReducdModel,55.5,0
before Dt clean,56.35,0.850000000000001
Dt clean,56.35,0
BLUP,56.35,0
PEV,58.23,1.88
K normal,58.23,0
K set to 1,57.01,-1.22
Screening SNPs,57.01,0
GWAS done for this Trait,57.01,0
Post PreP3D,54.39,-2.62
cp start,55.36,0.969999999999999
Does this change memory0,54.41,-0.950000000000003
cp distance,54.41,0
cp cluster,54.72,0.310000000000002
cp cutree,54.95,0.230000000000004
cp calculation original,56.12,1.16999999999999
cp calculation,56.12,0
PreP3D 2_cp,54.4,-1.72
PreP3D 2 bk,54.37,-0.0300000000000011
PreP3D 2 zc,54.35,-0.019999999999996
Prio PreP3D,54.35,0
P3D Start,54.35,0
eig.L,55.44,1.09
eig.R,56.06,0.620000000000005
REML,56.06,0
eig.R removed,55.44,-0.620000000000005
Trait,56.05,0.609999999999999
REML,56.05,0
eig.R removed,56.05,0
REMLE removed,56.05,0
U Matrix,56.05,0
eig.L removed,55.43,-0.619999999999997
New Genotype file,55.43,0
Before cleaning,55.43,0
After cleaning,55.43,0
Memory allocation,55.43,0
ReducdModel,55.43,0
before Dt clean,56.23,0.799999999999997
Dt clean,56.22,-0.00999999999999801
BLUP,56.23,0.00999999999999801
PEV,57.93,1.7
K normal,57.93,0
K set to 1,56.8,-1.13
Screening SNPs,56.8,0
GWAS done for this Trait,56.8,0
Post PreP3D,54.34,-2.45999999999999
cp start,54.35,0.00999999999999801
Does this change memory0,54.36,0.00999999999999801
cp distance,54.36,0
cp cluster,54.67,0.310000000000002
cp cutree,54.9,0.229999999999997
cp calculation,63.74,8.84
PreP3D 2_cp,54.31,-9.43
PreP3D 2 bk,54.31,0
PreP3D 2 zc,54.31,0
Prio PreP3D,54.31,0
P3D Start,54.32,0.00999999999999801
eig.L,55.4,1.08
eig.R,56.03,0.630000000000003
REML,56.03,0
eig.R removed,55.4,-0.630000000000003
Trait,56.02,0.620000000000005
REML,56.02,0
eig.R removed,56.02,0
REMLE removed,56.02,0
U Matrix,56.02,0
eig.L removed,55.4,-0.620000000000005
New Genotype file,55.4,0
Before cleaning,55.4,0
After cleaning,55.4,0
Memory allocation,55.4,0
ReducdModel,55.4,0
before Dt clean,56.19,0.789999999999999
Dt clean,56.19,0
BLUP,56.19,0
PEV,57.94,1.75
K normal,57.94,0
K set to 1,56.77,-1.16999999999999
Screening SNPs,56.77,0
GWAS done for this Trait,56.77,0
Post PreP3D,54.31,-2.46
cp start,55.27,0.960000000000001
Does this change memory0,54.33,-0.940000000000005
cp distance,54.33,0
cp cluster,54.64,0.310000000000002
cp cutree,54.86,0.219999999999999
cp calculation original,55.91,1.05
cp calculation,55.91,0
PreP3D 2_cp,54.28,-1.63
PreP3D 2 bk,54.25,-0.0300000000000011
PreP3D 2 zc,54.23,-0.0200000000000031
Prio PreP3D,54.23,0
P3D Start,54.24,0.0100000000000051
eig.L,55.3,1.06
eig.R,55.93,0.630000000000003
REML,55.93,0
eig.R removed,55.3,-0.630000000000003
Trait,55.92,0.620000000000005
REML,55.92,0
eig.R removed,55.92,0
REMLE removed,55.92,0
U Matrix,55.92,0
eig.L removed,55.29,-0.630000000000003
New Genotype file,55.29,0
Before cleaning,55.3,0.00999999999999801
After cleaning,55.3,0
Memory allocation,55.3,0
ReducdModel,55.3,0
before Dt clean,56.04,0.740000000000002
Dt clean,56.04,0
BLUP,56.04,0
PEV,57.59,1.55
K normal,57.59,0
K set to 1,56.54,-1.05
Screening SNPs,56.54,0
GWAS done for this Trait,56.54,0
Post PreP3D,54.23,-2.31
cp start,54.24,0.0100000000000051
Does this change memory0,54.25,0.00999999999999801
cp distance,54.25,0
cp cluster,54.55,0.299999999999997
cp cutree,54.77,0.220000000000006
cp calculation,63,8.23
PreP3D 2_cp,54.23,-8.77
PreP3D 2 bk,54.24,0.0100000000000051
PreP3D 2 zc,54.24,0
Prio PreP3D,54.24,0
P3D Start,54.24,0
eig.L,55.31,1.07
eig.R,55.93,0.619999999999997
REML,55.93,0
eig.R removed,55.31,-0.619999999999997
Trait,55.92,0.609999999999999
REML,55.92,0
eig.R removed,55.92,0
REMLE removed,55.92,0
U Matrix,55.92,0
eig.L removed,55.3,-0.620000000000005
New Genotype file,55.3,0
Before cleaning,55.3,0
After cleaning,55.3,0
Memory allocation,55.3,0
ReducdModel,55.3,0
before Dt clean,56.04,0.740000000000002
Dt clean,56.04,0
BLUP,56.04,0
PEV,57.59,1.55
K normal,57.59,0
K set to 1,56.55,-1.04000000000001
Screening SNPs,56.55,0
GWAS done for this Trait,56.55,0
Post PreP3D,54.23,-2.32
cp start,55.2,0.970000000000006
Does this change memory0,54.25,-0.950000000000003
cp distance,54.26,0.00999999999999801
cp cluster,54.56,0.300000000000004
cp cutree,54.87,0.309999999999995
cp calculation original,56.72,1.85
cp calculation,56.72,0
PreP3D 2_cp,54.55,-2.17
PreP3D 2 bk,54.85,0.300000000000004
PreP3D 2 zc,55.02,0.170000000000002
Prio PreP3D,55.02,0
P3D Start,55.03,0.00999999999999801
eig.L,56.23,1.2
eig.R,56.86,0.630000000000003
REML,56.86,0
eig.R removed,56.23,-0.630000000000003
Trait,56.85,0.620000000000005
REML,56.85,0
eig.R removed,56.85,0
REMLE removed,56.85,0
U Matrix,56.85,0
eig.L removed,56.25,-0.600000000000001
New Genotype file,56.25,0
Before cleaning,56.25,0
After cleaning,56.25,0
Memory allocation,56.25,0
ReducdModel,56.26,0.00999999999999801
before Dt clean,57.45,1.19
Dt clean,57.45,0
BLUP,57.45,0
PEV,60.6,3.15
K normal,60.6,0
K set to 1,58.75,-1.85
Screening SNPs,58.75,0
GWAS done for this Trait,58.75,0
Post PreP3D,55.02,-3.73
cp start,55.03,0.00999999999999801
Does this change memory0,55.04,0.00999999999999801
cp distance,55.04,0
cp cluster,55.35,0.310000000000002
cp cutree,55.65,0.299999999999997
cp calculation,58.07,2.42
PreP3D 2_cp,55,-3.07
PreP3D 2 bk,55.01,0.00999999999999801
PreP3D 2 zc,55.01,0
Prio PreP3D,55.01,0
P3D Start,55.02,0.0100000000000051
eig.L,56.25,1.23
eig.R,56.87,0.619999999999997
REML,56.87,0
eig.R removed,56.25,-0.619999999999997
Trait,56.87,0.619999999999997
REML,56.87,0
eig.R removed,56.87,0
REMLE removed,56.87,0
U Matrix,56.87,0
eig.L removed,56.24,-0.629999999999995
New Genotype file,56.24,0
Before cleaning,56.24,0
After cleaning,56.24,0
Memory allocation,56.24,0
ReducdModel,56.25,0.00999999999999801
before Dt clean,57.44,1.19
Dt clean,57.44,0
BLUP,57.44,0
PEV,60.59,3.15000000000001
K normal,60.59,0
K set to 1,58.74,-1.85
Screening SNPs,58.74,0
GWAS done for this Trait,58.74,0
Post PreP3D,55,-3.74
cp start,55.02,0.0200000000000031
Does this change memory0,55.03,0.00999999999999801
cp distance,55.03,0
cp cluster,55.34,0.310000000000002
cp cutree,55.63,0.289999999999999
cp calculation original,57.34,1.71
cp calculation,57.34,0
PreP3D 2_cp,54.97,-2.37
PreP3D 2 bk,54.93,-0.0399999999999991
PreP3D 2 zc,54.91,-0.0200000000000031
Prio PreP3D,54.91,0
P3D Start,54.92,0.0100000000000051
eig.L,56.13,1.21
eig.R,56.75,0.619999999999997
REML,56.75,0
eig.R removed,56.13,-0.619999999999997
Trait,56.74,0.609999999999999
REML,56.74,0
eig.R removed,56.74,0
REMLE removed,56.74,0
U Matrix,56.74,0
eig.L removed,56.12,-0.620000000000005
New Genotype file,56.12,0
Before cleaning,56.12,0
After cleaning,56.12,0
Memory allocation,56.12,0
ReducdModel,56.12,0
before Dt clean,57.26,1.14
Dt clean,57.26,0
BLUP,57.26,0
PEV,60.1,2.84
K normal,60.1,0
K set to 1,58.39,-1.71
Screening SNPs,58.39,0
GWAS done for this Trait,58.39,0
Post PreP3D,54.9,-3.49
cp start,54.92,0.0200000000000031
Does this change memory0,54.92,0
cp distance,54.93,0.00999999999999801
cp cluster,55.23,0.299999999999997
cp cutree,55.53,0.300000000000004
cp calculation,57.9,2.37
PreP3D 2_cp,54.9,-3
PreP3D 2 bk,54.91,0.00999999999999801
PreP3D 2 zc,54.91,0
Prio PreP3D,54.91,0
P3D Start,54.92,0.0100000000000051
eig.L,56.13,1.21
eig.R,56.75,0.619999999999997
REML,56.75,0
eig.R removed,56.13,-0.619999999999997
Trait,56.75,0.619999999999997
REML,56.75,0
eig.R removed,56.75,0
REMLE removed,56.75,0
U Matrix,56.75,0
eig.L removed,56.12,-0.630000000000003
New Genotype file,56.12,0
Before cleaning,56.12,0
After cleaning,56.12,0
Memory allocation,56.12,0
ReducdModel,56.13,0.0100000000000051
before Dt clean,57.26,1.13
Dt clean,57.26,0
BLUP,57.26,0
PEV,60.1,2.84
K normal,60.1,0
K set to 1,58.39,-1.71
Screening SNPs,58.39,0
GWAS done for this Trait,58.39,0
Post PreP3D,54.9,-3.49
cp start,54.92,0.0200000000000031
Does this change memory0,54.93,0.00999999999999801
cp distance,54.93,0
cp cluster,55.24,0.310000000000002
cp cutree,55.52,0.280000000000001
cp calculation original,57.21,1.69
cp calculation,57.21,0
PreP3D 2_cp,54.91,-2.3
PreP3D 2 bk,54.87,-0.0399999999999991
PreP3D 2 zc,54.85,-0.019999999999996
Prio PreP3D,54.85,0
P3D Start,54.86,0.00999999999999801
eig.L,56.05,1.19
eig.R,56.68,0.630000000000003
REML,56.68,0
eig.R removed,56.05,-0.630000000000003
Trait,56.67,0.620000000000005
REML,56.67,0
eig.R removed,56.67,0
REMLE removed,56.67,0
U Matrix,56.67,0
eig.L removed,56.05,-0.620000000000005
New Genotype file,56.05,0
Before cleaning,56.05,0
After cleaning,56.05,0
Memory allocation,56.05,0
ReducdModel,56.05,0
before Dt clean,57.13,1.08000000000001
Dt clean,57.13,0
BLUP,57.13,0
PEV,59.87,2.73999999999999
K normal,59.87,0
K set to 1,58.23,-1.64
Screening SNPs,58.23,0
GWAS done for this Trait,58.24,0.0100000000000051
Post PreP3D,54.84,-3.4
cp start,54.86,0.019999999999996
Does this change memory0,54.87,0.00999999999999801
cp distance,54.87,0
cp cluster,55.18,0.310000000000002
cp cutree,55.46,0.280000000000001
cp calculation,57.8,2.34
PreP3D 2_cp,54.81,-2.98999999999999
PreP3D 2 bk,54.81,0
PreP3D 2 zc,54.81,0
Prio PreP3D,54.81,0
P3D Start,54.82,0.00999999999999801
eig.L,56.01,1.19
eig.R,56.64,0.630000000000003
REML,56.64,0
eig.R removed,56.01,-0.630000000000003
Trait,56.63,0.620000000000005
REML,56.63,0
eig.R removed,56.63,0
REMLE removed,56.63,0
U Matrix,56.63,0
eig.L removed,56.01,-0.620000000000005
New Genotype file,56.01,0
Before cleaning,56.01,0
After cleaning,56.01,0
Memory allocation,56.01,0
ReducdModel,56.01,0
before Dt clean,57.09,1.08000000000001
Dt clean,57.09,0
BLUP,57.09,0
PEV,59.83,2.73999999999999
K normal,59.83,0
K set to 1,58.2,-1.63
Screening SNPs,58.2,0
GWAS done for this Trait,58.2,0
Post PreP3D,54.8,-3.40000000000001
cp start,54.83,0.0300000000000011
Does this change memory0,54.84,0.0100000000000051
cp distance,54.84,0
cp cluster,55.14,0.299999999999997
cp cutree,55.42,0.280000000000001
cp calculation original,56.94,1.52
cp calculation,56.94,0
PreP3D 2_cp,54.79,-2.15
PreP3D 2 bk,54.76,-0.0300000000000011
PreP3D 2 zc,54.73,-0.0300000000000011
Prio PreP3D,54.73,0
P3D Start,54.74,0.0100000000000051
eig.L,55.92,1.18
eig.R,56.54,0.619999999999997
REML,56.54,0
eig.R removed,55.92,-0.619999999999997
Trait,56.53,0.609999999999999
REML,56.53,0
eig.R removed,56.53,0
REMLE removed,56.53,0
U Matrix,56.53,0
eig.L removed,55.91,-0.620000000000005
New Genotype file,55.91,0
Before cleaning,55.91,0
After cleaning,55.91,0
Memory allocation,55.91,0
ReducdModel,55.91,0
before Dt clean,56.93,1.02
Dt clean,56.93,0
BLUP,56.93,0
PEV,59.41,2.48
K normal,59.41,0
K set to 1,57.89,-1.52
Screening SNPs,57.89,0
GWAS done for this Trait,57.89,0
Post PreP3D,54.72,-3.17
cp start,54.75,0.0300000000000011
Does this change memory0,54.76,0.00999999999999801
cp distance,54.76,0
cp cluster,55.06,0.300000000000004
cp cutree,55.34,0.280000000000001
cp calculation,57.63,2.29
PreP3D 2_cp,54.71,-2.92
PreP3D 2 bk,54.72,0.00999999999999801
PreP3D 2 zc,54.72,0
Prio PreP3D,54.72,0
P3D Start,54.73,0.00999999999999801
eig.L,55.9,1.17
eig.R,56.53,0.630000000000003
REML,56.53,0
eig.R removed,55.9,-0.630000000000003
Trait,56.52,0.620000000000005
REML,56.52,0
eig.R removed,56.52,0
REMLE removed,56.52,0
U Matrix,56.52,0
eig.L removed,55.89,-0.630000000000003
New Genotype file,55.89,0
Before cleaning,55.89,0
After cleaning,55.89,0
Memory allocation,55.89,0
ReducdModel,55.9,0.00999999999999801
before Dt clean,56.92,1.02
Dt clean,56.91,-0.0100000000000051
BLUP,56.92,0.0100000000000051
PEV,59.39,2.47
K normal,59.39,0
K set to 1,57.88,-1.51
Screening SNPs,57.88,0
GWAS done for this Trait,57.88,0
Post PreP3D,54.71,-3.17
cp start,54.73,0.019999999999996
Does this change memory0,54.74,0.0100000000000051
cp distance,54.74,0
cp cluster,55.05,0.309999999999995
cp cutree,55.31,0.260000000000005
cp calculation original,56.77,1.46
cp calculation,56.77,0
PreP3D 2_cp,54.73,-2.04000000000001
PreP3D 2 bk,54.7,-0.029999999999994
PreP3D 2 zc,54.68,-0.0200000000000031
Prio PreP3D,54.68,0
P3D Start,54.69,0.00999999999999801
eig.L,55.84,1.15000000000001
eig.R,56.47,0.629999999999995
REML,56.47,0
eig.R removed,55.84,-0.629999999999995
Trait,56.46,0.619999999999997
REML,56.46,0
eig.R removed,56.46,0
REMLE removed,56.46,0
U Matrix,56.46,0
eig.L removed,55.83,-0.630000000000003
New Genotype file,55.83,0
Before cleaning,55.84,0.0100000000000051
After cleaning,55.84,0
Memory allocation,55.84,0
ReducdModel,55.84,0
before Dt clean,56.8,0.959999999999994
Dt clean,56.8,0
BLUP,56.8,0
PEV,59.14,2.34
K normal,59.14,0
K set to 1,57.68,-1.46
Screening SNPs,57.68,0
GWAS done for this Trait,57.68,0
Post PreP3D,54.67,-3.01
cp start,54.69,0.019999999999996
Does this change memory0,54.7,0.0100000000000051
cp distance,54.7,0
cp cluster,55.01,0.309999999999995
cp cutree,55.27,0.260000000000005
cp calculation,57.55,2.27999999999999
PreP3D 2_cp,54.64,-2.91
PreP3D 2 bk,54.64,0
PreP3D 2 zc,54.64,0
Prio PreP3D,54.64,0
P3D Start,54.65,0.00999999999999801
eig.L,55.8,1.15
eig.R,56.43,0.630000000000003
REML,56.43,0
eig.R removed,55.8,-0.630000000000003
Trait,56.42,0.620000000000005
REML,56.42,0
eig.R removed,56.42,0
REMLE removed,56.42,0
U Matrix,56.42,0
eig.L removed,55.8,-0.620000000000005
New Genotype file,55.8,0
Before cleaning,55.8,0
After cleaning,55.8,0
Memory allocation,55.8,0
ReducdModel,55.8,0
before Dt clean,56.76,0.960000000000001
Dt clean,56.76,0
BLUP,56.76,0
PEV,59.16,2.4
K normal,59.16,0
K set to 1,57.71,-1.45
Screening SNPs,57.71,0
GWAS done for this Trait,57.71,0
Post PreP3D,54.63,-3.08
cp start,54.66,0.029999999999994
Does this change memory0,54.67,0.0100000000000051
cp distance,54.67,0
cp cluster,54.98,0.309999999999995
cp cutree,55.23,0.25
cp calculation original,56.57,1.34
cp calculation,56.57,0
PreP3D 2_cp,54.63,-1.94
PreP3D 2 bk,54.6,-0.0300000000000011
PreP3D 2 zc,54.58,-0.0200000000000031
Prio PreP3D,54.58,0
P3D Start,54.59,0.0100000000000051
eig.L,55.72,1.13
eig.R,56.35,0.630000000000003
REML,56.35,0
eig.R removed,55.72,-0.630000000000003
Trait,56.34,0.620000000000005
REML,56.34,0
eig.R removed,56.34,0
REMLE removed,56.34,0
U Matrix,56.34,0
eig.L removed,55.72,-0.620000000000005
New Genotype file,55.72,0
Before cleaning,55.72,0
After cleaning,55.72,0
Memory allocation,55.72,0
ReducdModel,55.72,0
before Dt clean,56.62,0.899999999999999
Dt clean,56.62,0
BLUP,56.62,0
PEV,58.73,2.11
K normal,58.73,0
K set to 1,57.39,-1.34
Screening SNPs,57.39,0
GWAS done for this Trait,57.39,0
Post PreP3D,54.57,-2.82
cp start,54.59,0.0200000000000031
Does this change memory0,54.61,0.019999999999996
cp distance,54.61,0
cp cluster,54.91,0.299999999999997
cp cutree,55.16,0.25
cp calculation,57.39,2.23
PreP3D 2_cp,54.55,-2.84
PreP3D 2 bk,54.55,0
PreP3D 2 zc,54.55,0
Prio PreP3D,54.55,0
P3D Start,54.57,0.0200000000000031
eig.L,55.7,1.13
eig.R,56.32,0.619999999999997
REML,56.32,0
eig.R removed,55.7,-0.619999999999997
Trait,56.32,0.619999999999997
REML,56.32,0
eig.R removed,56.32,0
REMLE removed,56.32,0
U Matrix,56.32,0
eig.L removed,55.69,-0.630000000000003
New Genotype file,55.69,0
Before cleaning,55.69,0
After cleaning,55.69,0
Memory allocation,55.69,0
ReducdModel,55.7,0.0100000000000051
before Dt clean,56.6,0.899999999999999
Dt clean,56.6,0
BLUP,56.6,0
PEV,58.71,2.11
K normal,58.71,0
K set to 1,57.37,-1.34
Screening SNPs,57.37,0
GWAS done for this Trait,57.37,0
Post PreP3D,54.54,-2.83
cp start,54.57,0.0300000000000011
Does this change memory0,54.58,0.00999999999999801
cp distance,54.58,0
cp cluster,54.89,0.310000000000002
cp cutree,55.13,0.240000000000002
cp calculation original,56.36,1.23
cp calculation,56.36,0
PreP3D 2_cp,54.52,-1.84
PreP3D 2 bk,54.49,-0.0300000000000011
PreP3D 2 zc,54.47,-0.0200000000000031
Prio PreP3D,54.47,0
P3D Start,54.48,0.00999999999999801
eig.L,55.59,1.11000000000001
eig.R,56.22,0.629999999999995
REML,56.22,0
eig.R removed,55.59,-0.629999999999995
Trait,56.21,0.619999999999997
REML,56.21,0
eig.R removed,56.21,0
REMLE removed,56.21,0
U Matrix,56.21,0
eig.L removed,55.58,-0.630000000000003
New Genotype file,55.58,0
Before cleaning,55.59,0.0100000000000051
After cleaning,55.59,0
Memory allocation,55.59,0
ReducdModel,55.59,0
before Dt clean,56.44,0.849999999999994
Dt clean,56.43,-0.00999999999999801
BLUP,56.44,0.00999999999999801
PEV,58.32,1.88
K normal,58.32,0
K set to 1,57.1,-1.22
Screening SNPs,57.1,0
GWAS done for this Trait,57.1,0
Post PreP3D,54.46,-2.64
cp start,54.48,0.019999999999996
Does this change memory0,54.49,0.0100000000000051
cp distance,54.5,0.00999999999999801
cp cluster,54.8,0.299999999999997
cp cutree,55.04,0.240000000000002
cp calculation,57.23,2.19
PreP3D 2_cp,54.46,-2.77
PreP3D 2 bk,54.47,0.00999999999999801
PreP3D 2 zc,54.47,0
Prio PreP3D,54.47,0
P3D Start,54.48,0.00999999999999801
eig.L,55.59,1.11000000000001
eig.R,56.22,0.629999999999995
REML,56.22,0
eig.R removed,55.59,-0.629999999999995
Trait,56.21,0.619999999999997
REML,56.21,0
eig.R removed,56.21,0
REMLE removed,56.21,0
U Matrix,56.21,0
eig.L removed,55.59,-0.619999999999997
New Genotype file,55.59,0
Before cleaning,55.59,0
After cleaning,55.59,0
Memory allocation,55.59,0
ReducdModel,55.59,0
before Dt clean,56.44,0.849999999999994
Dt clean,56.44,0
BLUP,56.44,0
PEV,58.32,1.88
K normal,58.32,0
K set to 1,57.1,-1.22
Screening SNPs,57.1,0
GWAS done for this Trait,57.1,0
Post PreP3D,54.46,-2.64
cp start,54.49,0.0300000000000011
Does this change memory0,54.5,0.00999999999999801
cp distance,54.5,0
cp cluster,54.81,0.310000000000002
cp cutree,55.04,0.229999999999997
cp calculation original,56.21,1.17
cp calculation,56.21,0
PreP3D 2_cp,54.46,-1.75
PreP3D 2 bk,54.44,-0.0200000000000031
PreP3D 2 zc,54.42,-0.019999999999996
Prio PreP3D,54.42,0
P3D Start,54.43,0.00999999999999801
eig.L,55.52,1.09
eig.R,56.15,0.629999999999995
REML,56.15,0
eig.R removed,55.52,-0.629999999999995
Trait,56.14,0.619999999999997
REML,56.14,0
eig.R removed,56.14,0
REMLE removed,56.14,0
U Matrix,56.14,0
eig.L removed,55.51,-0.630000000000003
New Genotype file,55.51,0
Before cleaning,55.52,0.0100000000000051
After cleaning,55.52,0
Memory allocation,55.52,0
ReducdModel,55.52,0
before Dt clean,56.31,0.789999999999999
Dt clean,56.31,0
BLUP,56.31,0
PEV,58.05,1.73999999999999
K normal,58.05,0
K set to 1,56.89,-1.16
Screening SNPs,56.89,0
GWAS done for this Trait,56.89,0
Post PreP3D,54.41,-2.48
cp start,54.43,0.0200000000000031
Does this change memory0,54.45,0.0200000000000031
cp distance,54.45,0
cp cluster,54.75,0.299999999999997
cp cutree,54.98,0.229999999999997
cp calculation,57.14,2.16
PreP3D 2_cp,54.38,-2.76
PreP3D 2 bk,54.39,0.00999999999999801
PreP3D 2 zc,54.39,0
Prio PreP3D,54.39,0
P3D Start,54.4,0.00999999999999801
eig.L,55.49,1.09
eig.R,56.12,0.629999999999995
REML,56.12,0
eig.R removed,55.49,-0.629999999999995
Trait,56.11,0.619999999999997
REML,56.11,0
eig.R removed,56.11,0
REMLE removed,56.11,0
U Matrix,56.11,0
eig.L removed,55.48,-0.630000000000003
New Genotype file,55.48,0
Before cleaning,55.49,0.0100000000000051
After cleaning,55.49,0
Memory allocation,55.49,0
ReducdModel,55.49,0
before Dt clean,56.28,0.789999999999999
Dt clean,56.28,0
BLUP,56.28,0
PEV,58.06,1.78
K normal,58.06,0
K set to 1,56.9,-1.16
Screening SNPs,56.9,0
GWAS done for this Trait,56.9,0
Post PreP3D,54.37,-2.53
cp start,54.4,0.0300000000000011
Does this change memory0,54.42,0.0200000000000031
cp distance,54.42,0
cp cluster,54.73,0.309999999999995
cp cutree,54.94,0.210000000000001
cp calculation original,56,1.06
cp calculation,56,0
PreP3D 2_cp,54.35,-1.65
PreP3D 2 bk,54.33,-0.0200000000000031
PreP3D 2 zc,54.3,-0.0300000000000011
Prio PreP3D,54.3,0
P3D Start,54.32,0.0200000000000031
eig.L,55.39,1.07
eig.R,56.01,0.619999999999997
REML,56.01,0
eig.R removed,55.39,-0.619999999999997
Trait,56.01,0.619999999999997
REML,56.01,0
eig.R removed,56.01,0
REMLE removed,56.01,0
U Matrix,56.01,0
eig.L removed,55.38,-0.629999999999995
New Genotype file,55.38,0
Before cleaning,55.38,0
After cleaning,55.38,0
Memory allocation,55.38,0
ReducdModel,55.39,0.00999999999999801
before Dt clean,56.13,0.740000000000002
Dt clean,56.12,-0.0100000000000051
BLUP,56.13,0.0100000000000051
PEV,57.67,1.54
K normal,57.67,0
K set to 1,56.63,-1.04
Screening SNPs,56.63,0
GWAS done for this Trait,56.63,0
Post PreP3D,54.29,-2.34
cp start,54.32,0.0300000000000011
Does this change memory0,54.33,0.00999999999999801
cp distance,54.34,0.0100000000000051
cp cluster,54.64,0.299999999999997
cp cutree,54.86,0.219999999999999
cp calculation,56.98,2.12
PreP3D 2_cp,54.3,-2.68
PreP3D 2 bk,54.31,0.0100000000000051
PreP3D 2 zc,54.31,0
Prio PreP3D,54.31,0
P3D Start,54.32,0.00999999999999801
eig.L,55.39,1.07
eig.R,56.02,0.630000000000003
REML,56.02,0
eig.R removed,55.39,-0.630000000000003
Trait,56.01,0.619999999999997
REML,56.01,0
eig.R removed,56.01,0
REMLE removed,56.01,0
U Matrix,56.01,0
eig.L removed,55.38,-0.629999999999995
New Genotype file,55.38,0
Before cleaning,55.39,0.00999999999999801
After cleaning,55.39,0
Memory allocation,55.39,0
ReducdModel,55.39,0
before Dt clean,56.13,0.740000000000002
Dt clean,56.13,0
BLUP,56.13,0
PEV,57.68,1.55
K normal,57.68,0
K set to 1,56.63,-1.05
Screening SNPs,56.63,0
GWAS done for this Trait,56.63,0
Post PreP3D,54.29,-2.34
cp start,54.32,0.0300000000000011
Does this change memory0,54.34,0.0200000000000031
cp distance,54.34,0
cp cluster,54.65,0.309999999999995
cp cutree,54.95,0.300000000000004
cp calculation original,56.81,1.86
cp calculation,56.81,0
PreP3D 2_cp,54.62,-2.19
PreP3D 2 bk,54.92,0.300000000000004
PreP3D 2 zc,55.09,0.170000000000002
Prio PreP3D,55.09,0
P3D Start,55.11,0.019999999999996
eig.L,56.32,1.21
eig.R,56.94,0.619999999999997
REML,56.94,0
eig.R removed,56.32,-0.619999999999997
Trait,56.93,0.609999999999999
REML,56.93,0
eig.R removed,56.93,0
REMLE removed,56.93,0
U Matrix,56.93,0
eig.L removed,56.34,-0.589999999999996
New Genotype file,56.34,0
Before cleaning,56.34,0
After cleaning,56.34,0
Memory allocation,56.34,0
ReducdModel,56.34,0
before Dt clean,57.54,1.2
Dt clean,57.54,0
BLUP,57.54,0
PEV,60.69,3.15
K normal,60.69,0
K set to 1,58.84,-1.84999999999999
Screening SNPs,58.84,0
GWAS done for this Trait,58.84,0
Post PreP3D,55.08,-3.76000000000001
cp start,55.11,0.0300000000000011
Does this change memory0,55.13,0.0200000000000031
cp distance,55.13,0
cp cluster,55.43,0.299999999999997
cp cutree,55.74,0.310000000000002
cp calculation,70.34,14.6
PreP3D 2_cp,55.09,-15.25
PreP3D 2 bk,55.1,0.00999999999999801
PreP3D 2 zc,55.1,0
Prio PreP3D,55.1,0
P3D Start,55.12,0.019999999999996
eig.L,56.36,1.24
eig.R,56.98,0.619999999999997
REML,56.98,0
eig.R removed,56.36,-0.619999999999997
Trait,56.97,0.609999999999999
REML,56.97,0
eig.R removed,56.97,0
REMLE removed,56.97,0
U Matrix,56.97,0
eig.L removed,56.35,-0.619999999999997
New Genotype file,56.35,0
Before cleaning,56.35,0
After cleaning,56.35,0
Memory allocation,56.35,0
ReducdModel,56.35,0
before Dt clean,57.55,1.2
Dt clean,57.55,0
BLUP,57.55,0
PEV,60.7,3.15000000000001
K normal,60.7,0
K set to 1,58.85,-1.85
Screening SNPs,58.85,0
GWAS done for this Trait,58.85,0
Post PreP3D,55.09,-3.76
cp start,56.07,0.979999999999997
Does this change memory0,55.13,-0.939999999999998
cp distance,55.14,0.00999999999999801
cp cluster,55.44,0.299999999999997
cp cutree,55.73,0.289999999999999
cp calculation original,57.45,1.72000000000001
cp calculation,57.45,0
PreP3D 2_cp,55.03,-2.42
PreP3D 2 bk,55,-0.0300000000000011
PreP3D 2 zc,54.98,-0.0200000000000031
Prio PreP3D,54.98,0
P3D Start,54.99,0.0100000000000051
eig.L,56.21,1.22
eig.R,56.84,0.630000000000003
REML,56.84,0
eig.R removed,56.21,-0.630000000000003
Trait,56.83,0.619999999999997
REML,56.83,0
eig.R removed,56.83,0
REMLE removed,56.83,0
U Matrix,56.83,0
eig.L removed,56.2,-0.629999999999995
New Genotype file,56.2,0
Before cleaning,56.21,0.00999999999999801
After cleaning,56.21,0
Memory allocation,56.21,0
ReducdModel,56.21,0
before Dt clean,57.34,1.13
Dt clean,57.34,0
BLUP,57.34,0
PEV,60.18,2.84
K normal,60.18,0
K set to 1,58.47,-1.71
Screening SNPs,58.47,0
GWAS done for this Trait,58.47,0
Post PreP3D,54.96,-3.51
cp start,54.99,0.0300000000000011
Does this change memory0,55.01,0.019999999999996
cp distance,55.01,0
cp cluster,55.32,0.310000000000002
cp cutree,55.61,0.289999999999999
cp calculation,70.04,14.43
PreP3D 2_cp,54.97,-15.07
PreP3D 2 bk,54.98,0.00999999999999801
PreP3D 2 zc,54.98,0
Prio PreP3D,54.98,0
P3D Start,55,0.0200000000000031
eig.L,56.22,1.22
eig.R,56.84,0.620000000000005
REML,56.84,0
eig.R removed,56.22,-0.620000000000005
Trait,56.83,0.609999999999999
REML,56.83,0
eig.R removed,56.83,0
REMLE removed,56.83,0
U Matrix,56.83,0
eig.L removed,56.21,-0.619999999999997
New Genotype file,56.21,0
Before cleaning,56.21,0
After cleaning,56.21,0
Memory allocation,56.21,0
ReducdModel,56.21,0
before Dt clean,57.35,1.14
Dt clean,57.35,0
BLUP,57.35,0
PEV,60.19,2.84
K normal,60.19,0
K set to 1,58.48,-1.71
Screening SNPs,58.48,0
GWAS done for this Trait,58.48,0
Post PreP3D,54.97,-3.51
cp start,55.95,0.980000000000004
Does this change memory0,55.01,-0.940000000000005
cp distance,55.02,0.0100000000000051
cp cluster,55.32,0.299999999999997
cp cutree,55.61,0.289999999999999
cp calculation original,57.25,1.64
cp calculation,57.25,0
PreP3D 2_cp,54.97,-2.28
PreP3D 2 bk,54.95,-0.019999999999996
PreP3D 2 zc,54.92,-0.0300000000000011
Prio PreP3D,54.92,0
P3D Start,54.94,0.019999999999996
eig.L,56.14,1.2
eig.R,56.77,0.630000000000003
REML,56.77,0
eig.R removed,56.14,-0.630000000000003
Trait,56.76,0.619999999999997
REML,56.76,0
eig.R removed,56.76,0
REMLE removed,56.76,0
U Matrix,56.76,0
eig.L removed,56.13,-0.629999999999995
New Genotype file,56.13,0
Before cleaning,56.14,0.00999999999999801
After cleaning,56.14,0
Memory allocation,56.14,0
ReducdModel,56.14,0
before Dt clean,57.22,1.08
Dt clean,57.21,-0.00999999999999801
BLUP,57.22,0.00999999999999801
PEV,59.96,2.74
K normal,59.96,0
K set to 1,58.32,-1.64
Screening SNPs,58.32,0
GWAS done for this Trait,58.32,0
Post PreP3D,54.91,-3.41
cp start,54.94,0.0300000000000011
Does this change memory0,54.96,0.0200000000000031
cp distance,54.96,0
cp cluster,55.27,0.310000000000002
cp cutree,55.55,0.279999999999994
cp calculation,69.32,13.77
PreP3D 2_cp,54.91,-14.41
PreP3D 2 bk,54.93,0.0200000000000031
PreP3D 2 zc,54.93,0
Prio PreP3D,54.93,0
P3D Start,54.95,0.0200000000000031
eig.L,56.14,1.19
eig.R,56.77,0.630000000000003
REML,56.77,0
eig.R removed,56.14,-0.630000000000003
Trait,56.76,0.619999999999997
REML,56.76,0
eig.R removed,56.76,0
REMLE removed,56.76,0
U Matrix,56.76,0
eig.L removed,56.14,-0.619999999999997
New Genotype file,56.14,0
Before cleaning,56.14,0
After cleaning,56.14,0
Memory allocation,56.14,0
ReducdModel,56.14,0
before Dt clean,57.22,1.08
Dt clean,57.22,0
BLUP,57.22,0
PEV,60.01,2.79
K normal,60.01,0
K set to 1,58.37,-1.64
Screening SNPs,58.37,0
GWAS done for this Trait,58.37,0
Post PreP3D,54.91,-3.46
cp start,55.9,0.990000000000002
Does this change memory0,54.96,-0.939999999999998
cp distance,54.97,0.00999999999999801
cp cluster,55.27,0.300000000000004
cp cutree,55.54,0.269999999999996
cp calculation original,57.09,1.55
cp calculation,57.09,0
PreP3D 2_cp,54.85,-2.24
PreP3D 2 bk,54.83,-0.0200000000000031
PreP3D 2 zc,54.81,-0.019999999999996
Prio PreP3D,54.81,0
P3D Start,54.82,0.00999999999999801
eig.L,56,1.18
eig.R,56.63,0.630000000000003
REML,56.63,0
eig.R removed,56,-0.630000000000003
Trait,56.62,0.619999999999997
REML,56.62,0
eig.R removed,56.62,0
REMLE removed,56.62,0
U Matrix,56.62,0
eig.L removed,55.99,-0.629999999999995
New Genotype file,55.99,0
Before cleaning,56,0.00999999999999801
After cleaning,56,0
Memory allocation,56,0
ReducdModel,56,0
before Dt clean,57.02,1.02
Dt clean,57.02,0
BLUP,57.02,0
PEV,59.52,2.5
K normal,59.52,0
K set to 1,58,-1.52
Screening SNPs,58,0
GWAS done for this Trait,58,0
Post PreP3D,54.79,-3.21
cp start,54.82,0.0300000000000011
Does this change memory0,54.84,0.0200000000000031
cp distance,54.84,0
cp cluster,55.15,0.309999999999995
cp cutree,55.42,0.270000000000003
cp calculation,68.45,13.03
PreP3D 2_cp,54.77,-13.68
PreP3D 2 bk,54.79,0.019999999999996
PreP3D 2 zc,54.79,0
Prio PreP3D,54.79,0
P3D Start,54.81,0.0200000000000031
eig.L,55.99,1.18
eig.R,56.61,0.619999999999997
REML,56.61,0
eig.R removed,55.99,-0.619999999999997
Trait,56.61,0.619999999999997
REML,56.61,0
eig.R removed,56.61,0
REMLE removed,56.61,0
U Matrix,56.61,0
eig.L removed,55.98,-0.630000000000003
New Genotype file,55.98,0
Before cleaning,55.98,0
After cleaning,55.98,0
Memory allocation,55.98,0
ReducdModel,55.99,0.0100000000000051
before Dt clean,57,1.01
Dt clean,57,0
BLUP,57,0
PEV,59.53,2.53
K normal,59.53,0
K set to 1,57.99,-1.54
Screening SNPs,57.99,0
GWAS done for this Trait,57.99,0
Post PreP3D,54.77,-3.22
cp start,55.76,0.989999999999995
Does this change memory0,54.83,-0.93
cp distance,54.83,0
cp cluster,55.13,0.300000000000004
cp cutree,55.4,0.269999999999996
cp calculation original,56.92,1.52
cp calculation,56.92,0
PreP3D 2_cp,54.79,-2.13
PreP3D 2 bk,54.77,-0.019999999999996
PreP3D 2 zc,54.75,-0.0200000000000031
Prio PreP3D,54.75,0
P3D Start,54.77,0.0200000000000031
eig.L,55.93,1.16
eig.R,56.56,0.630000000000003
REML,56.56,0
eig.R removed,55.93,-0.630000000000003
Trait,56.55,0.619999999999997
REML,56.55,0
eig.R removed,56.55,0
REMLE removed,56.55,0
U Matrix,56.55,0
eig.L removed,55.92,-0.629999999999995
New Genotype file,55.92,0
Before cleaning,55.92,0
After cleaning,55.92,0
Memory allocation,55.92,0
ReducdModel,55.93,0.00999999999999801
before Dt clean,56.89,0.960000000000001
Dt clean,56.88,-0.00999999999999801
BLUP,56.89,0.00999999999999801
PEV,59.29,2.4
K normal,59.29,0
K set to 1,57.83,-1.46
Screening SNPs,57.83,0
GWAS done for this Trait,57.83,0
Post PreP3D,54.73,-3.1
cp start,54.77,0.0400000000000063
Does this change memory0,54.79,0.019999999999996
cp distance,54.79,0
cp cluster,55.1,0.310000000000002
cp cutree,55.36,0.259999999999998
cp calculation,67.76,12.4
PreP3D 2_cp,54.68,-13.08
PreP3D 2 bk,54.7,0.0200000000000031
PreP3D 2 zc,54.7,0
Prio PreP3D,54.7,0
P3D Start,54.72,0.019999999999996
eig.L,55.87,1.15
eig.R,56.5,0.630000000000003
REML,56.5,0
eig.R removed,55.87,-0.630000000000003
Trait,56.49,0.620000000000005
REML,56.49,0
eig.R removed,56.49,0
REMLE removed,56.49,0
U Matrix,56.49,0
eig.L removed,55.87,-0.620000000000005
New Genotype file,55.87,0
Before cleaning,55.87,0
After cleaning,55.87,0
Memory allocation,55.87,0
ReducdModel,55.87,0
before Dt clean,56.83,0.960000000000001
Dt clean,56.83,0
BLUP,56.83,0
PEV,59.29,2.46
K normal,59.29,0
K set to 1,57.84,-1.45
Screening SNPs,57.84,0
GWAS done for this Trait,57.84,0
Post PreP3D,54.68,-3.16
cp start,55.67,0.990000000000002
Does this change memory0,54.74,-0.93
cp distance,54.74,0
cp cluster,55.04,0.299999999999997
cp cutree,55.29,0.25
cp calculation original,56.64,1.35
cp calculation,56.64,0
PreP3D 2_cp,54.68,-1.96
PreP3D 2 bk,54.66,-0.0200000000000031
PreP3D 2 zc,54.64,-0.019999999999996
Prio PreP3D,54.64,0
P3D Start,54.66,0.019999999999996
eig.L,55.79,1.13
eig.R,56.42,0.630000000000003
REML,56.42,0
eig.R removed,55.79,-0.630000000000003
Trait,56.41,0.619999999999997
REML,56.41,0
eig.R removed,56.41,0
REMLE removed,56.41,0
U Matrix,56.41,0
eig.L removed,55.79,-0.619999999999997
New Genotype file,55.79,0
Before cleaning,55.79,0
After cleaning,55.79,0
Memory allocation,55.79,0
ReducdModel,55.79,0
before Dt clean,56.69,0.899999999999999
Dt clean,56.69,0
BLUP,56.69,0
PEV,58.84,2.15000000000001
K normal,58.84,0
K set to 1,57.5,-1.34
Screening SNPs,57.5,0
GWAS done for this Trait,57.5,0
Post PreP3D,54.62,-2.88
cp start,54.66,0.0399999999999991
Does this change memory0,54.68,0.0200000000000031
cp distance,54.68,0
cp cluster,54.98,0.299999999999997
cp cutree,55.23,0.25
cp calculation,67.42,12.19
PreP3D 2_cp,54.64,-12.78
PreP3D 2 bk,54.66,0.019999999999996
PreP3D 2 zc,54.66,0
Prio PreP3D,54.66,0
P3D Start,54.68,0.0200000000000031
eig.L,55.82,1.14
eig.R,56.45,0.630000000000003
REML,56.45,0
eig.R removed,55.82,-0.630000000000003
Trait,56.44,0.619999999999997
REML,56.44,0
eig.R removed,56.44,0
REMLE removed,56.44,0
U Matrix,56.44,0
eig.L removed,55.81,-0.629999999999995
New Genotype file,55.81,0
Before cleaning,55.81,0
After cleaning,55.81,0
Memory allocation,55.81,0
ReducdModel,55.82,0.00999999999999801
before Dt clean,56.72,0.899999999999999
Dt clean,56.72,0
BLUP,56.72,0
PEV,58.9,2.18
K normal,58.9,0
K set to 1,57.56,-1.34
Screening SNPs,57.56,0
GWAS done for this Trait,57.56,0
Post PreP3D,54.64,-2.92
cp start,55.63,0.990000000000002
Does this change memory0,54.7,-0.93
cp distance,54.7,0
cp cluster,55.01,0.309999999999995
cp cutree,55.25,0.240000000000002
cp calculation original,56.48,1.23
cp calculation,56.48,0
PreP3D 2_cp,54.61,-1.87
PreP3D 2 bk,54.6,-0.00999999999999801
PreP3D 2 zc,54.58,-0.0200000000000031
Prio PreP3D,54.58,0
P3D Start,54.6,0.0200000000000031
eig.L,55.71,1.11
eig.R,56.34,0.630000000000003
REML,56.34,0
eig.R removed,55.71,-0.630000000000003
Trait,56.33,0.619999999999997
REML,56.33,0
eig.R removed,56.33,0
REMLE removed,56.33,0
U Matrix,56.33,0
eig.L removed,55.7,-0.629999999999995
New Genotype file,55.7,0
Before cleaning,55.71,0.00999999999999801
After cleaning,55.71,0
Memory allocation,55.71,0
ReducdModel,55.71,0
before Dt clean,56.56,0.850000000000001
Dt clean,56.55,-0.0100000000000051
BLUP,56.56,0.0100000000000051
PEV,58.44,1.88
K normal,58.44,0
K set to 1,57.22,-1.22
Screening SNPs,57.22,0
GWAS done for this Trait,57.22,0
Post PreP3D,54.56,-2.66
cp start,54.6,0.0399999999999991
Does this change memory0,54.62,0.019999999999996
cp distance,54.62,0
cp cluster,54.92,0.300000000000004
cp cutree,55.16,0.239999999999995
cp calculation,66.6,11.44
PreP3D 2_cp,54.56,-12.04
PreP3D 2 bk,54.58,0.019999999999996
PreP3D 2 zc,54.58,0
Prio PreP3D,54.58,0
P3D Start,54.6,0.0200000000000031
eig.L,55.71,1.11
eig.R,56.34,0.630000000000003
REML,56.34,0
eig.R removed,55.71,-0.630000000000003
Trait,56.33,0.619999999999997
REML,56.33,0
eig.R removed,56.33,0
REMLE removed,56.33,0
U Matrix,56.33,0
eig.L removed,55.71,-0.619999999999997
New Genotype file,55.71,0
Before cleaning,55.71,0
After cleaning,55.71,0
Memory allocation,55.71,0
ReducdModel,55.71,0
before Dt clean,56.56,0.850000000000001
Dt clean,56.56,0
BLUP,56.56,0
PEV,58.44,1.88
K normal,58.44,0
K set to 1,57.22,-1.22
Screening SNPs,57.22,0
GWAS done for this Trait,57.22,0
Post PreP3D,54.56,-2.66
cp start,55.55,0.989999999999995
Does this change memory0,54.62,-0.93
cp distance,54.62,0
cp cluster,54.92,0.300000000000004
cp cutree,55.15,0.229999999999997
cp calculation original,56.32,1.17
cp calculation,56.32,0
PreP3D 2_cp,54.56,-1.76
PreP3D 2 bk,54.55,-0.0100000000000051
PreP3D 2 zc,54.53,-0.019999999999996
Prio PreP3D,54.53,0
P3D Start,54.55,0.019999999999996
eig.L,55.64,1.09
eig.R,56.27,0.630000000000003
REML,56.27,0
eig.R removed,55.64,-0.630000000000003
Trait,56.26,0.619999999999997
REML,56.26,0
eig.R removed,56.26,0
REMLE removed,56.26,0
U Matrix,56.26,0
eig.L removed,55.63,-0.629999999999995
New Genotype file,55.63,0
Before cleaning,55.64,0.00999999999999801
After cleaning,55.64,0
Memory allocation,55.64,0
ReducdModel,55.64,0
before Dt clean,56.43,0.789999999999999
Dt clean,56.43,0
BLUP,56.43,0
PEV,58.25,1.82
K normal,58.25,0
K set to 1,57.09,-1.16
Screening SNPs,57.09,0
GWAS done for this Trait,57.09,0
Post PreP3D,54.5,-2.59
cp start,54.55,0.0499999999999972
Does this change memory0,54.57,0.0200000000000031
cp distance,54.57,0
cp cluster,54.88,0.310000000000002
cp cutree,55.1,0.219999999999999
cp calculation,65.87,10.77
PreP3D 2_cp,54.49,-11.38
PreP3D 2 bk,54.51,0.019999999999996
PreP3D 2 zc,54.51,0
Prio PreP3D,54.51,0
P3D Start,54.53,0.0200000000000031
eig.L,55.63,1.1
eig.R,56.25,0.619999999999997
REML,56.25,0
eig.R removed,55.63,-0.619999999999997
Trait,56.25,0.619999999999997
REML,56.25,0
eig.R removed,56.25,0
REMLE removed,56.25,0
U Matrix,56.25,0
eig.L removed,55.62,-0.630000000000003
New Genotype file,55.62,0
Before cleaning,55.62,0
After cleaning,55.62,0
Memory allocation,55.62,0
ReducdModel,55.63,0.0100000000000051
before Dt clean,56.42,0.789999999999999
Dt clean,56.42,0
BLUP,56.42,0
PEV,58.24,1.82
K normal,58.24,0
K set to 1,57.07,-1.17
Screening SNPs,57.07,0
GWAS done for this Trait,57.07,0
Post PreP3D,54.49,-2.58
cp start,55.48,0.989999999999995
Does this change memory0,54.55,-0.93
cp distance,54.55,0
cp cluster,54.86,0.310000000000002
cp cutree,55.08,0.219999999999999
cp calculation original,56.13,1.05
cp calculation,56.13,0
PreP3D 2_cp,54.46,-1.67
PreP3D 2 bk,54.45,-0.00999999999999801
PreP3D 2 zc,54.43,-0.0200000000000031
Prio PreP3D,54.43,0
P3D Start,54.45,0.0200000000000031
eig.L,55.53,1.08
eig.R,56.16,0.629999999999995
REML,56.16,0
eig.R removed,55.53,-0.629999999999995
Trait,56.15,0.619999999999997
REML,56.15,0
eig.R removed,56.15,0
REMLE removed,56.15,0
U Matrix,56.15,0
eig.L removed,55.52,-0.629999999999995
New Genotype file,55.52,0
Before cleaning,55.52,0
After cleaning,55.52,0
Memory allocation,55.52,0
ReducdModel,55.53,0.00999999999999801
before Dt clean,56.27,0.740000000000002
Dt clean,56.26,-0.0100000000000051
BLUP,56.27,0.0100000000000051
PEV,57.83,1.56
K normal,57.83,0
K set to 1,56.78,-1.05
Screening SNPs,56.78,0
GWAS done for this Trait,56.78,0
Post PreP3D,54.41,-2.37
cp start,54.45,0.0400000000000063
Does this change memory0,54.48,0.029999999999994
cp distance,54.48,0
cp cluster,54.78,0.300000000000004
cp cutree,55,0.219999999999999
cp calculation,64.49,9.48999999999999
PreP3D 2_cp,54.42,-10.07
PreP3D 2 bk,54.44,0.019999999999996
PreP3D 2 zc,54.44,0
Prio PreP3D,54.44,0
P3D Start,54.46,0.0200000000000031
eig.L,55.54,1.08
eig.R,56.17,0.630000000000003
REML,56.17,0
eig.R removed,55.54,-0.630000000000003
Trait,56.16,0.619999999999997
REML,56.16,0
eig.R removed,56.16,0
REMLE removed,56.16,0
U Matrix,56.16,0
eig.L removed,55.53,-0.629999999999995
New Genotype file,55.53,0
Before cleaning,55.54,0.00999999999999801
After cleaning,55.54,0
Memory allocation,55.54,0
ReducdModel,55.54,0
before Dt clean,56.28,0.740000000000002
Dt clean,56.28,0
BLUP,56.28,0
PEV,57.84,1.56
K normal,57.84,0
K set to 1,56.79,-1.05
Screening SNPs,56.79,0
GWAS done for this Trait,56.79,0
Post PreP3D,54.42,-2.37
cp start,58.93,4.51
Does this change memory0,54.5,-4.43
cp distance,54.51,0.00999999999999801
cp cluster,54.81,0.300000000000004
cp cutree,55.04,0.229999999999997
cp calculation original,56.25,1.21
cp calculation,56.25,0
PreP3D 2_cp,54.51,-1.74
PreP3D 2 bk,54.56,0.0500000000000043
PreP3D 2 zc,54.58,0.019999999999996
GWAS,55.74,1.16
Final,55.27,-0.469999999999999
GPS,55.28,0.00999999999999801
Compression.Visualization,55.28,0
Extract p3d results,55.28,0
Extract GWAS start,55.3,0.019999999999996
MAF filtered,55.49,0.190000000000005
Multiple Correction,55.66,0.169999999999995
QQ plot,55.67,0.0100000000000051
Manhattan plot,55.71,0.0399999999999991
Extract GWAS end,55.99,0.280000000000001
Report,55.99,0
