Infor,size,Increased
GAPIT,67.53,0
Genotype start,60.75,-6.78
Genotype loaded,60.75,0
byFile,60.75,0
Before Fragment,60.75,0
After Fragment,63.89,3.14
END this Fragment,62.95,-0.939999999999998
Before Fragment,62.95,0
After Fragment,65.15,2.2
END this Fragment,65.18,0.0300000000000011
Before Fragment,65.15,-0.0300000000000011
After Fragment,69.4,4.25
END this Fragment,67.59,-1.81
Sampling genotype,67.59,0
Before SUPER,67.59,0
Before PCA,67.59,0
PCA,68.21,0.61999999999999
Before creating kinship,68.21,0
Estimating kinship,68.86,0.650000000000006
after creating kinship,68.86,0
after LD plot,68.86,0
Genotype for all,75.05,6.19
QC,69.22,-5.83
SagnwichTop,69.22,0
DataProcessing,69.23,0.0100000000000051
cp start,69.23,0
Does this change memory0,69.23,0
cp distance,69.23,0
cp cluster,69.54,0.310000000000002
cp cutree,69.84,0.299999999999997
cp calculation original,71.68,1.84
cp calculation,71.68,0
PreP3D 2_cp,69.86,-1.82000000000001
PreP3D 2 bk,70.47,0.609999999999999
PreP3D 2 zc,71.08,0.609999999999999
Prio PreP3D,71.08,0
P3D Start,71.08,0
eig.L,72.27,1.19
eig.R,72.86,0.590000000000003
REML,72.86,0
eig.R removed,72.27,-0.590000000000003
Trait,72.89,0.620000000000005
REML,72.89,0
eig.R removed,72.89,0
REMLE removed,72.89,0
U Matrix,72.89,0
eig.L removed,72.29,-0.599999999999994
New Genotype file,72.29,0
Before cleaning,72.3,0.00999999999999091
After cleaning,72.3,0
Memory allocation,72.3,0
ReducdModel,72.3,0
before Dt clean,73.49,1.19
Dt clean,73.49,0
BLUP,73.5,0.0100000000000051
PEV,76.58,3.08
K normal,76.58,0
K set to 1,74.76,-1.81999999999999
Screening SNPs,74.76,0
GWAS done for this Trait,74.76,0
Post PreP3D,71.09,-3.67
cp start,71.54,0.450000000000003
Does this change memory0,71.1,-0.440000000000012
cp distance,71.1,0
cp cluster,71.4,0.300000000000011
cp cutree,71.7,0.299999999999997
cp calculation original,73.41,1.70999999999999
cp calculation,73.41,0
PreP3D 2_cp,71.03,-2.38
PreP3D 2 bk,70.99,-0.0400000000000063
PreP3D 2 zc,70.97,-0.019999999999996
Prio PreP3D,70.97,0
P3D Start,70.97,0
eig.L,72.17,1.2
eig.R,72.8,0.629999999999995
REML,72.8,0
eig.R removed,72.17,-0.629999999999995
Trait,72.79,0.620000000000005
REML,72.79,0
eig.R removed,72.79,0
REMLE removed,72.79,0
U Matrix,72.79,0
eig.L removed,72.16,-0.63000000000001
New Genotype file,72.16,0
Before cleaning,72.17,0.0100000000000051
After cleaning,72.17,0
Memory allocation,72.17,0
ReducdModel,72.17,0
before Dt clean,73.3,1.13
Dt clean,73.3,0
BLUP,73.3,0
PEV,76.1,2.8
K normal,76.1,0
K set to 1,74.4,-1.69999999999999
Screening SNPs,74.4,0
GWAS done for this Trait,74.4,0
Post PreP3D,70.97,-3.43000000000001
cp start,71.41,0.439999999999998
Does this change memory0,70.97,-0.439999999999998
cp distance,70.97,0
cp cluster,71.28,0.310000000000002
cp cutree,71.56,0.280000000000001
cp calculation original,73.17,1.61
cp calculation,73.17,0
PreP3D 2_cp,70.93,-2.23999999999999
PreP3D 2 bk,70.89,-0.0400000000000063
PreP3D 2 zc,70.87,-0.019999999999996
Prio PreP3D,70.87,0
P3D Start,70.87,0
eig.L,72.02,1.14999999999999
eig.R,72.61,0.590000000000003
REML,72.61,0
eig.R removed,72.02,-0.590000000000003
Trait,72.64,0.620000000000005
REML,72.64,0
eig.R removed,72.64,0
REMLE removed,72.64,0
U Matrix,72.64,0
eig.L removed,72.05,-0.590000000000003
New Genotype file,72.05,0
Before cleaning,72.05,0
After cleaning,72.05,0
Memory allocation,72.05,0
ReducdModel,72.05,0
before Dt clean,73.13,1.08
Dt clean,73.13,0
BLUP,73.13,0
PEV,75.73,2.60000000000001
K normal,75.73,0
K set to 1,74.14,-1.59
Screening SNPs,74.14,0
GWAS done for this Trait,74.14,0
Post PreP3D,70.87,-3.27
cp start,71.32,0.449999999999989
Does this change memory0,70.87,-0.449999999999989
cp distance,70.88,0.00999999999999091
cp cluster,71.18,0.300000000000011
cp cutree,71.45,0.269999999999996
cp calculation original,72.96,1.50999999999999
cp calculation,72.96,0
PreP3D 2_cp,70.83,-2.13
PreP3D 2 bk,70.79,-0.039999999999992
PreP3D 2 zc,70.77,-0.0200000000000102
Prio PreP3D,70.77,0
P3D Start,70.77,0
eig.L,71.91,1.14
eig.R,72.49,0.579999999999998
REML,72.49,0
eig.R removed,71.91,-0.579999999999998
Trait,72.52,0.609999999999999
REML,72.52,0
eig.R removed,72.52,0
REMLE removed,72.52,0
U Matrix,72.52,0
eig.L removed,71.93,-0.589999999999989
New Genotype file,71.93,0
Before cleaning,71.93,0
After cleaning,71.93,0
Memory allocation,71.93,0
ReducdModel,71.93,0
before Dt clean,72.95,1.02
Dt clean,72.95,0
BLUP,72.95,0
PEV,75.36,2.41
K normal,75.36,0
K set to 1,73.87,-1.48999999999999
Screening SNPs,73.87,0
GWAS done for this Trait,73.87,0
Post PreP3D,70.77,-3.10000000000001
cp start,71.22,0.450000000000003
Does this change memory0,70.78,-0.439999999999998
cp distance,70.78,0
cp cluster,71.09,0.310000000000002
cp cutree,71.35,0.259999999999991
cp calculation original,72.75,1.40000000000001
cp calculation,72.75,0
PreP3D 2_cp,70.74,-2.01000000000001
PreP3D 2 bk,70.7,-0.039999999999992
PreP3D 2 zc,70.68,-0.019999999999996
Prio PreP3D,70.68,0
P3D Start,70.68,0
eig.L,71.79,1.11
eig.R,72.38,0.589999999999989
REML,72.38,0
eig.R removed,71.79,-0.589999999999989
Trait,72.41,0.61999999999999
REML,72.41,0
eig.R removed,72.41,0
REMLE removed,72.41,0
U Matrix,72.41,0
eig.L removed,71.81,-0.599999999999994
New Genotype file,71.81,0
Before cleaning,71.82,0.00999999999999091
After cleaning,71.82,0
Memory allocation,71.82,0
ReducdModel,71.82,0
before Dt clean,72.78,0.960000000000008
Dt clean,72.78,0
BLUP,72.78,0
PEV,75,2.22
K normal,75,0
K set to 1,73.6,-1.40000000000001
Screening SNPs,73.6,0
GWAS done for this Trait,73.6,0
Post PreP3D,70.67,-2.92999999999999
cp start,71.12,0.450000000000003
Does this change memory0,70.68,-0.439999999999998
cp distance,70.69,0.00999999999999091
cp cluster,70.99,0.299999999999997
cp cutree,71.24,0.25
cp calculation original,72.56,1.32000000000001
cp calculation,72.56,0
PreP3D 2_cp,70.64,-1.92
PreP3D 2 bk,70.61,-0.0300000000000011
PreP3D 2 zc,70.59,-0.019999999999996
Prio PreP3D,70.59,0
P3D Start,70.59,0
eig.L,71.68,1.09
eig.R,72.27,0.589999999999989
REML,72.27,0
eig.R removed,71.68,-0.589999999999989
Trait,72.3,0.61999999999999
REML,72.3,0
eig.R removed,72.3,0
REMLE removed,72.3,0
U Matrix,72.3,0
eig.L removed,71.7,-0.599999999999994
New Genotype file,71.7,0
Before cleaning,71.7,0
After cleaning,71.7,0
Memory allocation,71.7,0
ReducdModel,71.71,0.00999999999999091
before Dt clean,72.61,0.900000000000006
Dt clean,72.61,0
BLUP,72.61,0
PEV,74.65,2.04000000000001
K normal,74.65,0
K set to 1,73.35,-1.30000000000001
Screening SNPs,73.35,0
GWAS done for this Trait,73.35,0
Post PreP3D,70.58,-2.77
cp start,71.03,0.450000000000003
Does this change memory0,70.59,-0.439999999999998
cp distance,70.6,0.00999999999999091
cp cluster,70.9,0.300000000000011
cp cutree,71.14,0.239999999999995
cp calculation original,72.36,1.22
cp calculation,72.36,0
PreP3D 2_cp,70.55,-1.81
PreP3D 2 bk,70.52,-0.0300000000000011
PreP3D 2 zc,70.5,-0.019999999999996
Prio PreP3D,70.5,0
P3D Start,70.5,0
eig.L,71.57,1.06999999999999
eig.R,72.16,0.590000000000003
REML,72.16,0
eig.R removed,71.57,-0.590000000000003
Trait,72.19,0.620000000000005
REML,72.19,0
eig.R removed,72.19,0
REMLE removed,72.19,0
U Matrix,72.19,0
eig.L removed,71.59,-0.599999999999994
New Genotype file,71.59,0
Before cleaning,71.59,0
After cleaning,71.59,0
Memory allocation,71.59,0
ReducdModel,71.6,0.00999999999999091
before Dt clean,72.44,0.840000000000003
Dt clean,72.44,0
BLUP,72.44,0
PEV,74.31,1.87
K normal,74.31,0
K set to 1,73.1,-1.21000000000001
Screening SNPs,73.1,0
GWAS done for this Trait,73.1,0
Post PreP3D,70.49,-2.61
cp start,70.94,0.450000000000003
Does this change memory0,70.51,-0.429999999999993
cp distance,70.51,0
cp cluster,70.81,0.299999999999997
cp cutree,71.04,0.230000000000004
cp calculation original,72.18,1.14
cp calculation,72.18,0
PreP3D 2_cp,70.46,-1.72000000000001
PreP3D 2 bk,70.43,-0.0299999999999869
PreP3D 2 zc,70.41,-0.0200000000000102
Prio PreP3D,70.41,0
P3D Start,70.41,0
eig.L,71.46,1.05
eig.R,72.05,0.590000000000003
REML,72.05,0
eig.R removed,71.46,-0.590000000000003
Trait,72.08,0.620000000000005
REML,72.08,0
eig.R removed,72.08,0
REMLE removed,72.08,0
U Matrix,72.08,0
eig.L removed,71.49,-0.590000000000003
New Genotype file,71.49,0
Before cleaning,71.49,0
After cleaning,71.49,0
Memory allocation,71.49,0
ReducdModel,71.49,0
before Dt clean,72.28,0.790000000000006
Dt clean,72.28,0
BLUP,72.28,0
PEV,73.99,1.70999999999999
K normal,73.99,0
K set to 1,72.86,-1.13
Screening SNPs,72.86,0
GWAS done for this Trait,72.86,0
Post PreP3D,70.41,-2.45
cp start,70.86,0.450000000000003
Does this change memory0,70.42,-0.439999999999998
cp distance,70.42,0
cp cluster,70.73,0.310000000000002
cp cutree,70.95,0.219999999999999
cp calculation original,72,1.05
cp calculation,72,0
PreP3D 2_cp,70.38,-1.62
PreP3D 2 bk,70.35,-0.0300000000000011
PreP3D 2 zc,70.33,-0.019999999999996
Prio PreP3D,70.33,0
P3D Start,70.33,0
eig.L,71.36,1.03
eig.R,71.95,0.590000000000003
REML,71.95,0
eig.R removed,71.36,-0.590000000000003
Trait,71.98,0.620000000000005
REML,71.98,0
eig.R removed,71.98,0
REMLE removed,71.98,0
U Matrix,71.98,0
eig.L removed,71.38,-0.600000000000009
New Genotype file,71.38,0
Before cleaning,71.39,0.0100000000000051
After cleaning,71.39,0
Memory allocation,71.39,0
ReducdModel,71.39,0
before Dt clean,72.13,0.739999999999995
Dt clean,72.12,-0.00999999999999091
BLUP,72.13,0.00999999999999091
PEV,73.67,1.54000000000001
K normal,73.67,0
K set to 1,72.63,-1.04000000000001
Screening SNPs,72.63,0
GWAS done for this Trait,72.63,0
Post PreP3D,70.32,-2.31
cp start,70.78,0.460000000000008
Does this change memory0,70.34,-0.439999999999998
cp distance,70.34,0
cp cluster,70.65,0.310000000000002
cp cutree,70.85,0.199999999999989
cp calculation original,71.82,0.969999999999999
cp calculation,71.82,0
PreP3D 2_cp,70.3,-1.52
PreP3D 2 bk,70.27,-0.0300000000000011
PreP3D 2 zc,70.25,-0.019999999999996
Prio PreP3D,70.25,0
P3D Start,70.25,0
eig.L,71.26,1.01000000000001
eig.R,71.85,0.589999999999989
REML,71.85,0
eig.R removed,71.26,-0.589999999999989
Trait,71.88,0.61999999999999
REML,71.88,0
eig.R removed,71.88,0
REMLE removed,71.88,0
U Matrix,71.88,0
eig.L removed,71.28,-0.599999999999994
New Genotype file,71.28,0
Before cleaning,71.29,0.0100000000000051
After cleaning,71.29,0
Memory allocation,71.29,0
ReducdModel,71.29,0
before Dt clean,71.98,0.689999999999998
Dt clean,71.97,-0.0100000000000051
BLUP,71.98,0.0100000000000051
PEV,73.37,1.39
K normal,73.37,0
K set to 1,72.41,-0.960000000000008
Screening SNPs,72.41,0
GWAS done for this Trait,72.41,0
Post PreP3D,70.24,-2.17
cp start,70.7,0.460000000000008
Does this change memory0,70.26,-0.439999999999998
cp distance,70.26,0
cp cluster,70.57,0.309999999999988
cp cutree,70.77,0.200000000000003
cp calculation original,71.66,0.890000000000001
cp calculation,71.66,0
PreP3D 2_cp,70.22,-1.44
PreP3D 2 bk,70.2,-0.019999999999996
PreP3D 2 zc,70.18,-0.019999999999996
Prio PreP3D,70.18,0
P3D Start,70.18,0
eig.L,71.17,0.989999999999995
eig.R,71.75,0.579999999999998
REML,71.75,0
eig.R removed,71.17,-0.579999999999998
Trait,71.79,0.620000000000005
REML,71.79,0
eig.R removed,71.79,0
REMLE removed,71.79,0
U Matrix,71.79,0
eig.L removed,71.19,-0.600000000000009
New Genotype file,71.19,0
Before cleaning,71.19,0
After cleaning,71.19,0
Memory allocation,71.19,0
ReducdModel,71.2,0.0100000000000051
before Dt clean,71.84,0.640000000000001
Dt clean,71.84,0
BLUP,71.84,0
PEV,73.11,1.27
K normal,73.11,0
K set to 1,72.22,-0.890000000000001
Screening SNPs,72.22,0
GWAS done for this Trait,72.22,0
Post PreP3D,70.17,-2.05
cp start,70.63,0.459999999999994
Does this change memory0,70.19,-0.439999999999998
cp distance,70.19,0
cp cluster,70.5,0.310000000000002
cp cutree,70.68,0.180000000000007
cp calculation original,71.5,0.819999999999993
cp calculation,71.5,0
PreP3D 2_cp,70.15,-1.34999999999999
PreP3D 2 bk,70.12,-0.0300000000000011
PreP3D 2 zc,70.1,-0.0200000000000102
Prio PreP3D,70.1,0
P3D Start,70.11,0.0100000000000051
eig.L,71.07,0.959999999999994
eig.R,71.66,0.590000000000003
REML,71.66,0
eig.R removed,71.07,-0.590000000000003
Trait,71.69,0.620000000000005
REML,71.69,0
eig.R removed,71.69,0
REMLE removed,71.69,0
U Matrix,71.69,0
eig.L removed,71.1,-0.590000000000003
New Genotype file,71.1,0
Before cleaning,71.1,0
After cleaning,71.1,0
Memory allocation,71.1,0
ReducdModel,71.1,0
before Dt clean,71.7,0.600000000000009
Dt clean,71.7,0
BLUP,71.7,0
PEV,72.83,1.13
K normal,72.83,0
K set to 1,72.02,-0.810000000000002
Screening SNPs,72.02,0
GWAS done for this Trait,72.02,0
Post PreP3D,70.1,-1.92
cp start,70.55,0.450000000000003
Does this change memory0,70.12,-0.429999999999993
cp distance,70.12,0
cp cluster,70.42,0.299999999999997
cp cutree,70.6,0.179999999999993
cp calculation original,71.34,0.740000000000009
cp calculation,71.34,0
PreP3D 2_cp,70.08,-1.26000000000001
PreP3D 2 bk,70.05,-0.0300000000000011
PreP3D 2 zc,70.03,-0.019999999999996
Prio PreP3D,70.03,0
P3D Start,70.04,0.0100000000000051
eig.L,70.98,0.939999999999998
eig.R,71.57,0.589999999999989
REML,71.57,0
eig.R removed,70.98,-0.589999999999989
Trait,71.6,0.61999999999999
REML,71.6,0
eig.R removed,71.6,0
REMLE removed,71.6,0
U Matrix,71.6,0
eig.L removed,71.01,-0.589999999999989
New Genotype file,71.01,0
Before cleaning,71.01,0
After cleaning,71.01,0
Memory allocation,71.01,0
ReducdModel,71.01,0
before Dt clean,71.56,0.549999999999997
Dt clean,71.56,0
BLUP,71.56,0
PEV,72.57,1.00999999999999
K normal,72.57,0
K set to 1,71.82,-0.75
Screening SNPs,71.82,0
GWAS done for this Trait,71.82,0
Post PreP3D,70.03,-1.78999999999999
cp start,70.48,0.450000000000003
Does this change memory0,70.05,-0.430000000000007
cp distance,70.05,0
cp cluster,70.35,0.299999999999997
cp cutree,70.52,0.170000000000002
cp calculation original,71.19,0.670000000000002
cp calculation,71.19,0
PreP3D 2_cp,70.01,-1.17999999999999
PreP3D 2 bk,69.99,-0.0200000000000102
PreP3D 2 zc,69.96,-0.0300000000000011
Prio PreP3D,69.96,0
P3D Start,69.97,0.0100000000000051
eig.L,70.9,0.930000000000007
eig.R,71.48,0.579999999999998
REML,71.48,0
eig.R removed,70.9,-0.579999999999998
Trait,71.51,0.609999999999999
REML,71.51,0
eig.R removed,71.51,0
REMLE removed,71.51,0
U Matrix,71.51,0
eig.L removed,70.92,-0.590000000000003
New Genotype file,70.92,0
Before cleaning,70.92,0
After cleaning,70.92,0
Memory allocation,70.92,0
ReducdModel,70.92,0
before Dt clean,71.43,0.510000000000005
Dt clean,71.42,-0.0100000000000051
BLUP,71.43,0.0100000000000051
PEV,72.32,0.889999999999986
K normal,72.32,0
K set to 1,71.64,-0.679999999999993
Screening SNPs,71.64,0
GWAS done for this Trait,71.64,0
Post PreP3D,69.96,-1.68000000000001
cp start,70.42,0.460000000000008
Does this change memory0,69.98,-0.439999999999998
cp distance,69.98,0
cp cluster,70.29,0.310000000000002
cp cutree,70.44,0.149999999999991
cp calculation original,71.05,0.609999999999999
cp calculation,71.05,0
PreP3D 2_cp,69.94,-1.11
PreP3D 2 bk,69.92,-0.019999999999996
PreP3D 2 zc,69.9,-0.019999999999996
Prio PreP3D,69.9,0
P3D Start,69.91,0.00999999999999091
eig.L,70.81,0.900000000000006
eig.R,71.4,0.590000000000003
REML,71.4,0
eig.R removed,70.81,-0.590000000000003
Trait,71.43,0.620000000000005
REML,71.43,0
eig.R removed,71.43,0
REMLE removed,71.43,0
U Matrix,71.43,0
eig.L removed,70.83,-0.600000000000009
New Genotype file,70.83,0
Before cleaning,70.84,0.0100000000000051
After cleaning,70.84,0
Memory allocation,70.84,0
ReducdModel,70.84,0
before Dt clean,71.3,0.459999999999994
Dt clean,71.3,0
BLUP,71.3,0
PEV,72.07,0.769999999999996
K normal,72.07,0
K set to 1,71.47,-0.599999999999994
Screening SNPs,71.47,0
GWAS done for this Trait,71.47,0
Post PreP3D,69.89,-1.58
cp start,70.35,0.459999999999994
Does this change memory0,69.92,-0.429999999999993
cp distance,69.92,0
cp cluster,70.22,0.299999999999997
cp cutree,70.37,0.150000000000006
cp calculation original,70.91,0.539999999999992
cp calculation,70.91,0
PreP3D 2_cp,69.88,-1.03
PreP3D 2 bk,69.86,-0.019999999999996
PreP3D 2 zc,69.84,-0.019999999999996
Prio PreP3D,69.84,0
P3D Start,69.85,0.00999999999999091
eig.L,70.73,0.88000000000001
eig.R,71.31,0.579999999999998
REML,71.31,0
eig.R removed,70.73,-0.579999999999998
Trait,71.35,0.61999999999999
REML,71.35,0
eig.R removed,71.35,0
REMLE removed,71.35,0
U Matrix,71.35,0
eig.L removed,70.75,-0.599999999999994
New Genotype file,70.75,0
Before cleaning,70.75,0
After cleaning,70.75,0
Memory allocation,70.75,0
ReducdModel,70.76,0.0100000000000051
before Dt clean,71.17,0.409999999999997
Dt clean,71.17,0
BLUP,71.17,0
PEV,71.85,0.679999999999993
K normal,71.85,0
K set to 1,71.3,-0.549999999999997
Screening SNPs,71.3,0
GWAS done for this Trait,71.3,0
Post PreP3D,69.83,-1.47
cp start,70.29,0.460000000000008
Does this change memory0,69.86,-0.430000000000007
cp distance,69.86,0
cp cluster,70.16,0.299999999999997
cp cutree,70.3,0.140000000000001
cp calculation original,70.78,0.480000000000004
cp calculation,70.78,0
PreP3D 2_cp,69.82,-0.960000000000008
PreP3D 2 bk,69.8,-0.019999999999996
PreP3D 2 zc,69.78,-0.019999999999996
Prio PreP3D,69.78,0
P3D Start,69.79,0.0100000000000051
eig.L,70.65,0.859999999999999
eig.R,71.24,0.589999999999989
REML,71.24,0
eig.R removed,70.65,-0.589999999999989
Trait,71.27,0.61999999999999
REML,71.27,0
eig.R removed,71.27,0
REMLE removed,71.27,0
U Matrix,71.27,0
eig.L removed,70.67,-0.599999999999994
New Genotype file,70.67,0
Before cleaning,70.68,0.0100000000000051
After cleaning,70.68,0
Memory allocation,70.68,0
ReducdModel,70.68,0
before Dt clean,71.06,0.379999999999995
Dt clean,71.05,-0.0100000000000051
BLUP,71.06,0.0100000000000051
PEV,71.63,0.569999999999993
K normal,71.63,0
K set to 1,71.15,-0.47999999999999
Screening SNPs,71.15,0
GWAS done for this Trait,71.15,0
Post PreP3D,69.77,-1.38000000000001
cp start,70.23,0.460000000000008
Does this change memory0,69.8,-0.430000000000007
cp distance,69.8,0
cp cluster,70.11,0.310000000000002
cp cutree,70.23,0.120000000000005
cp calculation original,70.66,0.429999999999993
cp calculation,70.66,0
PreP3D 2_cp,69.76,-0.899999999999991
PreP3D 2 bk,69.75,-0.0100000000000051
PreP3D 2 zc,69.73,-0.019999999999996
Prio PreP3D,69.73,0
P3D Start,69.73,0
eig.L,70.57,0.839999999999989
eig.R,71.16,0.590000000000003
REML,71.16,0
eig.R removed,70.57,-0.590000000000003
Trait,71.19,0.620000000000005
REML,71.19,0
eig.R removed,71.19,0
REMLE removed,71.19,0
U Matrix,71.19,0
eig.L removed,70.6,-0.590000000000003
New Genotype file,70.6,0
Before cleaning,70.6,0
After cleaning,70.6,0
Memory allocation,70.6,0
ReducdModel,70.6,0
before Dt clean,70.94,0.340000000000003
Dt clean,70.94,0
BLUP,70.94,0
PEV,71.43,0.490000000000009
K normal,71.43,0
K set to 1,71,-0.430000000000007
Screening SNPs,71,0
GWAS done for this Trait,71,0
Post PreP3D,69.72,-1.28
cp start,70.18,0.460000000000008
Does this change memory0,69.74,-0.440000000000012
cp distance,69.75,0.0100000000000051
cp cluster,70.05,0.299999999999997
cp cutree,70.16,0.109999999999999
cp calculation original,70.54,0.38000000000001
cp calculation,70.54,0
PreP3D 2_cp,69.7,-0.840000000000003
PreP3D 2 bk,69.7,0
PreP3D 2 zc,69.67,-0.0300000000000011
Prio PreP3D,69.67,0
P3D Start,69.68,0.0100000000000051
eig.L,70.5,0.819999999999993
eig.R,71.09,0.590000000000003
REML,71.09,0
eig.R removed,70.5,-0.590000000000003
Trait,71.12,0.620000000000005
REML,71.12,0
eig.R removed,71.12,0
REMLE removed,71.12,0
U Matrix,71.12,0
eig.L removed,70.53,-0.590000000000003
New Genotype file,70.53,0
Before cleaning,70.53,0
After cleaning,70.53,0
Memory allocation,70.53,0
ReducdModel,70.53,0
before Dt clean,70.83,0.299999999999997
Dt clean,70.83,0
BLUP,70.83,0
PEV,71.23,0.400000000000006
K normal,71.23,0
K set to 1,70.86,-0.370000000000005
Screening SNPs,70.86,0
GWAS done for this Trait,70.86,0
Post PreP3D,69.67,-1.19
cp start,70.13,0.459999999999994
Does this change memory0,69.69,-0.439999999999998
cp distance,69.69,0
cp cluster,70,0.310000000000002
cp cutree,70.1,0.0999999999999943
cp calculation original,70.42,0.320000000000007
cp calculation,70.42,0
PreP3D 2_cp,69.65,-0.769999999999996
PreP3D 2 bk,69.65,0
PreP3D 2 zc,69.62,-0.0300000000000011
Prio PreP3D,69.62,0
P3D Start,69.63,0.00999999999999091
eig.L,70.43,0.800000000000011
eig.R,71.02,0.589999999999989
REML,71.02,0
eig.R removed,70.43,-0.589999999999989
Trait,71.05,0.61999999999999
REML,71.05,0
eig.R removed,71.05,0
REMLE removed,71.05,0
U Matrix,71.05,0
eig.L removed,70.46,-0.590000000000003
New Genotype file,70.46,0
Before cleaning,70.46,0
After cleaning,70.46,0
Memory allocation,70.46,0
ReducdModel,70.46,0
before Dt clean,70.73,0.27000000000001
Dt clean,70.72,-0.0100000000000051
BLUP,70.72,0
PEV,71.06,0.340000000000003
K normal,71.06,0
K set to 1,70.73,-0.329999999999998
Screening SNPs,70.73,0
GWAS done for this Trait,70.73,0
Post PreP3D,69.62,-1.11
cp start,70.08,0.459999999999994
Does this change memory0,69.64,-0.439999999999998
cp distance,69.65,0.0100000000000051
cp cluster,69.95,0.299999999999997
cp cutree,70.04,0.0900000000000034
cp calculation original,70.32,0.279999999999987
cp calculation,70.32,0
PreP3D 2_cp,69.61,-0.709999999999994
PreP3D 2 bk,69.6,-0.0100000000000051
PreP3D 2 zc,69.58,-0.019999999999996
Prio PreP3D,69.58,0
P3D Start,69.59,0.0100000000000051
eig.L,70.37,0.780000000000001
eig.R,70.95,0.579999999999998
REML,70.95,0
eig.R removed,70.37,-0.579999999999998
Trait,70.98,0.609999999999999
REML,70.98,0
eig.R removed,70.98,0
REMLE removed,70.98,0
U Matrix,70.98,0
eig.L removed,70.39,-0.590000000000003
New Genotype file,70.39,0
Before cleaning,70.39,0
After cleaning,70.39,0
Memory allocation,70.39,0
ReducdModel,70.39,0
before Dt clean,70.62,0.230000000000004
Dt clean,70.62,0
BLUP,70.62,0
PEV,70.89,0.269999999999996
K normal,70.89,0
K set to 1,70.61,-0.280000000000001
Screening SNPs,70.61,0
GWAS done for this Trait,70.61,0
Post PreP3D,69.57,-1.04000000000001
cp start,70.03,0.460000000000008
Does this change memory0,69.6,-0.430000000000007
cp distance,69.6,0
cp cluster,69.91,0.310000000000002
cp cutree,69.99,0.0799999999999983
cp calculation original,70.22,0.230000000000004
cp calculation,70.22,0
PreP3D 2_cp,69.56,-0.659999999999997
PreP3D 2 bk,69.56,0
PreP3D 2 zc,69.54,-0.019999999999996
Prio PreP3D,69.54,0
P3D Start,69.54,0
eig.L,70.3,0.759999999999991
eig.R,70.89,0.590000000000003
REML,70.89,0
eig.R removed,70.3,-0.590000000000003
Trait,70.92,0.620000000000005
REML,70.92,0
eig.R removed,70.92,0
REMLE removed,70.92,0
U Matrix,70.92,0
eig.L removed,70.33,-0.590000000000003
New Genotype file,70.33,0
Before cleaning,70.33,0
After cleaning,70.33,0
Memory allocation,70.33,0
ReducdModel,70.33,0
before Dt clean,70.53,0.200000000000003
Dt clean,70.53,0
BLUP,70.53,0
PEV,70.73,0.200000000000003
K normal,70.73,0
K set to 1,70.5,-0.230000000000004
Screening SNPs,70.5,0
GWAS done for this Trait,70.5,0
Post PreP3D,69.53,-0.969999999999999
cp start,69.99,0.459999999999994
Does this change memory0,69.56,-0.429999999999993
cp distance,69.56,0
cp cluster,69.87,0.310000000000002
cp cutree,69.93,0.0600000000000023
cp calculation original,70.12,0.189999999999998
cp calculation,70.12,0
PreP3D 2_cp,69.52,-0.600000000000009
PreP3D 2 bk,69.52,0
PreP3D 2 zc,69.5,-0.019999999999996
Prio PreP3D,69.5,0
P3D Start,69.51,0.0100000000000051
eig.L,70.24,0.72999999999999
eig.R,70.83,0.590000000000003
REML,70.83,0
eig.R removed,70.24,-0.590000000000003
Trait,70.86,0.620000000000005
REML,70.86,0
eig.R removed,70.86,0
REMLE removed,70.86,0
U Matrix,70.86,0
eig.L removed,70.27,-0.590000000000003
New Genotype file,70.27,0
Before cleaning,70.27,0
After cleaning,70.27,0
Memory allocation,70.27,0
ReducdModel,70.27,0
before Dt clean,70.44,0.170000000000002
Dt clean,70.43,-0.00999999999999091
BLUP,70.43,0
PEV,70.59,0.159999999999997
K normal,70.59,0
K set to 1,70.4,-0.189999999999998
Screening SNPs,70.4,0
GWAS done for this Trait,70.4,0
Post PreP3D,69.49,-0.910000000000011
cp start,69.95,0.460000000000008
Does this change memory0,69.52,-0.430000000000007
cp distance,69.52,0
cp cluster,69.83,0.310000000000002
cp cutree,69.88,0.0499999999999972
cp calculation original,70.03,0.150000000000006
cp calculation,70.03,0
PreP3D 2_cp,69.48,-0.549999999999997
PreP3D 2 bk,69.48,0
PreP3D 2 zc,69.46,-0.0200000000000102
Prio PreP3D,69.46,0
P3D Start,69.47,0.0100000000000051
eig.L,70.18,0.710000000000008
eig.R,70.77,0.589999999999989
REML,70.77,0
eig.R removed,70.18,-0.589999999999989
Trait,70.8,0.61999999999999
REML,70.8,0
eig.R removed,70.8,0
REMLE removed,70.8,0
U Matrix,70.8,0
eig.L removed,70.21,-0.590000000000003
New Genotype file,70.21,0
Before cleaning,70.21,0
After cleaning,70.21,0
Memory allocation,70.21,0
ReducdModel,70.21,0
before Dt clean,70.35,0.140000000000001
Dt clean,70.35,0
BLUP,70.35,0
PEV,70.46,0.109999999999999
K normal,70.46,0
K set to 1,70.31,-0.149999999999991
Screening SNPs,70.31,0
GWAS done for this Trait,70.31,0
Post PreP3D,69.45,-0.859999999999999
cp start,69.91,0.459999999999994
Does this change memory0,69.48,-0.429999999999993
cp distance,69.48,0
cp cluster,69.79,0.310000000000002
cp cutree,69.84,0.0499999999999972
cp calculation original,69.95,0.109999999999999
cp calculation,69.95,0
PreP3D 2_cp,69.44,-0.510000000000005
PreP3D 2 bk,69.45,0.0100000000000051
PreP3D 2 zc,69.43,-0.019999999999996
Prio PreP3D,69.43,0
P3D Start,69.44,0.00999999999999091
eig.L,70.13,0.689999999999998
eig.R,70.72,0.590000000000003
REML,70.72,0
eig.R removed,70.13,-0.590000000000003
Trait,70.75,0.620000000000005
REML,70.75,0
eig.R removed,70.75,0
REMLE removed,70.75,0
U Matrix,70.75,0
eig.L removed,70.15,-0.599999999999994
New Genotype file,70.15,0
Before cleaning,70.16,0.00999999999999091
After cleaning,70.16,0
Memory allocation,70.16,0
ReducdModel,70.16,0
before Dt clean,70.27,0.109999999999999
Dt clean,70.26,-0.00999999999999091
BLUP,70.26,0
PEV,70.34,0.0799999999999983
K normal,70.34,0
K set to 1,70.23,-0.109999999999999
Screening SNPs,70.23,0
GWAS done for this Trait,70.23,0
Post PreP3D,69.42,-0.810000000000002
cp start,69.88,0.459999999999994
Does this change memory0,69.45,-0.429999999999993
cp distance,69.45,0
cp cluster,69.76,0.310000000000002
cp cutree,69.79,0.0300000000000011
cp calculation original,69.87,0.0799999999999983
cp calculation,69.87,0
PreP3D 2_cp,69.41,-0.460000000000008
PreP3D 2 bk,69.41,0
PreP3D 2 zc,69.39,-0.019999999999996
Prio PreP3D,69.39,0
P3D Start,69.4,0.0100000000000051
eig.L,70.08,0.679999999999993
eig.R,70.66,0.579999999999998
REML,70.66,0
eig.R removed,70.08,-0.579999999999998
Trait,70.7,0.620000000000005
REML,70.7,0
eig.R removed,70.7,0
REMLE removed,70.7,0
U Matrix,70.7,0
eig.L removed,70.1,-0.600000000000009
New Genotype file,70.1,0
Before cleaning,70.1,0
After cleaning,70.1,0
Memory allocation,70.1,0
ReducdModel,70.11,0.0100000000000051
before Dt clean,70.19,0.0799999999999983
Dt clean,70.18,-0.00999999999999091
BLUP,70.18,0
PEV,70.23,0.0499999999999972
K normal,70.23,0
K set to 1,70.15,-0.0799999999999983
Screening SNPs,70.15,0
GWAS done for this Trait,70.15,0
Post PreP3D,69.38,-0.77000000000001
cp start,73.14,3.76000000000001
Does this change memory0,69.45,-3.69
cp distance,69.45,0
cp cluster,69.76,0.310000000000002
cp cutree,70.05,0.289999999999992
cp calculation original,71.76,1.71000000000001
cp calculation,71.76,0
PreP3D 2_cp,69.98,-1.78
PreP3D 2 bk,70.54,0.560000000000002
PreP3D 2 zc,71.06,0.519999999999996
GWAS,72.47,1.41
Final,71.89,-0.579999999999998
GPS,71.9,0.0100000000000051
Compression.Visualization,71.9,0
Extract p3d results,71.9,0
Extract GWAS start,71.91,0.00999999999999091
MAF filtered,72.09,0.180000000000007
Multiple Correction,72.27,0.179999999999993
QQ plot,72.79,0.52000000000001
Manhattan plot,72.31,-0.480000000000004
Extract GWAS end,72.59,0.280000000000001
Report,72.59,0
